--
-- PostgreSQL database dump
--

SET statement_timeout = 0;
SET client_encoding = 'UTF8';
SET standard_conforming_strings = on;
SET check_function_bodies = false;
SET client_min_messages = warning;

SET search_path = public, pg_catalog;

--
-- Data for Name: act_types; Type: TABLE DATA; Schema: public; Owner: ode
--

COPY act_types (id, name) FROM stdin;
1	Инвентаризационная опись основных средств
2	Инвентаризационная опись нематериальных активов
3	Инвентаризационная опись товарно-материальных ценностей
4	Акт инвентаризации незаконченных ремонтов основных средств
5	Акт инвентаризации расходов будущих периодов
6	Акт инвентаризации наличных денежных средств
7	Инвентаризационная опись ценных бумаг и бланков документов строгой отчетности
8	Акт инвентаризации расчетов с покупателями, поставщиками и прочими дебиторами и кредиторами
9	Сличительная ведомость результатов инвентаризации основных средств
10	Сличительная ведомость результатов инвентаризации товарно-материальных ценностей
11	Приказ о проведении инвентаризации
12	Журнал учета контроля за выполнением приказов о проведении инвентаризации
13	Акт о контрольной проверке правильности проведения инвентаризации ценностей
14	Журнал учета контрольных проверок правильности проведения инвентаризаций
\.


--
-- Name: act_types_id_seq; Type: SEQUENCE SET; Schema: public; Owner: ode
--

SELECT pg_catalog.setval('act_types_id_seq', 14, true);


--
-- Data for Name: comments; Type: TABLE DATA; Schema: public; Owner: ode
--

COPY comments (id, body, user_id, equipment_id, created_at, updated_at) FROM stdin;
1	test comment #1	3	1	2013-06-14 17:23:27.788017	2013-06-14 17:23:27.788017
2	test comment #2	4	1	2013-06-14 17:23:27.793688	2013-06-14 17:23:27.793688
3	test comment #3	16	1	2013-06-14 17:23:27.797958	2013-06-14 17:23:27.797958
4	test comment #4	8	2	2013-06-14 17:23:27.801349	2013-06-14 17:23:27.801349
5	test comment #5	20	2	2013-06-14 17:23:27.804999	2013-06-14 17:23:27.804999
6	test comment #6	1	2	2013-06-14 17:23:27.808941	2013-06-14 17:23:27.808941
7	test comment #7	8	3	2013-06-14 17:23:27.812876	2013-06-14 17:23:27.812876
8	test comment #8	3	3	2013-06-14 17:23:27.816951	2013-06-14 17:23:27.816951
9	test comment #9	20	3	2013-06-14 17:23:27.821067	2013-06-14 17:23:27.821067
10	test comment #10	16	4	2013-06-14 17:23:27.825296	2013-06-14 17:23:27.825296
11	test comment #11	16	4	2013-06-14 17:23:27.829639	2013-06-14 17:23:27.829639
12	test comment #12	20	4	2013-06-14 17:23:27.833819	2013-06-14 17:23:27.833819
13	test comment #13	20	5	2013-06-14 17:23:27.838193	2013-06-14 17:23:27.838193
14	test comment #14	13	5	2013-06-14 17:23:27.842644	2013-06-14 17:23:27.842644
15	test comment #15	4	5	2013-06-14 17:23:27.847189	2013-06-14 17:23:27.847189
16	test comment #16	13	6	2013-06-14 17:23:27.851362	2013-06-14 17:23:27.851362
17	test comment #17	19	6	2013-06-14 17:23:27.8554	2013-06-14 17:23:27.8554
18	test comment #18	20	6	2013-06-14 17:23:27.859309	2013-06-14 17:23:27.859309
19	test comment #19	19	7	2013-06-14 17:23:27.863418	2013-06-14 17:23:27.863418
20	test comment #20	20	7	2013-06-14 17:23:27.867717	2013-06-14 17:23:27.867717
21	test comment #21	4	7	2013-06-14 17:23:27.871969	2013-06-14 17:23:27.871969
22	test comment #22	14	8	2013-06-14 17:23:27.876297	2013-06-14 17:23:27.876297
23	test comment #23	13	8	2013-06-14 17:23:27.880398	2013-06-14 17:23:27.880398
24	test comment #24	19	8	2013-06-14 17:23:27.884674	2013-06-14 17:23:27.884674
25	test comment #25	13	9	2013-06-14 17:23:27.88867	2013-06-14 17:23:27.88867
26	test comment #26	19	9	2013-06-14 17:23:27.89255	2013-06-14 17:23:27.89255
27	test comment #27	16	9	2013-06-14 17:23:27.896566	2013-06-14 17:23:27.896566
28	test comment #28	19	10	2013-06-14 17:23:27.901033	2013-06-14 17:23:27.901033
29	test comment #29	20	10	2013-06-14 17:23:27.905321	2013-06-14 17:23:27.905321
30	test comment #30	20	10	2013-06-14 17:23:27.909818	2013-06-14 17:23:27.909818
31	test comment #31	4	11	2013-06-14 17:23:27.934654	2013-06-14 17:23:27.934654
32	test comment #32	20	11	2013-06-14 17:23:27.939146	2013-06-14 17:23:27.939146
33	test comment #33	20	11	2013-06-14 17:23:27.944539	2013-06-14 17:23:27.944539
34	test comment #34	19	12	2013-06-14 17:23:27.94849	2013-06-14 17:23:27.94849
35	test comment #35	8	12	2013-06-14 17:23:27.95423	2013-06-14 17:23:27.95423
36	test comment #36	3	12	2013-06-14 17:23:27.959624	2013-06-14 17:23:27.959624
37	test comment #37	13	13	2013-06-14 17:23:27.964659	2013-06-14 17:23:27.964659
38	test comment #38	20	13	2013-06-14 17:23:27.969837	2013-06-14 17:23:27.969837
39	test comment #39	4	13	2013-06-14 17:23:27.974393	2013-06-14 17:23:27.974393
40	test comment #40	3	14	2013-06-14 17:23:27.979424	2013-06-14 17:23:27.979424
41	test comment #41	14	14	2013-06-14 17:23:28.016372	2013-06-14 17:23:28.016372
42	test comment #42	19	14	2013-06-14 17:23:28.019578	2013-06-14 17:23:28.019578
43	test comment #43	1	15	2013-06-14 17:23:28.02187	2013-06-14 17:23:28.02187
44	test comment #44	16	15	2013-06-14 17:23:28.023996	2013-06-14 17:23:28.023996
45	test comment #45	1	15	2013-06-14 17:23:28.026378	2013-06-14 17:23:28.026378
46	test comment #46	4	16	2013-06-14 17:23:28.028503	2013-06-14 17:23:28.028503
47	test comment #47	20	16	2013-06-14 17:23:28.031345	2013-06-14 17:23:28.031345
48	test comment #48	19	16	2013-06-14 17:23:28.035612	2013-06-14 17:23:28.035612
49	test comment #49	19	17	2013-06-14 17:23:28.039789	2013-06-14 17:23:28.039789
50	test comment #50	16	17	2013-06-14 17:23:28.043614	2013-06-14 17:23:28.043614
51	test comment #51	20	17	2013-06-14 17:23:28.047635	2013-06-14 17:23:28.047635
52	test comment #52	19	18	2013-06-14 17:23:28.051838	2013-06-14 17:23:28.051838
53	test comment #53	8	18	2013-06-14 17:23:28.056536	2013-06-14 17:23:28.056536
54	test comment #54	3	18	2013-06-14 17:23:28.061203	2013-06-14 17:23:28.061203
55	test comment #55	3	19	2013-06-14 17:23:28.065494	2013-06-14 17:23:28.065494
56	test comment #56	20	19	2013-06-14 17:23:28.070033	2013-06-14 17:23:28.070033
57	test comment #57	4	19	2013-06-14 17:23:28.074404	2013-06-14 17:23:28.074404
58	test comment #58	3	20	2013-06-14 17:23:28.078494	2013-06-14 17:23:28.078494
59	test comment #59	13	20	2013-06-14 17:23:28.082604	2013-06-14 17:23:28.082604
60	test comment #60	1	20	2013-06-14 17:23:28.087135	2013-06-14 17:23:28.087135
61	test comment #61	4	21	2013-06-14 17:23:28.091563	2013-06-14 17:23:28.091563
62	test comment #62	20	21	2013-06-14 17:23:28.095802	2013-06-14 17:23:28.095802
63	test comment #63	16	21	2013-06-14 17:23:28.099754	2013-06-14 17:23:28.099754
64	test comment #64	13	22	2013-06-14 17:23:28.104126	2013-06-14 17:23:28.104126
65	test comment #65	4	22	2013-06-14 17:23:28.108619	2013-06-14 17:23:28.108619
66	test comment #66	16	22	2013-06-14 17:23:28.112905	2013-06-14 17:23:28.112905
67	test comment #67	3	23	2013-06-14 17:23:28.117334	2013-06-14 17:23:28.117334
68	test comment #68	14	23	2013-06-14 17:23:28.121744	2013-06-14 17:23:28.121744
69	test comment #69	14	23	2013-06-14 17:23:28.126181	2013-06-14 17:23:28.126181
70	test comment #70	14	24	2013-06-14 17:23:28.130595	2013-06-14 17:23:28.130595
71	test comment #71	3	24	2013-06-14 17:23:28.135162	2013-06-14 17:23:28.135162
72	test comment #72	16	24	2013-06-14 17:23:28.139723	2013-06-14 17:23:28.139723
73	test comment #73	16	25	2013-06-14 17:23:28.144021	2013-06-14 17:23:28.144021
74	test comment #74	1	25	2013-06-14 17:23:28.148254	2013-06-14 17:23:28.148254
75	test comment #75	3	25	2013-06-14 17:23:28.152345	2013-06-14 17:23:28.152345
76	test comment #76	1	26	2013-06-14 17:23:28.156448	2013-06-14 17:23:28.156448
77	test comment #77	8	26	2013-06-14 17:23:28.160843	2013-06-14 17:23:28.160843
78	test comment #78	16	26	2013-06-14 17:23:28.165228	2013-06-14 17:23:28.165228
79	test comment #79	4	27	2013-06-14 17:23:28.169161	2013-06-14 17:23:28.169161
80	test comment #80	1	27	2013-06-14 17:23:28.173522	2013-06-14 17:23:28.173522
81	test comment #81	16	27	2013-06-14 17:23:28.177892	2013-06-14 17:23:28.177892
82	test comment #82	20	28	2013-06-14 17:23:28.182283	2013-06-14 17:23:28.182283
83	test comment #83	1	28	2013-06-14 17:23:28.186331	2013-06-14 17:23:28.186331
84	test comment #84	3	28	2013-06-14 17:23:28.190212	2013-06-14 17:23:28.190212
85	test comment #85	4	29	2013-06-14 17:23:28.194025	2013-06-14 17:23:28.194025
86	test comment #86	20	29	2013-06-14 17:23:28.198048	2013-06-14 17:23:28.198048
87	test comment #87	14	29	2013-06-14 17:23:28.20196	2013-06-14 17:23:28.20196
88	test comment #88	19	30	2013-06-14 17:23:28.205708	2013-06-14 17:23:28.205708
89	test comment #89	20	30	2013-06-14 17:23:28.210182	2013-06-14 17:23:28.210182
90	test comment #90	19	30	2013-06-14 17:23:28.214079	2013-06-14 17:23:28.214079
91	test comment #91	4	31	2013-06-14 17:23:28.218037	2013-06-14 17:23:28.218037
92	test comment #92	13	31	2013-06-14 17:23:28.222357	2013-06-14 17:23:28.222357
93	test comment #93	3	31	2013-06-14 17:23:28.226803	2013-06-14 17:23:28.226803
94	test comment #94	4	32	2013-06-14 17:23:28.231087	2013-06-14 17:23:28.231087
95	test comment #95	19	32	2013-06-14 17:23:28.234943	2013-06-14 17:23:28.234943
96	test comment #96	19	32	2013-06-14 17:23:28.239271	2013-06-14 17:23:28.239271
97	test comment #97	3	33	2013-06-14 17:23:28.243439	2013-06-14 17:23:28.243439
98	test comment #98	16	33	2013-06-14 17:23:28.247661	2013-06-14 17:23:28.247661
99	test comment #99	8	33	2013-06-14 17:23:28.252014	2013-06-14 17:23:28.252014
100	test comment #100	16	34	2013-06-14 17:23:28.25593	2013-06-14 17:23:28.25593
101	test comment #101	16	34	2013-06-14 17:23:28.25975	2013-06-14 17:23:28.25975
102	test comment #102	13	34	2013-06-14 17:23:28.263731	2013-06-14 17:23:28.263731
103	test comment #103	1	35	2013-06-14 17:23:28.267906	2013-06-14 17:23:28.267906
104	test comment #104	4	35	2013-06-14 17:23:28.272211	2013-06-14 17:23:28.272211
105	test comment #105	16	35	2013-06-14 17:23:28.276699	2013-06-14 17:23:28.276699
106	test comment #106	4	36	2013-06-14 17:23:28.281057	2013-06-14 17:23:28.281057
107	test comment #107	3	36	2013-06-14 17:23:28.285051	2013-06-14 17:23:28.285051
108	test comment #108	14	36	2013-06-14 17:23:28.289073	2013-06-14 17:23:28.289073
109	test comment #109	8	37	2013-06-14 17:23:28.293644	2013-06-14 17:23:28.293644
110	test comment #110	13	37	2013-06-14 17:23:28.298046	2013-06-14 17:23:28.298046
111	test comment #111	16	37	2013-06-14 17:23:28.302294	2013-06-14 17:23:28.302294
112	test comment #112	1	38	2013-06-14 17:23:28.30623	2013-06-14 17:23:28.30623
113	test comment #113	14	38	2013-06-14 17:23:28.310164	2013-06-14 17:23:28.310164
114	test comment #114	16	38	2013-06-14 17:23:28.314426	2013-06-14 17:23:28.314426
115	test comment #115	14	39	2013-06-14 17:23:28.318479	2013-06-14 17:23:28.318479
116	test comment #116	13	39	2013-06-14 17:23:28.322702	2013-06-14 17:23:28.322702
117	test comment #117	4	39	2013-06-14 17:23:28.326635	2013-06-14 17:23:28.326635
118	test comment #118	1	40	2013-06-14 17:23:28.33074	2013-06-14 17:23:28.33074
119	test comment #119	20	40	2013-06-14 17:23:28.33508	2013-06-14 17:23:28.33508
120	test comment #120	8	40	2013-06-14 17:23:28.339428	2013-06-14 17:23:28.339428
121	test comment #121	4	41	2013-06-14 17:23:28.343637	2013-06-14 17:23:28.343637
122	test comment #122	3	41	2013-06-14 17:23:28.346152	2013-06-14 17:23:28.346152
123	test comment #123	20	41	2013-06-14 17:23:28.348132	2013-06-14 17:23:28.348132
124	test comment #124	4	42	2013-06-14 17:23:28.350414	2013-06-14 17:23:28.350414
125	test comment #125	19	42	2013-06-14 17:23:28.352474	2013-06-14 17:23:28.352474
126	test comment #126	13	42	2013-06-14 17:23:28.354406	2013-06-14 17:23:28.354406
127	test comment #127	1	43	2013-06-14 17:23:28.356118	2013-06-14 17:23:28.356118
128	test comment #128	19	43	2013-06-14 17:23:28.357833	2013-06-14 17:23:28.357833
129	test comment #129	3	43	2013-06-14 17:23:28.359537	2013-06-14 17:23:28.359537
130	test comment #130	13	44	2013-06-14 17:23:28.3614	2013-06-14 17:23:28.3614
131	test comment #131	16	44	2013-06-14 17:23:28.363403	2013-06-14 17:23:28.363403
132	test comment #132	16	44	2013-06-14 17:23:28.365316	2013-06-14 17:23:28.365316
133	test comment #133	8	45	2013-06-14 17:23:28.367139	2013-06-14 17:23:28.367139
134	test comment #134	1	45	2013-06-14 17:23:28.369059	2013-06-14 17:23:28.369059
135	test comment #135	20	45	2013-06-14 17:23:28.371031	2013-06-14 17:23:28.371031
136	test comment #136	4	46	2013-06-14 17:23:28.372875	2013-06-14 17:23:28.372875
137	test comment #137	8	46	2013-06-14 17:23:28.374708	2013-06-14 17:23:28.374708
138	test comment #138	4	46	2013-06-14 17:23:28.376481	2013-06-14 17:23:28.376481
139	test comment #139	13	47	2013-06-14 17:23:28.378457	2013-06-14 17:23:28.378457
140	test comment #140	16	47	2013-06-14 17:23:28.380308	2013-06-14 17:23:28.380308
141	test comment #141	20	47	2013-06-14 17:23:28.383182	2013-06-14 17:23:28.383182
142	test comment #142	19	48	2013-06-14 17:23:28.38584	2013-06-14 17:23:28.38584
143	test comment #143	8	48	2013-06-14 17:23:28.38897	2013-06-14 17:23:28.38897
144	test comment #144	4	48	2013-06-14 17:23:28.392138	2013-06-14 17:23:28.392138
145	test comment #145	1	49	2013-06-14 17:23:28.396111	2013-06-14 17:23:28.396111
146	test comment #146	20	49	2013-06-14 17:23:28.400017	2013-06-14 17:23:28.400017
147	test comment #147	8	49	2013-06-14 17:23:28.404381	2013-06-14 17:23:28.404381
148	test comment #148	19	50	2013-06-14 17:23:28.408803	2013-06-14 17:23:28.408803
149	test comment #149	19	50	2013-06-14 17:23:28.412676	2013-06-14 17:23:28.412676
150	test comment #150	14	50	2013-06-14 17:23:28.416879	2013-06-14 17:23:28.416879
151	test comment #151	16	51	2013-06-14 17:23:28.421339	2013-06-14 17:23:28.421339
152	test comment #152	13	51	2013-06-14 17:23:28.425704	2013-06-14 17:23:28.425704
153	test comment #153	8	51	2013-06-14 17:23:28.429873	2013-06-14 17:23:28.429873
154	test comment #154	4	52	2013-06-14 17:23:28.433985	2013-06-14 17:23:28.433985
155	test comment #155	3	52	2013-06-14 17:23:28.437905	2013-06-14 17:23:28.437905
156	test comment #156	20	52	2013-06-14 17:23:28.441686	2013-06-14 17:23:28.441686
157	test comment #157	13	53	2013-06-14 17:23:28.445451	2013-06-14 17:23:28.445451
158	test comment #158	19	53	2013-06-14 17:23:28.449812	2013-06-14 17:23:28.449812
159	test comment #159	4	53	2013-06-14 17:23:28.454299	2013-06-14 17:23:28.454299
160	test comment #160	1	54	2013-06-14 17:23:28.458563	2013-06-14 17:23:28.458563
161	test comment #161	13	54	2013-06-14 17:23:28.462776	2013-06-14 17:23:28.462776
162	test comment #162	8	54	2013-06-14 17:23:28.466895	2013-06-14 17:23:28.466895
163	test comment #163	3	55	2013-06-14 17:23:28.471407	2013-06-14 17:23:28.471407
164	test comment #164	1	55	2013-06-14 17:23:28.475756	2013-06-14 17:23:28.475756
165	test comment #165	19	55	2013-06-14 17:23:28.479762	2013-06-14 17:23:28.479762
166	test comment #166	3	56	2013-06-14 17:23:28.484059	2013-06-14 17:23:28.484059
167	test comment #167	16	56	2013-06-14 17:23:28.488706	2013-06-14 17:23:28.488706
168	test comment #168	16	56	2013-06-14 17:23:28.492891	2013-06-14 17:23:28.492891
169	test comment #169	14	57	2013-06-14 17:23:28.496856	2013-06-14 17:23:28.496856
170	test comment #170	8	57	2013-06-14 17:23:28.501088	2013-06-14 17:23:28.501088
171	test comment #171	16	57	2013-06-14 17:23:28.505545	2013-06-14 17:23:28.505545
172	test comment #172	4	58	2013-06-14 17:23:28.509961	2013-06-14 17:23:28.509961
173	test comment #173	16	58	2013-06-14 17:23:28.514381	2013-06-14 17:23:28.514381
174	test comment #174	13	58	2013-06-14 17:23:28.518858	2013-06-14 17:23:28.518858
175	test comment #175	19	59	2013-06-14 17:23:28.522771	2013-06-14 17:23:28.522771
176	test comment #176	13	59	2013-06-14 17:23:28.526998	2013-06-14 17:23:28.526998
177	test comment #177	8	59	2013-06-14 17:23:28.531574	2013-06-14 17:23:28.531574
178	test comment #178	14	60	2013-06-14 17:23:28.536064	2013-06-14 17:23:28.536064
179	test comment #179	1	60	2013-06-14 17:23:28.540488	2013-06-14 17:23:28.540488
180	test comment #180	20	60	2013-06-14 17:23:28.544822	2013-06-14 17:23:28.544822
181	test comment #181	16	61	2013-06-14 17:23:28.549064	2013-06-14 17:23:28.549064
182	test comment #182	1	61	2013-06-14 17:23:28.553257	2013-06-14 17:23:28.553257
183	test comment #183	16	61	2013-06-14 17:23:28.557478	2013-06-14 17:23:28.557478
184	test comment #184	19	62	2013-06-14 17:23:28.561519	2013-06-14 17:23:28.561519
185	test comment #185	14	62	2013-06-14 17:23:28.565513	2013-06-14 17:23:28.565513
186	test comment #186	20	62	2013-06-14 17:23:28.569462	2013-06-14 17:23:28.569462
187	test comment #187	19	63	2013-06-14 17:23:28.573239	2013-06-14 17:23:28.573239
188	test comment #188	3	63	2013-06-14 17:23:28.577604	2013-06-14 17:23:28.577604
189	test comment #189	4	63	2013-06-14 17:23:28.582112	2013-06-14 17:23:28.582112
190	test comment #190	4	64	2013-06-14 17:23:28.586269	2013-06-14 17:23:28.586269
191	test comment #191	19	64	2013-06-14 17:23:28.590062	2013-06-14 17:23:28.590062
192	test comment #192	8	64	2013-06-14 17:23:28.593848	2013-06-14 17:23:28.593848
193	test comment #193	13	65	2013-06-14 17:23:28.59761	2013-06-14 17:23:28.59761
194	test comment #194	16	65	2013-06-14 17:23:28.601305	2013-06-14 17:23:28.601305
195	test comment #195	1	65	2013-06-14 17:23:28.605432	2013-06-14 17:23:28.605432
196	test comment #196	19	66	2013-06-14 17:23:28.628671	2013-06-14 17:23:28.628671
197	test comment #197	20	66	2013-06-14 17:23:28.631538	2013-06-14 17:23:28.631538
198	test comment #198	8	66	2013-06-14 17:23:28.633833	2013-06-14 17:23:28.633833
199	test comment #199	20	67	2013-06-14 17:23:28.636074	2013-06-14 17:23:28.636074
200	test comment #200	19	67	2013-06-14 17:23:28.64045	2013-06-14 17:23:28.64045
201	test comment #201	20	67	2013-06-14 17:23:28.643404	2013-06-14 17:23:28.643404
202	test comment #202	16	68	2013-06-14 17:23:28.647616	2013-06-14 17:23:28.647616
203	test comment #203	3	68	2013-06-14 17:23:28.652398	2013-06-14 17:23:28.652398
204	test comment #204	3	68	2013-06-14 17:23:28.657738	2013-06-14 17:23:28.657738
205	test comment #205	20	69	2013-06-14 17:23:28.663078	2013-06-14 17:23:28.663078
206	test comment #206	20	69	2013-06-14 17:23:28.66848	2013-06-14 17:23:28.66848
207	test comment #207	20	69	2013-06-14 17:23:28.673579	2013-06-14 17:23:28.673579
208	test comment #208	1	70	2013-06-14 17:23:28.678441	2013-06-14 17:23:28.678441
209	test comment #209	13	70	2013-06-14 17:23:28.683263	2013-06-14 17:23:28.683263
210	test comment #210	8	70	2013-06-14 17:23:28.688163	2013-06-14 17:23:28.688163
211	test comment #211	13	71	2013-06-14 17:23:28.693051	2013-06-14 17:23:28.693051
212	test comment #212	4	71	2013-06-14 17:23:28.697964	2013-06-14 17:23:28.697964
213	test comment #213	1	71	2013-06-14 17:23:28.703255	2013-06-14 17:23:28.703255
214	test comment #214	19	72	2013-06-14 17:23:28.708027	2013-06-14 17:23:28.708027
215	test comment #215	1	72	2013-06-14 17:23:28.712845	2013-06-14 17:23:28.712845
216	test comment #216	1	72	2013-06-14 17:23:28.717798	2013-06-14 17:23:28.717798
217	test comment #217	4	73	2013-06-14 17:23:28.722729	2013-06-14 17:23:28.722729
218	test comment #218	16	73	2013-06-14 17:23:28.727902	2013-06-14 17:23:28.727902
219	test comment #219	1	73	2013-06-14 17:23:28.73296	2013-06-14 17:23:28.73296
220	test comment #220	1	74	2013-06-14 17:23:28.738102	2013-06-14 17:23:28.738102
221	test comment #221	13	74	2013-06-14 17:23:28.743095	2013-06-14 17:23:28.743095
222	test comment #222	13	74	2013-06-14 17:23:28.747677	2013-06-14 17:23:28.747677
223	test comment #223	1	75	2013-06-14 17:23:28.752924	2013-06-14 17:23:28.752924
224	test comment #224	8	75	2013-06-14 17:23:28.758383	2013-06-14 17:23:28.758383
225	test comment #225	1	75	2013-06-14 17:23:28.763561	2013-06-14 17:23:28.763561
226	test comment #226	1	76	2013-06-14 17:23:28.768502	2013-06-14 17:23:28.768502
227	test comment #227	3	76	2013-06-14 17:23:28.773246	2013-06-14 17:23:28.773246
228	test comment #228	16	76	2013-06-14 17:23:28.778012	2013-06-14 17:23:28.778012
229	test comment #229	16	77	2013-06-14 17:23:28.782817	2013-06-14 17:23:28.782817
230	test comment #230	8	77	2013-06-14 17:23:28.787726	2013-06-14 17:23:28.787726
231	test comment #231	8	77	2013-06-14 17:23:28.793186	2013-06-14 17:23:28.793186
232	test comment #232	8	78	2013-06-14 17:23:28.79819	2013-06-14 17:23:28.79819
233	test comment #233	4	78	2013-06-14 17:23:28.802974	2013-06-14 17:23:28.802974
234	test comment #234	14	78	2013-06-14 17:23:28.808345	2013-06-14 17:23:28.808345
235	test comment #235	3	79	2013-06-14 17:23:28.813005	2013-06-14 17:23:28.813005
236	test comment #236	14	79	2013-06-14 17:23:28.817815	2013-06-14 17:23:28.817815
237	test comment #237	1	79	2013-06-14 17:23:28.823035	2013-06-14 17:23:28.823035
238	test comment #238	3	80	2013-06-14 17:23:28.828545	2013-06-14 17:23:28.828545
239	test comment #239	8	80	2013-06-14 17:23:28.83392	2013-06-14 17:23:28.83392
240	test comment #240	8	80	2013-06-14 17:23:28.839261	2013-06-14 17:23:28.839261
241	test comment #241	13	81	2013-06-14 17:23:28.844603	2013-06-14 17:23:28.844603
242	test comment #242	13	81	2013-06-14 17:23:28.849864	2013-06-14 17:23:28.849864
243	test comment #243	3	81	2013-06-14 17:23:28.855437	2013-06-14 17:23:28.855437
244	test comment #244	14	82	2013-06-14 17:23:28.860858	2013-06-14 17:23:28.860858
245	test comment #245	14	82	2013-06-14 17:23:28.866111	2013-06-14 17:23:28.866111
246	test comment #246	16	82	2013-06-14 17:23:28.871092	2013-06-14 17:23:28.871092
247	test comment #247	1	83	2013-06-14 17:23:28.875878	2013-06-14 17:23:28.875878
248	test comment #248	13	83	2013-06-14 17:23:28.880613	2013-06-14 17:23:28.880613
249	test comment #249	14	83	2013-06-14 17:23:28.886033	2013-06-14 17:23:28.886033
250	test comment #250	14	84	2013-06-14 17:23:28.891311	2013-06-14 17:23:28.891311
251	test comment #251	16	84	2013-06-14 17:23:28.896747	2013-06-14 17:23:28.896747
252	test comment #252	3	84	2013-06-14 17:23:28.901624	2013-06-14 17:23:28.901624
253	test comment #253	16	85	2013-06-14 17:23:28.90644	2013-06-14 17:23:28.90644
254	test comment #254	8	85	2013-06-14 17:23:28.91111	2013-06-14 17:23:28.91111
255	test comment #255	4	85	2013-06-14 17:23:28.916556	2013-06-14 17:23:28.916556
256	test comment #256	3	86	2013-06-14 17:23:28.921736	2013-06-14 17:23:28.921736
257	test comment #257	13	86	2013-06-14 17:23:28.926878	2013-06-14 17:23:28.926878
258	test comment #258	3	86	2013-06-14 17:23:28.93209	2013-06-14 17:23:28.93209
259	test comment #259	1	87	2013-06-14 17:23:28.936922	2013-06-14 17:23:28.936922
260	test comment #260	4	87	2013-06-14 17:23:28.94222	2013-06-14 17:23:28.94222
261	test comment #261	14	87	2013-06-14 17:23:28.947764	2013-06-14 17:23:28.947764
262	test comment #262	4	88	2013-06-14 17:23:28.952807	2013-06-14 17:23:28.952807
263	test comment #263	3	88	2013-06-14 17:23:28.958442	2013-06-14 17:23:28.958442
264	test comment #264	19	88	2013-06-14 17:23:28.96362	2013-06-14 17:23:28.96362
265	test comment #265	8	89	2013-06-14 17:23:28.968786	2013-06-14 17:23:28.968786
266	test comment #266	8	89	2013-06-14 17:23:28.973992	2013-06-14 17:23:28.973992
267	test comment #267	8	89	2013-06-14 17:23:28.979477	2013-06-14 17:23:28.979477
268	test comment #268	20	90	2013-06-14 17:23:28.98459	2013-06-14 17:23:28.98459
269	test comment #269	1	90	2013-06-14 17:23:28.989475	2013-06-14 17:23:28.989475
270	test comment #270	13	90	2013-06-14 17:23:28.994352	2013-06-14 17:23:28.994352
271	test comment #271	14	91	2013-06-14 17:23:28.999241	2013-06-14 17:23:28.999241
272	test comment #272	20	91	2013-06-14 17:23:29.004134	2013-06-14 17:23:29.004134
273	test comment #273	8	91	2013-06-14 17:23:29.009561	2013-06-14 17:23:29.009561
274	test comment #274	8	92	2013-06-14 17:23:29.014549	2013-06-14 17:23:29.014549
275	test comment #275	8	92	2013-06-14 17:23:29.019513	2013-06-14 17:23:29.019513
276	test comment #276	16	92	2013-06-14 17:23:29.024574	2013-06-14 17:23:29.024574
277	test comment #277	1	93	2013-06-14 17:23:29.029341	2013-06-14 17:23:29.029341
278	test comment #278	1	93	2013-06-14 17:23:29.03406	2013-06-14 17:23:29.03406
279	test comment #279	13	93	2013-06-14 17:23:29.039188	2013-06-14 17:23:29.039188
280	test comment #280	20	94	2013-06-14 17:23:29.044109	2013-06-14 17:23:29.044109
281	test comment #281	8	94	2013-06-14 17:23:29.082058	2013-06-14 17:23:29.082058
282	test comment #282	20	94	2013-06-14 17:23:29.084249	2013-06-14 17:23:29.084249
283	test comment #283	20	95	2013-06-14 17:23:29.086233	2013-06-14 17:23:29.086233
284	test comment #284	16	95	2013-06-14 17:23:29.08816	2013-06-14 17:23:29.08816
285	test comment #285	8	95	2013-06-14 17:23:29.089973	2013-06-14 17:23:29.089973
286	test comment #286	20	96	2013-06-14 17:23:29.091755	2013-06-14 17:23:29.091755
287	test comment #287	19	96	2013-06-14 17:23:29.093561	2013-06-14 17:23:29.093561
288	test comment #288	14	96	2013-06-14 17:23:29.095642	2013-06-14 17:23:29.095642
289	test comment #289	14	97	2013-06-14 17:23:29.098356	2013-06-14 17:23:29.098356
290	test comment #290	19	97	2013-06-14 17:23:29.100375	2013-06-14 17:23:29.100375
291	test comment #291	8	97	2013-06-14 17:23:29.102375	2013-06-14 17:23:29.102375
292	test comment #292	13	98	2013-06-14 17:23:29.104194	2013-06-14 17:23:29.104194
293	test comment #293	20	98	2013-06-14 17:23:29.106786	2013-06-14 17:23:29.106786
294	test comment #294	1	98	2013-06-14 17:23:29.109571	2013-06-14 17:23:29.109571
295	test comment #295	14	99	2013-06-14 17:23:29.112341	2013-06-14 17:23:29.112341
296	test comment #296	13	99	2013-06-14 17:23:29.115378	2013-06-14 17:23:29.115378
297	test comment #297	19	99	2013-06-14 17:23:29.119142	2013-06-14 17:23:29.119142
298	test comment #298	14	100	2013-06-14 17:23:29.122821	2013-06-14 17:23:29.122821
299	test comment #299	4	100	2013-06-14 17:23:29.126976	2013-06-14 17:23:29.126976
300	test comment #300	14	100	2013-06-14 17:23:29.13122	2013-06-14 17:23:29.13122
301	test comment #301	8	101	2013-06-14 17:23:29.135327	2013-06-14 17:23:29.135327
302	test comment #302	4	101	2013-06-14 17:23:29.139281	2013-06-14 17:23:29.139281
303	test comment #303	4	101	2013-06-14 17:23:29.143456	2013-06-14 17:23:29.143456
304	test comment #304	3	102	2013-06-14 17:23:29.147551	2013-06-14 17:23:29.147551
305	test comment #305	1	102	2013-06-14 17:23:29.151527	2013-06-14 17:23:29.151527
306	test comment #306	8	102	2013-06-14 17:23:29.155823	2013-06-14 17:23:29.155823
307	test comment #307	4	103	2013-06-14 17:23:29.160233	2013-06-14 17:23:29.160233
308	test comment #308	4	103	2013-06-14 17:23:29.164559	2013-06-14 17:23:29.164559
309	test comment #309	13	103	2013-06-14 17:23:29.168983	2013-06-14 17:23:29.168983
310	test comment #310	13	104	2013-06-14 17:23:29.172902	2013-06-14 17:23:29.172902
311	test comment #311	19	104	2013-06-14 17:23:29.176733	2013-06-14 17:23:29.176733
312	test comment #312	3	104	2013-06-14 17:23:29.180847	2013-06-14 17:23:29.180847
313	test comment #313	13	105	2013-06-14 17:23:29.184998	2013-06-14 17:23:29.184998
314	test comment #314	16	105	2013-06-14 17:23:29.189398	2013-06-14 17:23:29.189398
315	test comment #315	19	105	2013-06-14 17:23:29.193356	2013-06-14 17:23:29.193356
316	test comment #316	14	106	2013-06-14 17:23:29.197355	2013-06-14 17:23:29.197355
317	test comment #317	19	106	2013-06-14 17:23:29.201135	2013-06-14 17:23:29.201135
318	test comment #318	3	106	2013-06-14 17:23:29.205057	2013-06-14 17:23:29.205057
319	test comment #319	14	107	2013-06-14 17:23:29.209243	2013-06-14 17:23:29.209243
320	test comment #320	20	107	2013-06-14 17:23:29.213432	2013-06-14 17:23:29.213432
321	test comment #321	3	107	2013-06-14 17:23:29.217569	2013-06-14 17:23:29.217569
322	test comment #322	3	108	2013-06-14 17:23:29.22203	2013-06-14 17:23:29.22203
323	test comment #323	19	108	2013-06-14 17:23:29.226555	2013-06-14 17:23:29.226555
324	test comment #324	3	108	2013-06-14 17:23:29.231036	2013-06-14 17:23:29.231036
325	test comment #325	20	109	2013-06-14 17:23:29.235433	2013-06-14 17:23:29.235433
326	test comment #326	13	109	2013-06-14 17:23:29.239387	2013-06-14 17:23:29.239387
327	test comment #327	14	109	2013-06-14 17:23:29.244202	2013-06-14 17:23:29.244202
328	test comment #328	1	110	2013-06-14 17:23:29.249012	2013-06-14 17:23:29.249012
329	test comment #329	8	110	2013-06-14 17:23:29.252989	2013-06-14 17:23:29.252989
330	test comment #330	8	110	2013-06-14 17:23:29.257036	2013-06-14 17:23:29.257036
331	test comment #331	16	111	2013-06-14 17:23:29.261329	2013-06-14 17:23:29.261329
332	test comment #332	4	111	2013-06-14 17:23:29.26535	2013-06-14 17:23:29.26535
333	test comment #333	4	111	2013-06-14 17:23:29.26922	2013-06-14 17:23:29.26922
334	test comment #334	8	112	2013-06-14 17:23:29.273213	2013-06-14 17:23:29.273213
335	test comment #335	19	112	2013-06-14 17:23:29.277308	2013-06-14 17:23:29.277308
336	test comment #336	1	112	2013-06-14 17:23:29.281622	2013-06-14 17:23:29.281622
337	test comment #337	1	113	2013-06-14 17:23:29.285872	2013-06-14 17:23:29.285872
338	test comment #338	8	113	2013-06-14 17:23:29.289851	2013-06-14 17:23:29.289851
339	test comment #339	8	113	2013-06-14 17:23:29.293829	2013-06-14 17:23:29.293829
340	test comment #340	16	114	2013-06-14 17:23:29.297811	2013-06-14 17:23:29.297811
341	test comment #341	3	114	2013-06-14 17:23:29.301844	2013-06-14 17:23:29.301844
342	test comment #342	20	114	2013-06-14 17:23:29.306257	2013-06-14 17:23:29.306257
343	test comment #343	13	115	2013-06-14 17:23:29.310684	2013-06-14 17:23:29.310684
344	test comment #344	1	115	2013-06-14 17:23:29.315055	2013-06-14 17:23:29.315055
345	test comment #345	13	115	2013-06-14 17:23:29.319198	2013-06-14 17:23:29.319198
346	test comment #346	4	116	2013-06-14 17:23:29.323559	2013-06-14 17:23:29.323559
347	test comment #347	20	116	2013-06-14 17:23:29.327723	2013-06-14 17:23:29.327723
348	test comment #348	1	116	2013-06-14 17:23:29.331614	2013-06-14 17:23:29.331614
349	test comment #349	16	117	2013-06-14 17:23:29.335563	2013-06-14 17:23:29.335563
350	test comment #350	14	117	2013-06-14 17:23:29.339795	2013-06-14 17:23:29.339795
351	test comment #351	19	117	2013-06-14 17:23:29.344169	2013-06-14 17:23:29.344169
352	test comment #352	19	118	2013-06-14 17:23:29.348411	2013-06-14 17:23:29.348411
353	test comment #353	3	118	2013-06-14 17:23:29.352214	2013-06-14 17:23:29.352214
354	test comment #354	16	118	2013-06-14 17:23:29.356051	2013-06-14 17:23:29.356051
355	test comment #355	8	119	2013-06-14 17:23:29.359808	2013-06-14 17:23:29.359808
356	test comment #356	13	119	2013-06-14 17:23:29.364033	2013-06-14 17:23:29.364033
357	test comment #357	3	119	2013-06-14 17:23:29.367979	2013-06-14 17:23:29.367979
358	test comment #358	4	120	2013-06-14 17:23:29.372426	2013-06-14 17:23:29.372426
359	test comment #359	1	120	2013-06-14 17:23:29.376803	2013-06-14 17:23:29.376803
360	test comment #360	19	120	2013-06-14 17:23:29.381141	2013-06-14 17:23:29.381141
361	test comment #361	8	121	2013-06-14 17:23:29.385301	2013-06-14 17:23:29.385301
362	test comment #362	19	121	2013-06-14 17:23:29.389449	2013-06-14 17:23:29.389449
363	test comment #363	19	121	2013-06-14 17:23:29.393566	2013-06-14 17:23:29.393566
364	test comment #364	16	122	2013-06-14 17:23:29.397503	2013-06-14 17:23:29.397503
365	test comment #365	13	122	2013-06-14 17:23:29.401511	2013-06-14 17:23:29.401511
366	test comment #366	1	122	2013-06-14 17:23:29.406011	2013-06-14 17:23:29.406011
367	test comment #367	1	123	2013-06-14 17:23:29.410257	2013-06-14 17:23:29.410257
368	test comment #368	1	123	2013-06-14 17:23:29.414144	2013-06-14 17:23:29.414144
369	test comment #369	1	123	2013-06-14 17:23:29.417964	2013-06-14 17:23:29.417964
370	test comment #370	20	124	2013-06-14 17:23:29.422002	2013-06-14 17:23:29.422002
371	test comment #371	19	124	2013-06-14 17:23:29.426367	2013-06-14 17:23:29.426367
372	test comment #372	16	124	2013-06-14 17:23:29.430852	2013-06-14 17:23:29.430852
373	test comment #373	16	125	2013-06-14 17:23:29.435115	2013-06-14 17:23:29.435115
374	test comment #374	1	125	2013-06-14 17:23:29.439317	2013-06-14 17:23:29.439317
375	test comment #375	16	125	2013-06-14 17:23:29.443654	2013-06-14 17:23:29.443654
376	test comment #376	1	126	2013-06-14 17:23:29.4477	2013-06-14 17:23:29.4477
377	test comment #377	4	126	2013-06-14 17:23:29.451493	2013-06-14 17:23:29.451493
378	test comment #378	14	126	2013-06-14 17:23:29.455561	2013-06-14 17:23:29.455561
379	test comment #379	3	127	2013-06-14 17:23:29.45957	2013-06-14 17:23:29.45957
380	test comment #380	13	127	2013-06-14 17:23:29.463654	2013-06-14 17:23:29.463654
381	test comment #381	4	127	2013-06-14 17:23:29.468219	2013-06-14 17:23:29.468219
382	test comment #382	1	128	2013-06-14 17:23:29.472662	2013-06-14 17:23:29.472662
383	test comment #383	3	128	2013-06-14 17:23:29.476579	2013-06-14 17:23:29.476579
384	test comment #384	14	128	2013-06-14 17:23:29.480854	2013-06-14 17:23:29.480854
385	test comment #385	13	129	2013-06-14 17:23:29.485036	2013-06-14 17:23:29.485036
386	test comment #386	1	129	2013-06-14 17:23:29.488937	2013-06-14 17:23:29.488937
387	test comment #387	20	129	2013-06-14 17:23:29.493189	2013-06-14 17:23:29.493189
388	test comment #388	19	130	2013-06-14 17:23:29.497333	2013-06-14 17:23:29.497333
389	test comment #389	19	130	2013-06-14 17:23:29.501143	2013-06-14 17:23:29.501143
390	test comment #390	1	130	2013-06-14 17:23:29.504989	2013-06-14 17:23:29.504989
391	test comment #391	13	131	2013-06-14 17:23:29.508932	2013-06-14 17:23:29.508932
392	test comment #392	20	131	2013-06-14 17:23:29.512687	2013-06-14 17:23:29.512687
393	test comment #393	3	131	2013-06-14 17:23:29.516452	2013-06-14 17:23:29.516452
394	test comment #394	14	132	2013-06-14 17:23:29.520935	2013-06-14 17:23:29.520935
395	test comment #395	4	132	2013-06-14 17:23:29.52543	2013-06-14 17:23:29.52543
396	test comment #396	13	132	2013-06-14 17:23:29.529389	2013-06-14 17:23:29.529389
397	test comment #397	20	133	2013-06-14 17:23:29.533312	2013-06-14 17:23:29.533312
398	test comment #398	13	133	2013-06-14 17:23:29.537218	2013-06-14 17:23:29.537218
399	test comment #399	4	133	2013-06-14 17:23:29.540959	2013-06-14 17:23:29.540959
400	test comment #400	14	134	2013-06-14 17:23:29.544834	2013-06-14 17:23:29.544834
401	test comment #401	1	134	2013-06-14 17:23:29.548597	2013-06-14 17:23:29.548597
402	test comment #402	13	134	2013-06-14 17:23:29.552565	2013-06-14 17:23:29.552565
403	test comment #403	1	135	2013-06-14 17:23:29.556858	2013-06-14 17:23:29.556858
404	test comment #404	4	135	2013-06-14 17:23:29.561253	2013-06-14 17:23:29.561253
405	test comment #405	13	135	2013-06-14 17:23:29.565725	2013-06-14 17:23:29.565725
406	test comment #406	8	136	2013-06-14 17:23:29.569933	2013-06-14 17:23:29.569933
407	test comment #407	16	136	2013-06-14 17:23:29.574275	2013-06-14 17:23:29.574275
408	test comment #408	8	136	2013-06-14 17:23:29.578853	2013-06-14 17:23:29.578853
409	test comment #409	1	137	2013-06-14 17:23:29.58298	2013-06-14 17:23:29.58298
410	test comment #410	3	137	2013-06-14 17:23:29.587344	2013-06-14 17:23:29.587344
411	test comment #411	8	137	2013-06-14 17:23:29.59151	2013-06-14 17:23:29.59151
412	test comment #412	3	138	2013-06-14 17:23:29.595817	2013-06-14 17:23:29.595817
413	test comment #413	4	138	2013-06-14 17:23:29.600161	2013-06-14 17:23:29.600161
414	test comment #414	8	138	2013-06-14 17:23:29.604349	2013-06-14 17:23:29.604349
415	test comment #415	3	139	2013-06-14 17:23:29.608496	2013-06-14 17:23:29.608496
416	test comment #416	3	139	2013-06-14 17:23:29.612554	2013-06-14 17:23:29.612554
417	test comment #417	4	139	2013-06-14 17:23:29.616745	2013-06-14 17:23:29.616745
418	test comment #418	19	140	2013-06-14 17:23:29.621182	2013-06-14 17:23:29.621182
419	test comment #419	16	140	2013-06-14 17:23:29.625549	2013-06-14 17:23:29.625549
420	test comment #420	20	140	2013-06-14 17:23:29.630032	2013-06-14 17:23:29.630032
421	test comment #421	3	141	2013-06-14 17:23:29.634344	2013-06-14 17:23:29.634344
422	test comment #422	16	141	2013-06-14 17:23:29.638391	2013-06-14 17:23:29.638391
423	test comment #423	19	141	2013-06-14 17:23:29.642566	2013-06-14 17:23:29.642566
424	test comment #424	3	142	2013-06-14 17:23:29.646795	2013-06-14 17:23:29.646795
425	test comment #425	20	142	2013-06-14 17:23:29.651106	2013-06-14 17:23:29.651106
426	test comment #426	3	142	2013-06-14 17:23:29.65558	2013-06-14 17:23:29.65558
427	test comment #427	13	143	2013-06-14 17:23:29.659602	2013-06-14 17:23:29.659602
428	test comment #428	8	143	2013-06-14 17:23:29.663919	2013-06-14 17:23:29.663919
429	test comment #429	4	143	2013-06-14 17:23:29.668114	2013-06-14 17:23:29.668114
430	test comment #430	16	144	2013-06-14 17:23:29.672015	2013-06-14 17:23:29.672015
431	test comment #431	20	144	2013-06-14 17:23:29.675843	2013-06-14 17:23:29.675843
432	test comment #432	14	144	2013-06-14 17:23:29.680069	2013-06-14 17:23:29.680069
433	test comment #433	20	145	2013-06-14 17:23:29.684415	2013-06-14 17:23:29.684415
434	test comment #434	20	145	2013-06-14 17:23:29.688431	2013-06-14 17:23:29.688431
435	test comment #435	20	145	2013-06-14 17:23:29.692334	2013-06-14 17:23:29.692334
436	test comment #436	20	146	2013-06-14 17:23:29.718114	2013-06-14 17:23:29.718114
437	test comment #437	19	146	2013-06-14 17:23:29.720771	2013-06-14 17:23:29.720771
438	test comment #438	1	146	2013-06-14 17:23:29.723321	2013-06-14 17:23:29.723321
439	test comment #439	19	147	2013-06-14 17:23:29.726028	2013-06-14 17:23:29.726028
440	test comment #440	13	147	2013-06-14 17:23:29.729216	2013-06-14 17:23:29.729216
441	test comment #441	20	147	2013-06-14 17:23:29.732054	2013-06-14 17:23:29.732054
442	test comment #442	20	148	2013-06-14 17:23:29.734796	2013-06-14 17:23:29.734796
443	test comment #443	4	148	2013-06-14 17:23:29.737773	2013-06-14 17:23:29.737773
444	test comment #444	3	148	2013-06-14 17:23:29.741048	2013-06-14 17:23:29.741048
445	test comment #445	8	149	2013-06-14 17:23:29.744222	2013-06-14 17:23:29.744222
446	test comment #446	1	149	2013-06-14 17:23:29.747242	2013-06-14 17:23:29.747242
447	test comment #447	14	149	2013-06-14 17:23:29.750392	2013-06-14 17:23:29.750392
448	test comment #448	14	150	2013-06-14 17:23:29.753774	2013-06-14 17:23:29.753774
449	test comment #449	19	150	2013-06-14 17:23:29.75695	2013-06-14 17:23:29.75695
450	test comment #450	13	150	2013-06-14 17:23:29.760284	2013-06-14 17:23:29.760284
\.


--
-- Name: comments_id_seq; Type: SEQUENCE SET; Schema: public; Owner: ode
--

SELECT pg_catalog.setval('comments_id_seq', 450, true);


--
-- Data for Name: details; Type: TABLE DATA; Schema: public; Owner: ode
--

COPY details (id, vendor_id, device_id, subsystem_id, name, rev, serial, accepted_at, deleted_at, created_at, updated_at) FROM stdin;
1	57	160	\N	SHF Communication Technologies AG Ethernet Powerlink Managing Node 01	1.4	5713750	\N	\N	2013-06-14 17:23:08.506864	2013-06-14 17:23:08.506864
2	53	69	\N	TerraTec Electronic GmbH Cinergy T^2 DVB-T Receiver	1.1	9207812	\N	\N	2013-06-14 17:23:08.537114	2013-06-14 17:23:08.537114
3	19	25	\N	SpeedStream 1012 PCMCIA 10/100 Ethernet Card [RTL81xx]	0.8	5361643	\N	\N	2013-06-14 17:23:08.559078	2013-06-14 17:23:08.559078
4	52	68	\N	ASCII Corporation Trance Vibrator	1.2	7788497	\N	\N	2013-06-14 17:23:08.58256	2013-06-14 17:23:08.58256
5	57	160	\N	SHF Communication Technologies AG Ethernet Powerlink Managing Node 01	0.4	9813575	\N	\N	2013-06-14 17:23:08.60993	2013-06-14 17:23:08.60993
6	53	69	\N	TerraTec Electronic GmbH Cinergy T^2 DVB-T Receiver	2.3	9122486	\N	\N	2013-06-14 17:23:08.63365	2013-06-14 17:23:08.63365
7	50	54	\N	Rhino Equipment Corp. Rhino R1T1	0.2	1622719	\N	\N	2013-06-14 17:23:08.656217	2013-06-14 17:23:08.656217
8	23	26	\N	TTTech AG TTP-Monitoring Card V2.0	2.3	9685160	\N	\N	2013-06-14 17:23:08.677737	2013-06-14 17:23:08.677737
9	4	2	1	PEAK-System Technik GmbH PCAN-PCI CAN-Bus controller	2.7	5573462	\N	\N	2013-06-14 17:23:08.704641	2013-06-14 17:23:08.717702
10	53	69	\N	TerraTec Electronic GmbH Cinergy T^2 DVB-T Receiver	1.1	8557667	\N	\N	2013-06-14 17:23:08.73462	2013-06-14 17:23:08.73462
11	59	204	\N	LSI Logic / Symbios Logic SAS2108 PCI-Express Fusion-MPT SAS-2 [Liberator]	1.1	6951040	\N	\N	2013-06-14 17:23:08.780351	2013-06-14 17:23:08.780351
12	46	44	\N	First International Computer, Inc. VA-502 Mainboard	1.8	8318964	\N	\N	2013-06-14 17:23:08.794678	2013-06-14 17:23:08.794678
13	38	38	\N	Wired Inc. Butane II (MPEG2 encoder board)	2.9	1471167	\N	\N	2013-06-14 17:23:08.823583	2013-06-14 17:23:08.823583
14	50	66	\N	Rhino Equipment Corp. RCB24FXX 24-channel modular analog telphony card	2.1	6969824	\N	\N	2013-06-14 17:23:08.848223	2013-06-14 17:23:08.848223
15	15	22	\N	LevelOne FPC-0106TX misprogrammed [RTL81xx]	0.1	5436015	\N	\N	2013-06-14 17:23:08.871755	2013-06-14 17:23:08.871755
16	33	31	\N	Sigmatel Inc. SMTP3410	1.1	8744795	\N	\N	2013-06-14 17:23:08.893457	2013-06-14 17:23:08.893457
17	52	68	\N	ASCII Corporation Trance Vibrator	2.4	4503883	\N	\N	2013-06-14 17:23:08.914534	2013-06-14 17:23:08.914534
18	61	336	371	ATI Technologies Inc SB600 USB (OHCI2)	2.4	4968774	\N	\N	2013-06-14 17:23:08.943415	2013-06-14 17:23:08.95115
19	39	41	\N	AVerMedia Technologies Inc. AVerTV 301	2.3	5624977	\N	\N	2013-06-14 17:23:08.958142	2013-06-14 17:23:08.958142
20	23	26	\N	TTTech AG TTP-Monitoring Card V2.0	2.6	5065827	\N	\N	2013-06-14 17:23:08.973776	2013-06-14 17:23:08.973776
21	50	64	\N	Rhino Equipment Corp. RCB24FXO 24-Channel FXO analog telphony card	1.1	7326482	\N	\N	2013-06-14 17:23:08.994662	2013-06-14 17:23:08.994662
22	34	36	\N	Dynalink ISDN Adapter (PCI Bus, D, C)	2.8	7796820	\N	\N	2013-06-14 17:23:09.015338	2013-06-14 17:23:09.015338
23	10	21	\N	Silicon Image, Inc. (Wrong ID) Ultra ATA/133 IDE RAID CONTROLLER CARD	2.1	1246028	\N	\N	2013-06-14 17:23:09.03946	2013-06-14 17:23:09.03946
24	47	48	\N	PixArt Imaging Inc. CIF Single Chip	0.0	4468802	\N	\N	2013-06-14 17:23:09.053895	2013-06-14 17:23:09.053895
25	47	48	\N	PixArt Imaging Inc. CIF Single Chip	1.0	7220682	\N	\N	2013-06-14 17:23:09.070849	2013-06-14 17:23:09.070849
26	39	40	\N	AVerMedia Technologies Inc. Slim mobile Express DVB-T (Fujitsu)	2.5	1680116	\N	\N	2013-06-14 17:23:09.091108	2013-06-14 17:23:09.091108
27	34	34	\N	Dynalink IS64PH ISDN Adapter	2.1	4902342	\N	\N	2013-06-14 17:23:09.118277	2013-06-14 17:23:09.118277
28	37	37	\N	Ubiquiti Networks, Inc. XtremeRange5	1.1	5317901	\N	\N	2013-06-14 17:23:09.139925	2013-06-14 17:23:09.139925
29	54	156	\N	Compaq Computer Corporation Integrated Lights Out  Processor	2.7	3487829	\N	\N	2013-06-14 17:23:09.167787	2013-06-14 17:23:09.167787
30	46	44	\N	First International Computer, Inc. VA-502 Mainboard	0.0	9164187	\N	\N	2013-06-14 17:23:09.189699	2013-06-14 17:23:09.189699
31	34	36	\N	Dynalink ISDN Adapter (PCI Bus, D, C)	1.6	5589506	\N	\N	2013-06-14 17:23:09.240116	2013-06-14 17:23:09.240116
32	32	30	\N	CyberDoor CBD516	2.0	7934562	\N	\N	2013-06-14 17:23:09.269078	2013-06-14 17:23:09.269078
33	23	26	\N	TTTech AG TTP-Monitoring Card V2.0	1.0	3428170	\N	\N	2013-06-14 17:23:09.293075	2013-06-14 17:23:09.293075
34	33	32	\N	Sigmatel Inc. SMTP3500	2.4	3588035	\N	\N	2013-06-14 17:23:09.314777	2013-06-14 17:23:09.314777
35	10	21	\N	Silicon Image, Inc. (Wrong ID) Ultra ATA/133 IDE RAID CONTROLLER CARD	1.3	2882513	\N	\N	2013-06-14 17:23:09.33856	2013-06-14 17:23:09.33856
36	48	53	\N	Arris CM 200E Cable Modem	2.2	9855007	\N	\N	2013-06-14 17:23:09.360465	2013-06-14 17:23:09.360465
37	23	26	\N	TTTech AG TTP-Monitoring Card V2.0	2.2	3812164	\N	\N	2013-06-14 17:23:09.382898	2013-06-14 17:23:09.382898
38	23	26	\N	TTTech AG TTP-Monitoring Card V2.0	2.4	9596275	\N	\N	2013-06-14 17:23:09.40448	2013-06-14 17:23:09.40448
39	38	38	\N	Wired Inc. Butane II (MPEG2 encoder board)	1.8	7678549	\N	\N	2013-06-14 17:23:09.425718	2013-06-14 17:23:09.425718
40	18	24	\N	Davicom Semiconductor, Inc. DM9102A(DM9102AE, SM9102AF) Ethernet 100/10 MBit(Rev 40)	2.4	3704012	\N	\N	2013-06-14 17:23:09.448475	2013-06-14 17:23:09.448475
41	15	22	\N	LevelOne FPC-0106TX misprogrammed [RTL81xx]	1.2	5100991	\N	\N	2013-06-14 17:23:09.469816	2013-06-14 17:23:09.469816
42	37	37	\N	Ubiquiti Networks, Inc. XtremeRange5	0.3	4105203	\N	\N	2013-06-14 17:23:09.492504	2013-06-14 17:23:09.492504
43	23	26	\N	TTTech AG TTP-Monitoring Card V2.0	2.4	1398020	\N	\N	2013-06-14 17:23:09.530284	2013-06-14 17:23:09.530284
44	31	29	\N	OmniVision OV519 series	2.2	6122577	\N	\N	2013-06-14 17:23:09.551888	2013-06-14 17:23:09.551888
45	4	2	1	PEAK-System Technik GmbH PCAN-PCI CAN-Bus controller	0.1	2577629	\N	\N	2013-06-14 17:23:09.573554	2013-06-14 17:23:09.586143
46	61	361	\N	ATI Technologies Inc 3D Rage Pro	2.7	6729023	\N	\N	2013-06-14 17:23:09.606422	2013-06-14 17:23:09.606422
47	60	257	\N	Kolter Electronic PCI-DAC416 Analogue output board	2.7	8777777	\N	\N	2013-06-14 17:23:09.629717	2013-06-14 17:23:09.629717
48	46	44	\N	First International Computer, Inc. VA-502 Mainboard	2.5	7072492	\N	\N	2013-06-14 17:23:09.65094	2013-06-14 17:23:09.65094
49	8	10	\N	Hauppauge computer works Inc. WinTV PVR-350	0.2	1611316	\N	\N	2013-06-14 17:23:09.674625	2013-06-14 17:23:09.674625
50	48	53	\N	Arris CM 200E Cable Modem	2.7	6376117	\N	\N	2013-06-14 17:23:09.697301	2013-06-14 17:23:09.697301
51	39	42	\N	AVerMedia Technologies Inc. AVerTV DVB-T Volar (USB 2.0)	0.9	9944296	\N	\N	2013-06-14 17:23:09.738872	2013-06-14 17:23:09.738872
52	33	32	\N	Sigmatel Inc. SMTP3500	2.7	2149867	\N	\N	2013-06-14 17:23:09.758926	2013-06-14 17:23:09.758926
53	26	27	\N	SCM Microsystems, Inc. Pluto2 DVB-T Receiver for PCMCIA [EasyWatch MobilSet]	1.5	4441982	\N	\N	2013-06-14 17:23:09.782847	2013-06-14 17:23:09.782847
54	53	69	\N	TerraTec Electronic GmbH Cinergy T^2 DVB-T Receiver	1.2	8976596	\N	\N	2013-06-14 17:23:09.811648	2013-06-14 17:23:09.811648
55	34	36	\N	Dynalink ISDN Adapter (PCI Bus, D, C)	1.0	9145062	\N	\N	2013-06-14 17:23:09.833344	2013-06-14 17:23:09.833344
56	33	32	\N	Sigmatel Inc. SMTP3500	1.4	6692441	\N	\N	2013-06-14 17:23:09.85544	2013-06-14 17:23:09.85544
57	37	37	\N	Ubiquiti Networks, Inc. XtremeRange5	0.4	5903633	\N	\N	2013-06-14 17:23:09.87707	2013-06-14 17:23:09.87707
58	59	181	75	LSI Logic / Symbios Logic 53c1035 PCI-X Fusion-MPT Dual Ultra320 SCSI	2.1	3000840	\N	\N	2013-06-14 17:23:09.902972	2013-06-14 17:23:09.915882
59	47	49	\N	PixArt Imaging Inc. PAC7311	1.0	5391078	\N	\N	2013-06-14 17:23:09.939517	2013-06-14 17:23:09.939517
60	52	68	\N	ASCII Corporation Trance Vibrator	2.0	2256880	\N	\N	2013-06-14 17:23:09.963408	2013-06-14 17:23:09.963408
61	4	2	2	PEAK-System Technik GmbH PCAN-PCI CAN-Bus controller	1.8	4851679	\N	\N	2013-06-14 17:23:09.985338	2013-06-14 17:23:09.997796
62	45	43	\N	AuthenTec [Anchor] AF-S2 FingerLoc Sensor Module	2.5	3505159	\N	\N	2013-06-14 17:23:10.010869	2013-06-14 17:23:10.010869
63	26	27	\N	SCM Microsystems, Inc. Pluto2 DVB-T Receiver for PCMCIA [EasyWatch MobilSet]	2.5	7561005	\N	\N	2013-06-14 17:23:10.033632	2013-06-14 17:23:10.033632
64	59	195	115	LSI Logic / Symbios Logic MegaRAID SAS 1078	0.7	9880294	\N	\N	2013-06-14 17:23:10.059689	2013-06-14 17:23:10.073191
65	15	22	\N	LevelOne FPC-0106TX misprogrammed [RTL81xx]	2.8	8056182	\N	\N	2013-06-14 17:23:10.087464	2013-06-14 17:23:10.087464
66	18	24	\N	Davicom Semiconductor, Inc. DM9102A(DM9102AE, SM9102AF) Ethernet 100/10 MBit(Rev 40)	2.8	4663408	\N	\N	2013-06-14 17:23:10.10904	2013-06-14 17:23:10.10904
67	15	22	\N	LevelOne FPC-0106TX misprogrammed [RTL81xx]	1.8	8602331	\N	\N	2013-06-14 17:23:10.130873	2013-06-14 17:23:10.130873
395	48	53	\N	Arris CM 200E Cable Modem	0.5	5230939	\N	\N	2013-06-14 17:23:18.208734	2013-06-14 17:23:18.208734
68	39	42	\N	AVerMedia Technologies Inc. AVerTV DVB-T Volar (USB 2.0)	0.9	9446791	\N	\N	2013-06-14 17:23:10.152447	2013-06-14 17:23:10.152447
69	19	25	\N	SpeedStream 1012 PCMCIA 10/100 Ethernet Card [RTL81xx]	0.4	7488321	\N	\N	2013-06-14 17:23:10.175404	2013-06-14 17:23:10.175404
70	16	23	\N	Compaq Computer Corporation HNE-300 (RealTek RTL8139c) [iPaq Networking]	2.9	6212161	\N	\N	2013-06-14 17:23:10.221423	2013-06-14 17:23:10.221423
71	33	32	\N	Sigmatel Inc. SMTP3500	0.9	6416367	\N	\N	2013-06-14 17:23:10.232643	2013-06-14 17:23:10.232643
72	50	55	\N	Rhino Equipment Corp. Rhino R4FXO	1.3	3458274	\N	\N	2013-06-14 17:23:10.24591	2013-06-14 17:23:10.24591
73	53	69	\N	TerraTec Electronic GmbH Cinergy T^2 DVB-T Receiver	1.9	1095547	\N	\N	2013-06-14 17:23:10.265997	2013-06-14 17:23:10.265997
74	10	21	\N	Silicon Image, Inc. (Wrong ID) Ultra ATA/133 IDE RAID CONTROLLER CARD	2.0	3632910	\N	\N	2013-06-14 17:23:10.287664	2013-06-14 17:23:10.287664
75	23	26	\N	TTTech AG TTP-Monitoring Card V2.0	1.9	6354600	\N	\N	2013-06-14 17:23:10.30949	2013-06-14 17:23:10.30949
76	38	39	\N	Wired Inc. MediaPress (MPEG2 encoder board)	0.9	1183114	\N	\N	2013-06-14 17:23:10.33052	2013-06-14 17:23:10.33052
77	26	27	\N	SCM Microsystems, Inc. Pluto2 DVB-T Receiver for PCMCIA [EasyWatch MobilSet]	2.4	5085803	\N	\N	2013-06-14 17:23:10.352729	2013-06-14 17:23:10.352729
78	45	43	\N	AuthenTec [Anchor] AF-S2 FingerLoc Sensor Module	2.6	2010930	\N	\N	2013-06-14 17:23:10.374601	2013-06-14 17:23:10.374601
79	8	17	\N	Hauppauge computer works Inc. WinTV-HVR-4400-HD model 1278	1.3	9493688	\N	\N	2013-06-14 17:23:10.400441	2013-06-14 17:23:10.400441
80	60	259	\N	Kolter Electronic PROTO-3 PCI Prototyping board	1.7	7644110	\N	\N	2013-06-14 17:23:10.422243	2013-06-14 17:23:10.422243
81	23	26	\N	TTTech AG TTP-Monitoring Card V2.0	0.5	5787343	\N	\N	2013-06-14 17:23:10.443588	2013-06-14 17:23:10.443588
82	16	23	\N	Compaq Computer Corporation HNE-300 (RealTek RTL8139c) [iPaq Networking]	0.0	2994377	\N	\N	2013-06-14 17:23:10.465899	2013-06-14 17:23:10.465899
83	39	41	\N	AVerMedia Technologies Inc. AVerTV 301	0.1	8381998	\N	\N	2013-06-14 17:23:10.488184	2013-06-14 17:23:10.488184
84	38	38	\N	Wired Inc. Butane II (MPEG2 encoder board)	2.0	9081417	\N	\N	2013-06-14 17:23:10.509453	2013-06-14 17:23:10.509453
85	26	27	\N	SCM Microsystems, Inc. Pluto2 DVB-T Receiver for PCMCIA [EasyWatch MobilSet]	0.1	1639581	\N	\N	2013-06-14 17:23:10.532796	2013-06-14 17:23:10.532796
86	47	52	\N	PixArt Imaging Inc. C3 Tech Mod. 153	1.6	4164579	\N	\N	2013-06-14 17:23:10.558688	2013-06-14 17:23:10.558688
87	59	245	\N	LSI Logic / Symbios Logic SA2010ZC	0.3	2195232	\N	\N	2013-06-14 17:23:10.587711	2013-06-14 17:23:10.587711
88	18	24	\N	Davicom Semiconductor, Inc. DM9102A(DM9102AE, SM9102AF) Ethernet 100/10 MBit(Rev 40)	2.5	4962955	\N	\N	2013-06-14 17:23:10.604468	2013-06-14 17:23:10.604468
89	60	252	\N	Kolter Electronic PCI 1616 Measurement card with 32 digital I/O lines	1.0	4108854	\N	\N	2013-06-14 17:23:10.618732	2013-06-14 17:23:10.618732
90	26	27	\N	SCM Microsystems, Inc. Pluto2 DVB-T Receiver for PCMCIA [EasyWatch MobilSet]	2.7	3022171	\N	\N	2013-06-14 17:23:10.656015	2013-06-14 17:23:10.656015
91	4	2	1	PEAK-System Technik GmbH PCAN-PCI CAN-Bus controller	0.4	3991710	\N	\N	2013-06-14 17:23:10.678025	2013-06-14 17:23:10.690812
92	52	68	\N	ASCII Corporation Trance Vibrator	0.4	3478740	\N	\N	2013-06-14 17:23:10.705331	2013-06-14 17:23:10.705331
93	16	23	\N	Compaq Computer Corporation HNE-300 (RealTek RTL8139c) [iPaq Networking]	0.6	7624445	\N	\N	2013-06-14 17:23:10.729164	2013-06-14 17:23:10.729164
94	37	37	\N	Ubiquiti Networks, Inc. XtremeRange5	0.1	7705276	\N	\N	2013-06-14 17:23:10.750459	2013-06-14 17:23:10.750459
95	18	24	\N	Davicom Semiconductor, Inc. DM9102A(DM9102AE, SM9102AF) Ethernet 100/10 MBit(Rev 40)	2.0	9917318	\N	\N	2013-06-14 17:23:10.773773	2013-06-14 17:23:10.773773
96	59	225	191	LSI Logic / Symbios Logic MegaRAID	2.3	4938406	\N	\N	2013-06-14 17:23:10.800175	2013-06-14 17:23:10.812995
97	10	21	\N	Silicon Image, Inc. (Wrong ID) Ultra ATA/133 IDE RAID CONTROLLER CARD	0.4	1284034	\N	\N	2013-06-14 17:23:10.825937	2013-06-14 17:23:10.825937
98	61	263	\N	ATI Technologies Inc M24 [FireMV 2400]	1.5	4505532	\N	\N	2013-06-14 17:23:10.855132	2013-06-14 17:23:10.855132
99	59	166	20	LSI Logic / Symbios Logic 53c860	0.3	5523062	\N	\N	2013-06-14 17:23:10.881543	2013-06-14 17:23:10.893398
100	10	21	\N	Silicon Image, Inc. (Wrong ID) Ultra ATA/133 IDE RAID CONTROLLER CARD	0.8	8822358	\N	\N	2013-06-14 17:23:10.906296	2013-06-14 17:23:10.906296
101	50	62	\N	Rhino Equipment Corp. Rhino R2T1	1.2	1570922	\N	\N	2013-06-14 17:23:10.929022	2013-06-14 17:23:10.929022
102	8	12	\N	Hauppauge computer works Inc. WinTV PVR-250	0.3	4880318	\N	\N	2013-06-14 17:23:10.951194	2013-06-14 17:23:10.951194
103	16	23	\N	Compaq Computer Corporation HNE-300 (RealTek RTL8139c) [iPaq Networking]	1.6	8782119	\N	\N	2013-06-14 17:23:10.972137	2013-06-14 17:23:10.972137
104	18	24	\N	Davicom Semiconductor, Inc. DM9102A(DM9102AE, SM9102AF) Ethernet 100/10 MBit(Rev 40)	0.3	8147481	\N	\N	2013-06-14 17:23:11.000246	2013-06-14 17:23:11.000246
105	32	30	\N	CyberDoor CBD516	0.8	6718757	\N	\N	2013-06-14 17:23:11.023643	2013-06-14 17:23:11.023643
106	18	24	\N	Davicom Semiconductor, Inc. DM9102A(DM9102AE, SM9102AF) Ethernet 100/10 MBit(Rev 40)	0.3	6045962	\N	\N	2013-06-14 17:23:11.045731	2013-06-14 17:23:11.045731
107	33	31	\N	Sigmatel Inc. SMTP3410	1.6	6035634	\N	\N	2013-06-14 17:23:11.067778	2013-06-14 17:23:11.067778
108	33	32	\N	Sigmatel Inc. SMTP3500	0.2	3641940	\N	\N	2013-06-14 17:23:11.089163	2013-06-14 17:23:11.089163
109	32	30	\N	CyberDoor CBD516	1.3	9959977	\N	\N	2013-06-14 17:23:11.110766	2013-06-14 17:23:11.110766
110	46	44	\N	First International Computer, Inc. VA-502 Mainboard	1.9	3066688	\N	\N	2013-06-14 17:23:11.15672	2013-06-14 17:23:11.15672
111	57	160	\N	SHF Communication Technologies AG Ethernet Powerlink Managing Node 01	2.8	2585579	\N	\N	2013-06-14 17:23:11.173954	2013-06-14 17:23:11.173954
112	53	69	\N	TerraTec Electronic GmbH Cinergy T^2 DVB-T Receiver	0.3	2464600	\N	\N	2013-06-14 17:23:11.194795	2013-06-14 17:23:11.194795
113	45	43	\N	AuthenTec [Anchor] AF-S2 FingerLoc Sensor Module	1.7	9729510	\N	\N	2013-06-14 17:23:11.207282	2013-06-14 17:23:11.207282
114	18	24	\N	Davicom Semiconductor, Inc. DM9102A(DM9102AE, SM9102AF) Ethernet 100/10 MBit(Rev 40)	1.5	3840831	\N	\N	2013-06-14 17:23:11.225534	2013-06-14 17:23:11.225534
115	47	51	\N	PixArt Imaging Inc. Maxell MaxCam RotaWeb	1.2	7244612	\N	\N	2013-06-14 17:23:11.248006	2013-06-14 17:23:11.248006
116	16	23	\N	Compaq Computer Corporation HNE-300 (RealTek RTL8139c) [iPaq Networking]	2.5	4801888	\N	\N	2013-06-14 17:23:11.270308	2013-06-14 17:23:11.270308
117	8	3	\N	Hauppauge computer works Inc. WinTV PVR-250	1.4	8043518	\N	\N	2013-06-14 17:23:11.300507	2013-06-14 17:23:11.300507
118	16	23	\N	Compaq Computer Corporation HNE-300 (RealTek RTL8139c) [iPaq Networking]	1.5	4544072	\N	\N	2013-06-14 17:23:11.32301	2013-06-14 17:23:11.32301
119	8	12	\N	Hauppauge computer works Inc. WinTV PVR-250	1.2	4051436	\N	\N	2013-06-14 17:23:11.347185	2013-06-14 17:23:11.347185
120	38	38	\N	Wired Inc. Butane II (MPEG2 encoder board)	2.0	4436110	\N	\N	2013-06-14 17:23:11.369743	2013-06-14 17:23:11.369743
121	47	48	\N	PixArt Imaging Inc. CIF Single Chip	2.5	4811295	\N	\N	2013-06-14 17:23:11.393135	2013-06-14 17:23:11.393135
122	4	2	1	PEAK-System Technik GmbH PCAN-PCI CAN-Bus controller	0.8	9421187	\N	\N	2013-06-14 17:23:11.415165	2013-06-14 17:23:11.427415
123	53	69	\N	TerraTec Electronic GmbH Cinergy T^2 DVB-T Receiver	2.6	2703378	\N	\N	2013-06-14 17:23:11.440485	2013-06-14 17:23:11.440485
124	38	39	\N	Wired Inc. MediaPress (MPEG2 encoder board)	1.6	6071543	\N	\N	2013-06-14 17:23:11.462132	2013-06-14 17:23:11.462132
125	33	31	\N	Sigmatel Inc. SMTP3410	2.0	6063908	\N	\N	2013-06-14 17:23:11.484065	2013-06-14 17:23:11.484065
126	39	42	\N	AVerMedia Technologies Inc. AVerTV DVB-T Volar (USB 2.0)	1.3	9529238	\N	\N	2013-06-14 17:23:11.509619	2013-06-14 17:23:11.509619
127	23	26	\N	TTTech AG TTP-Monitoring Card V2.0	1.4	6613005	\N	\N	2013-06-14 17:23:11.533544	2013-06-14 17:23:11.533544
128	10	21	\N	Silicon Image, Inc. (Wrong ID) Ultra ATA/133 IDE RAID CONTROLLER CARD	2.9	9922788	\N	\N	2013-06-14 17:23:11.558241	2013-06-14 17:23:11.558241
129	23	26	\N	TTTech AG TTP-Monitoring Card V2.0	0.1	4495514	\N	\N	2013-06-14 17:23:11.58222	2013-06-14 17:23:11.58222
130	46	44	\N	First International Computer, Inc. VA-502 Mainboard	1.5	1648267	\N	\N	2013-06-14 17:23:11.629866	2013-06-14 17:23:11.629866
131	18	24	\N	Davicom Semiconductor, Inc. DM9102A(DM9102AE, SM9102AF) Ethernet 100/10 MBit(Rev 40)	2.0	3036229	\N	\N	2013-06-14 17:23:11.646524	2013-06-14 17:23:11.646524
132	47	45	\N	PixArt Imaging Inc. Innovage Mini Digital Camera	1.9	7709237	\N	\N	2013-06-14 17:23:11.667026	2013-06-14 17:23:11.667026
133	15	22	\N	LevelOne FPC-0106TX misprogrammed [RTL81xx]	2.4	3651756	\N	\N	2013-06-14 17:23:11.689338	2013-06-14 17:23:11.689338
134	26	27	\N	SCM Microsystems, Inc. Pluto2 DVB-T Receiver for PCMCIA [EasyWatch MobilSet]	0.4	3663649	\N	\N	2013-06-14 17:23:11.71278	2013-06-14 17:23:11.71278
135	33	31	\N	Sigmatel Inc. SMTP3410	1.7	3594293	\N	\N	2013-06-14 17:23:11.735364	2013-06-14 17:23:11.735364
136	28	28	\N	IBM Corp. Remote System Administration device [RSA2]	0.2	5387912	\N	\N	2013-06-14 17:23:11.761114	2013-06-14 17:23:11.761114
137	31	29	\N	OmniVision OV519 series	1.8	9652589	\N	\N	2013-06-14 17:23:11.786046	2013-06-14 17:23:11.786046
138	50	59	\N	Rhino Equipment Corp. RCB8FXX 8-channel modular analog telphony card	1.9	2357792	\N	\N	2013-06-14 17:23:11.810308	2013-06-14 17:23:11.810308
139	10	21	\N	Silicon Image, Inc. (Wrong ID) Ultra ATA/133 IDE RAID CONTROLLER CARD	2.4	1390549	\N	\N	2013-06-14 17:23:11.831881	2013-06-14 17:23:11.831881
140	60	254	\N	Kolter Electronic PCI-AD/DA Analogue I/O board	2.9	1339773	\N	\N	2013-06-14 17:23:11.854244	2013-06-14 17:23:11.854244
141	37	37	\N	Ubiquiti Networks, Inc. XtremeRange5	2.6	9735483	\N	\N	2013-06-14 17:23:11.877091	2013-06-14 17:23:11.877091
142	46	44	\N	First International Computer, Inc. VA-502 Mainboard	2.9	5466638	\N	\N	2013-06-14 17:23:11.899131	2013-06-14 17:23:11.899131
143	50	56	\N	Rhino Equipment Corp. RCB4FXO 4-channel FXO analog telphony card	1.8	8011608	\N	\N	2013-06-14 17:23:11.923263	2013-06-14 17:23:11.923263
144	47	47	\N	PixArt Imaging Inc. Digital Photo Viewer	1.3	1560963	\N	\N	2013-06-14 17:23:11.946867	2013-06-14 17:23:11.946867
145	10	21	\N	Silicon Image, Inc. (Wrong ID) Ultra ATA/133 IDE RAID CONTROLLER CARD	0.1	2023536	\N	\N	2013-06-14 17:23:11.967263	2013-06-14 17:23:11.967263
146	57	160	\N	SHF Communication Technologies AG Ethernet Powerlink Managing Node 01	0.3	3902223	\N	\N	2013-06-14 17:23:11.988302	2013-06-14 17:23:11.988302
147	48	53	\N	Arris CM 200E Cable Modem	0.9	9151635	\N	\N	2013-06-14 17:23:12.008962	2013-06-14 17:23:12.008962
148	10	21	\N	Silicon Image, Inc. (Wrong ID) Ultra ATA/133 IDE RAID CONTROLLER CARD	2.2	6565830	\N	\N	2013-06-14 17:23:12.030292	2013-06-14 17:23:12.030292
149	47	49	\N	PixArt Imaging Inc. PAC7311	0.0	8169206	\N	\N	2013-06-14 17:23:12.052555	2013-06-14 17:23:12.052555
150	50	65	\N	Rhino Equipment Corp. R1T3 Single T3 Digital Telephony Card	2.4	9448403	\N	\N	2013-06-14 17:23:12.077762	2013-06-14 17:23:12.077762
151	52	68	\N	ASCII Corporation Trance Vibrator	2.6	9496457	\N	\N	2013-06-14 17:23:12.125735	2013-06-14 17:23:12.125735
152	23	26	\N	TTTech AG TTP-Monitoring Card V2.0	0.4	6805240	\N	\N	2013-06-14 17:23:12.152043	2013-06-14 17:23:12.152043
153	31	29	\N	OmniVision OV519 series	2.3	6492874	\N	\N	2013-06-14 17:23:12.173757	2013-06-14 17:23:12.173757
154	48	53	\N	Arris CM 200E Cable Modem	0.7	1391692	\N	\N	2013-06-14 17:23:12.198269	2013-06-14 17:23:12.198269
155	46	44	\N	First International Computer, Inc. VA-502 Mainboard	1.3	8881173	\N	\N	2013-06-14 17:23:12.219747	2013-06-14 17:23:12.219747
156	46	44	\N	First International Computer, Inc. VA-502 Mainboard	1.6	4266532	\N	\N	2013-06-14 17:23:12.241795	2013-06-14 17:23:12.241795
157	23	26	\N	TTTech AG TTP-Monitoring Card V2.0	1.9	9100971	\N	\N	2013-06-14 17:23:12.263787	2013-06-14 17:23:12.263787
158	45	43	\N	AuthenTec [Anchor] AF-S2 FingerLoc Sensor Module	1.8	3683142	\N	\N	2013-06-14 17:23:12.285749	2013-06-14 17:23:12.285749
159	52	68	\N	ASCII Corporation Trance Vibrator	0.1	1259751	\N	\N	2013-06-14 17:23:12.307213	2013-06-14 17:23:12.307213
160	46	44	\N	First International Computer, Inc. VA-502 Mainboard	2.3	9017821	\N	\N	2013-06-14 17:23:12.3288	2013-06-14 17:23:12.3288
161	54	114	\N	Compaq Computer Corporation ZFMicro Chipset USB	1.4	8461713	\N	\N	2013-06-14 17:23:12.355074	2013-06-14 17:23:12.355074
162	19	25	\N	SpeedStream 1012 PCMCIA 10/100 Ethernet Card [RTL81xx]	1.8	9815121	\N	\N	2013-06-14 17:23:12.377405	2013-06-14 17:23:12.377405
163	26	27	\N	SCM Microsystems, Inc. Pluto2 DVB-T Receiver for PCMCIA [EasyWatch MobilSet]	2.4	4760057	\N	\N	2013-06-14 17:23:12.399443	2013-06-14 17:23:12.399443
164	37	37	\N	Ubiquiti Networks, Inc. XtremeRange5	0.9	1463524	\N	\N	2013-06-14 17:23:12.426344	2013-06-14 17:23:12.426344
165	23	26	\N	TTTech AG TTP-Monitoring Card V2.0	0.0	9573152	\N	\N	2013-06-14 17:23:12.449919	2013-06-14 17:23:12.449919
166	54	97	\N	Compaq Computer Corporation Smart Array 4250ES	0.2	5869721	\N	\N	2013-06-14 17:23:12.476805	2013-06-14 17:23:12.476805
167	18	24	\N	Davicom Semiconductor, Inc. DM9102A(DM9102AE, SM9102AF) Ethernet 100/10 MBit(Rev 40)	1.4	3309639	\N	\N	2013-06-14 17:23:12.498716	2013-06-14 17:23:12.498716
168	16	23	\N	Compaq Computer Corporation HNE-300 (RealTek RTL8139c) [iPaq Networking]	2.6	9808840	\N	\N	2013-06-14 17:23:12.521025	2013-06-14 17:23:12.521025
169	15	22	\N	LevelOne FPC-0106TX misprogrammed [RTL81xx]	0.7	9852012	\N	\N	2013-06-14 17:23:12.548609	2013-06-14 17:23:12.548609
170	32	30	\N	CyberDoor CBD516	0.4	9923510	\N	\N	2013-06-14 17:23:12.5702	2013-06-14 17:23:12.5702
171	26	27	\N	SCM Microsystems, Inc. Pluto2 DVB-T Receiver for PCMCIA [EasyWatch MobilSet]	2.3	9479258	\N	\N	2013-06-14 17:23:12.619504	2013-06-14 17:23:12.619504
172	31	29	\N	OmniVision OV519 series	0.5	6532324	\N	\N	2013-06-14 17:23:12.650141	2013-06-14 17:23:12.650141
173	52	68	\N	ASCII Corporation Trance Vibrator	1.9	6516060	\N	\N	2013-06-14 17:23:12.677328	2013-06-14 17:23:12.677328
174	16	23	\N	Compaq Computer Corporation HNE-300 (RealTek RTL8139c) [iPaq Networking]	2.9	1470206	\N	\N	2013-06-14 17:23:12.699789	2013-06-14 17:23:12.699789
175	28	28	\N	IBM Corp. Remote System Administration device [RSA2]	0.7	2777310	\N	\N	2013-06-14 17:23:12.721931	2013-06-14 17:23:12.721931
176	23	26	\N	TTTech AG TTP-Monitoring Card V2.0	2.5	7789336	\N	\N	2013-06-14 17:23:12.744001	2013-06-14 17:23:12.744001
177	38	38	\N	Wired Inc. Butane II (MPEG2 encoder board)	1.7	5222459	\N	\N	2013-06-14 17:23:12.769588	2013-06-14 17:23:12.769588
178	50	55	\N	Rhino Equipment Corp. Rhino R4FXO	2.8	1737899	\N	\N	2013-06-14 17:23:12.795566	2013-06-14 17:23:12.795566
179	39	42	\N	AVerMedia Technologies Inc. AVerTV DVB-T Volar (USB 2.0)	1.7	3481292	\N	\N	2013-06-14 17:23:12.817819	2013-06-14 17:23:12.817819
180	28	28	\N	IBM Corp. Remote System Administration device [RSA2]	0.5	1683068	\N	\N	2013-06-14 17:23:12.839616	2013-06-14 17:23:12.839616
181	60	257	\N	Kolter Electronic PCI-DAC416 Analogue output board	0.3	5304676	\N	\N	2013-06-14 17:23:12.862006	2013-06-14 17:23:12.862006
182	46	44	\N	First International Computer, Inc. VA-502 Mainboard	1.3	6964460	\N	\N	2013-06-14 17:23:12.892755	2013-06-14 17:23:12.892755
183	16	23	\N	Compaq Computer Corporation HNE-300 (RealTek RTL8139c) [iPaq Networking]	2.1	5922347	\N	\N	2013-06-14 17:23:12.920146	2013-06-14 17:23:12.920146
184	23	26	\N	TTTech AG TTP-Monitoring Card V2.0	1.0	7238002	\N	\N	2013-06-14 17:23:12.941881	2013-06-14 17:23:12.941881
185	50	59	\N	Rhino Equipment Corp. RCB8FXX 8-channel modular analog telphony card	1.1	1396543	\N	\N	2013-06-14 17:23:12.967322	2013-06-14 17:23:12.967322
186	23	26	\N	TTTech AG TTP-Monitoring Card V2.0	2.2	1211842	\N	\N	2013-06-14 17:23:12.996454	2013-06-14 17:23:12.996454
187	46	44	\N	First International Computer, Inc. VA-502 Mainboard	1.4	7974556	\N	\N	2013-06-14 17:23:13.018166	2013-06-14 17:23:13.018166
188	33	31	\N	Sigmatel Inc. SMTP3410	0.1	3307247	\N	\N	2013-06-14 17:23:13.041658	2013-06-14 17:23:13.041658
189	2	1	\N	Allied Telesis, Inc AT-2500TX V3 Ethernet	0.6	6537383	\N	\N	2013-06-14 17:23:13.062906	2013-06-14 17:23:13.062906
190	39	42	\N	AVerMedia Technologies Inc. AVerTV DVB-T Volar (USB 2.0)	2.6	7898792	\N	\N	2013-06-14 17:23:13.085816	2013-06-14 17:23:13.085816
191	34	35	\N	Dynalink ISDN Adapter (PCI Bus, DV, W)	0.2	9740238	\N	\N	2013-06-14 17:23:13.131109	2013-06-14 17:23:13.131109
192	38	39	\N	Wired Inc. MediaPress (MPEG2 encoder board)	1.9	5402466	\N	\N	2013-06-14 17:23:13.154663	2013-06-14 17:23:13.154663
193	28	28	\N	IBM Corp. Remote System Administration device [RSA2]	2.0	2620439	\N	\N	2013-06-14 17:23:13.177102	2013-06-14 17:23:13.177102
194	19	25	\N	SpeedStream 1012 PCMCIA 10/100 Ethernet Card [RTL81xx]	0.1	6145812	\N	\N	2013-06-14 17:23:13.199475	2013-06-14 17:23:13.199475
195	59	200	\N	LSI Logic / Symbios Logic SAS2004 PCI-Express Fusion-MPT SAS-2 [Spitfire]	0.1	1123413	\N	\N	2013-06-14 17:23:13.227646	2013-06-14 17:23:13.227646
196	52	68	\N	ASCII Corporation Trance Vibrator	2.0	2216924	\N	\N	2013-06-14 17:23:13.2548	2013-06-14 17:23:13.2548
197	45	43	\N	AuthenTec [Anchor] AF-S2 FingerLoc Sensor Module	0.9	7019668	\N	\N	2013-06-14 17:23:13.276275	2013-06-14 17:23:13.276275
198	37	37	\N	Ubiquiti Networks, Inc. XtremeRange5	1.7	9225392	\N	\N	2013-06-14 17:23:13.30194	2013-06-14 17:23:13.30194
199	50	61	\N	Rhino Equipment Corp. RCB24FXS 24-Channel FXS analog telphony card	1.5	1865737	\N	\N	2013-06-14 17:23:13.329725	2013-06-14 17:23:13.329725
200	16	23	\N	Compaq Computer Corporation HNE-300 (RealTek RTL8139c) [iPaq Networking]	1.7	5243425	\N	\N	2013-06-14 17:23:13.354994	2013-06-14 17:23:13.354994
201	2	1	\N	Allied Telesis, Inc AT-2500TX V3 Ethernet	1.2	2582656	\N	\N	2013-06-14 17:23:13.373553	2013-06-14 17:23:13.373553
202	4	2	2	PEAK-System Technik GmbH PCAN-PCI CAN-Bus controller	0.0	9030448	\N	\N	2013-06-14 17:23:13.388605	2013-06-14 17:23:13.400189
203	23	26	\N	TTTech AG TTP-Monitoring Card V2.0	2.9	9660227	\N	\N	2013-06-14 17:23:13.418024	2013-06-14 17:23:13.418024
204	28	28	\N	IBM Corp. Remote System Administration device [RSA2]	0.2	3828554	\N	\N	2013-06-14 17:23:13.439406	2013-06-14 17:23:13.439406
205	19	25	\N	SpeedStream 1012 PCMCIA 10/100 Ethernet Card [RTL81xx]	1.2	7994417	\N	\N	2013-06-14 17:23:13.465733	2013-06-14 17:23:13.465733
206	33	32	\N	Sigmatel Inc. SMTP3500	2.3	4862507	\N	\N	2013-06-14 17:23:13.488997	2013-06-14 17:23:13.488997
207	18	24	\N	Davicom Semiconductor, Inc. DM9102A(DM9102AE, SM9102AF) Ethernet 100/10 MBit(Rev 40)	0.7	6850220	\N	\N	2013-06-14 17:23:13.51007	2013-06-14 17:23:13.51007
208	61	309	\N	ATI Technologies Inc SMBus	2.2	1306488	\N	\N	2013-06-14 17:23:13.539066	2013-06-14 17:23:13.539066
209	10	21	\N	Silicon Image, Inc. (Wrong ID) Ultra ATA/133 IDE RAID CONTROLLER CARD	1.3	1739681	\N	\N	2013-06-14 17:23:13.554064	2013-06-14 17:23:13.554064
210	2	1	\N	Allied Telesis, Inc AT-2500TX V3 Ethernet	0.6	6162537	\N	\N	2013-06-14 17:23:13.595939	2013-06-14 17:23:13.595939
211	54	141	\N	Compaq Computer Corporation NC3131 Fast Ethernet NIC	0.8	7608536	\N	\N	2013-06-14 17:23:13.620895	2013-06-14 17:23:13.620895
212	28	28	\N	IBM Corp. Remote System Administration device [RSA2]	1.5	3577380	\N	\N	2013-06-14 17:23:13.641379	2013-06-14 17:23:13.641379
213	50	63	\N	Rhino Equipment Corp. Rhino R24FXS	1.7	6571137	\N	\N	2013-06-14 17:23:13.666573	2013-06-14 17:23:13.666573
214	45	43	\N	AuthenTec [Anchor] AF-S2 FingerLoc Sensor Module	2.9	8559896	\N	\N	2013-06-14 17:23:13.693577	2013-06-14 17:23:13.693577
215	45	43	\N	AuthenTec [Anchor] AF-S2 FingerLoc Sensor Module	0.1	6448432	\N	\N	2013-06-14 17:23:13.71923	2013-06-14 17:23:13.71923
216	61	368	\N	ATI Technologies Inc 3D Rage Pro 215GQ	1.1	9736470	\N	\N	2013-06-14 17:23:13.74902	2013-06-14 17:23:13.74902
217	39	41	\N	AVerMedia Technologies Inc. AVerTV 301	2.1	9849904	\N	\N	2013-06-14 17:23:13.771867	2013-06-14 17:23:13.771867
218	39	42	\N	AVerMedia Technologies Inc. AVerTV DVB-T Volar (USB 2.0)	2.5	3628525	\N	\N	2013-06-14 17:23:13.793767	2013-06-14 17:23:13.793767
219	32	30	\N	CyberDoor CBD516	1.3	7682873	\N	\N	2013-06-14 17:23:13.818942	2013-06-14 17:23:13.818942
220	53	69	\N	TerraTec Electronic GmbH Cinergy T^2 DVB-T Receiver	1.3	9219291	\N	\N	2013-06-14 17:23:13.841906	2013-06-14 17:23:13.841906
221	34	33	\N	Dynalink IS64PH ISDN Adapter	2.7	3944930	\N	\N	2013-06-14 17:23:13.863315	2013-06-14 17:23:13.863315
222	39	40	\N	AVerMedia Technologies Inc. Slim mobile Express DVB-T (Fujitsu)	1.7	5034435	\N	\N	2013-06-14 17:23:13.884105	2013-06-14 17:23:13.884105
223	47	46	\N	PixArt Imaging Inc. SDC-300 Webcam	0.3	9677657	\N	\N	2013-06-14 17:23:13.914041	2013-06-14 17:23:13.914041
224	8	11	\N	Hauppauge computer works Inc. WinTV PVR-250 MCE	0.9	1038705	\N	\N	2013-06-14 17:23:13.937835	2013-06-14 17:23:13.937835
225	16	23	\N	Compaq Computer Corporation HNE-300 (RealTek RTL8139c) [iPaq Networking]	2.6	8633465	\N	\N	2013-06-14 17:23:13.959717	2013-06-14 17:23:13.959717
226	47	47	\N	PixArt Imaging Inc. Digital Photo Viewer	2.3	1349611	\N	\N	2013-06-14 17:23:13.983666	2013-06-14 17:23:13.983666
227	16	23	\N	Compaq Computer Corporation HNE-300 (RealTek RTL8139c) [iPaq Networking]	1.0	4380423	\N	\N	2013-06-14 17:23:14.005633	2013-06-14 17:23:14.005633
228	28	28	\N	IBM Corp. Remote System Administration device [RSA2]	0.4	1130762	\N	\N	2013-06-14 17:23:14.027536	2013-06-14 17:23:14.027536
229	54	72	6	Compaq Computer Corporation Smart Array 64xx	0.6	9281071	\N	\N	2013-06-14 17:23:14.053003	2013-06-14 17:23:14.096468
230	54	133	\N	Compaq Computer Corporation NC3122 Fast Ethernet NIC	1.0	6048960	\N	\N	2013-06-14 17:23:14.114529	2013-06-14 17:23:14.114529
231	61	263	\N	ATI Technologies Inc M24 [FireMV 2400]	0.3	6075004	\N	\N	2013-06-14 17:23:14.144925	2013-06-14 17:23:14.144925
232	23	26	\N	TTTech AG TTP-Monitoring Card V2.0	2.4	2588329	\N	\N	2013-06-14 17:23:14.166963	2013-06-14 17:23:14.166963
233	57	160	\N	SHF Communication Technologies AG Ethernet Powerlink Managing Node 01	1.9	2442014	\N	\N	2013-06-14 17:23:14.189759	2013-06-14 17:23:14.189759
234	33	31	\N	Sigmatel Inc. SMTP3410	1.1	1332878	\N	\N	2013-06-14 17:23:14.211743	2013-06-14 17:23:14.211743
235	16	23	\N	Compaq Computer Corporation HNE-300 (RealTek RTL8139c) [iPaq Networking]	0.8	7431740	\N	\N	2013-06-14 17:23:14.240567	2013-06-14 17:23:14.240567
236	15	22	\N	LevelOne FPC-0106TX misprogrammed [RTL81xx]	2.3	5010486	\N	\N	2013-06-14 17:23:14.269333	2013-06-14 17:23:14.269333
237	57	160	\N	SHF Communication Technologies AG Ethernet Powerlink Managing Node 01	1.8	8932474	\N	\N	2013-06-14 17:23:14.290617	2013-06-14 17:23:14.290617
238	52	68	\N	ASCII Corporation Trance Vibrator	2.8	9145015	\N	\N	2013-06-14 17:23:14.315528	2013-06-14 17:23:14.315528
239	54	133	\N	Compaq Computer Corporation NC3122 Fast Ethernet NIC	0.7	4927685	\N	\N	2013-06-14 17:23:14.344815	2013-06-14 17:23:14.344815
240	16	23	\N	Compaq Computer Corporation HNE-300 (RealTek RTL8139c) [iPaq Networking]	1.7	3196506	\N	\N	2013-06-14 17:23:14.366428	2013-06-14 17:23:14.366428
241	61	362	427	ATI Technologies Inc 3D Rage Pro	1.8	6180617	\N	\N	2013-06-14 17:23:14.396626	2013-06-14 17:23:14.41018
242	26	27	\N	SCM Microsystems, Inc. Pluto2 DVB-T Receiver for PCMCIA [EasyWatch MobilSet]	2.5	5300595	\N	\N	2013-06-14 17:23:14.428993	2013-06-14 17:23:14.428993
243	16	23	\N	Compaq Computer Corporation HNE-300 (RealTek RTL8139c) [iPaq Networking]	2.9	9110171	\N	\N	2013-06-14 17:23:14.451457	2013-06-14 17:23:14.451457
244	60	252	\N	Kolter Electronic PCI 1616 Measurement card with 32 digital I/O lines	0.5	5731797	\N	\N	2013-06-14 17:23:14.472964	2013-06-14 17:23:14.472964
245	60	257	\N	Kolter Electronic PCI-DAC416 Analogue output board	2.3	5106177	\N	\N	2013-06-14 17:23:14.484311	2013-06-14 17:23:14.484311
246	54	101	\N	Compaq Computer Corporation Smart Array 532	0.8	8682502	\N	\N	2013-06-14 17:23:14.503578	2013-06-14 17:23:14.503578
247	39	41	\N	AVerMedia Technologies Inc. AVerTV 301	0.9	3240159	\N	\N	2013-06-14 17:23:14.524098	2013-06-14 17:23:14.524098
248	46	44	\N	First International Computer, Inc. VA-502 Mainboard	1.4	3783430	\N	\N	2013-06-14 17:23:14.54509	2013-06-14 17:23:14.54509
249	39	40	\N	AVerMedia Technologies Inc. Slim mobile Express DVB-T (Fujitsu)	0.1	7367172	\N	\N	2013-06-14 17:23:14.591713	2013-06-14 17:23:14.591713
250	18	24	\N	Davicom Semiconductor, Inc. DM9102A(DM9102AE, SM9102AF) Ethernet 100/10 MBit(Rev 40)	0.6	1142792	\N	\N	2013-06-14 17:23:14.608825	2013-06-14 17:23:14.608825
251	60	252	\N	Kolter Electronic PCI 1616 Measurement card with 32 digital I/O lines	2.4	7959379	\N	\N	2013-06-14 17:23:14.622097	2013-06-14 17:23:14.622097
252	60	255	\N	Kolter Electronic PCI-OPTO-RELAIS Digital I/O board with relay outputs	0.3	8260094	\N	\N	2013-06-14 17:23:14.64303	2013-06-14 17:23:14.64303
253	23	26	\N	TTTech AG TTP-Monitoring Card V2.0	0.7	9976910	\N	\N	2013-06-14 17:23:14.670019	2013-06-14 17:23:14.670019
254	33	31	\N	Sigmatel Inc. SMTP3410	1.4	9498195	\N	\N	2013-06-14 17:23:14.693022	2013-06-14 17:23:14.693022
255	32	30	\N	CyberDoor CBD516	1.8	2195810	\N	\N	2013-06-14 17:23:14.716429	2013-06-14 17:23:14.716429
256	57	160	\N	SHF Communication Technologies AG Ethernet Powerlink Managing Node 01	1.9	1981719	\N	\N	2013-06-14 17:23:14.739745	2013-06-14 17:23:14.739745
257	48	53	\N	Arris CM 200E Cable Modem	1.1	7326255	\N	\N	2013-06-14 17:23:14.768211	2013-06-14 17:23:14.768211
258	47	48	\N	PixArt Imaging Inc. CIF Single Chip	0.4	6414349	\N	\N	2013-06-14 17:23:14.79458	2013-06-14 17:23:14.79458
259	50	61	\N	Rhino Equipment Corp. RCB24FXS 24-Channel FXS analog telphony card	1.7	8671181	\N	\N	2013-06-14 17:23:14.817217	2013-06-14 17:23:14.817217
260	47	47	\N	PixArt Imaging Inc. Digital Photo Viewer	2.6	8469572	\N	\N	2013-06-14 17:23:14.840392	2013-06-14 17:23:14.840392
261	39	41	\N	AVerMedia Technologies Inc. AVerTV 301	2.1	2416938	\N	\N	2013-06-14 17:23:14.861945	2013-06-14 17:23:14.861945
262	16	23	\N	Compaq Computer Corporation HNE-300 (RealTek RTL8139c) [iPaq Networking]	0.3	5887978	\N	\N	2013-06-14 17:23:14.884858	2013-06-14 17:23:14.884858
263	52	68	\N	ASCII Corporation Trance Vibrator	1.5	3524822	\N	\N	2013-06-14 17:23:14.905975	2013-06-14 17:23:14.905975
264	48	53	\N	Arris CM 200E Cable Modem	1.9	3138151	\N	\N	2013-06-14 17:23:14.930543	2013-06-14 17:23:14.930543
265	52	68	\N	ASCII Corporation Trance Vibrator	0.7	5058018	\N	\N	2013-06-14 17:23:14.95226	2013-06-14 17:23:14.95226
266	18	24	\N	Davicom Semiconductor, Inc. DM9102A(DM9102AE, SM9102AF) Ethernet 100/10 MBit(Rev 40)	0.0	7205470	\N	\N	2013-06-14 17:23:14.973863	2013-06-14 17:23:14.973863
267	33	31	\N	Sigmatel Inc. SMTP3410	2.8	1715337	\N	\N	2013-06-14 17:23:14.998058	2013-06-14 17:23:14.998058
268	61	303	\N	ATI Technologies Inc IXP200 3COM 3C920B Ethernet Controller	2.3	2584342	\N	\N	2013-06-14 17:23:15.053947	2013-06-14 17:23:15.053947
269	19	25	\N	SpeedStream 1012 PCMCIA 10/100 Ethernet Card [RTL81xx]	0.3	2432525	\N	\N	2013-06-14 17:23:15.075886	2013-06-14 17:23:15.075886
270	34	35	\N	Dynalink ISDN Adapter (PCI Bus, DV, W)	2.4	8542911	\N	\N	2013-06-14 17:23:15.098126	2013-06-14 17:23:15.098126
271	45	43	\N	AuthenTec [Anchor] AF-S2 FingerLoc Sensor Module	0.6	4314699	\N	\N	2013-06-14 17:23:15.125069	2013-06-14 17:23:15.125069
272	28	28	\N	IBM Corp. Remote System Administration device [RSA2]	0.5	8881024	\N	\N	2013-06-14 17:23:15.146908	2013-06-14 17:23:15.146908
273	59	199	\N	LSI Logic / Symbios Logic SAS2308 PCI-Express Fusion-MPT SAS-2	1.1	4342081	\N	\N	2013-06-14 17:23:15.175999	2013-06-14 17:23:15.175999
274	15	22	\N	LevelOne FPC-0106TX misprogrammed [RTL81xx]	1.4	2148586	\N	\N	2013-06-14 17:23:15.20297	2013-06-14 17:23:15.20297
275	8	6	\N	Hauppauge computer works Inc. WinTV PVR-150	1.3	3831641	\N	\N	2013-06-14 17:23:15.231339	2013-06-14 17:23:15.231339
276	15	22	\N	LevelOne FPC-0106TX misprogrammed [RTL81xx]	1.6	6317483	\N	\N	2013-06-14 17:23:15.254834	2013-06-14 17:23:15.254834
277	54	72	6	Compaq Computer Corporation Smart Array 64xx	0.5	8728080	\N	\N	2013-06-14 17:23:15.281188	2013-06-14 17:23:15.294145
278	60	256	\N	Kolter Electronic PCI-Counter/Timer Counter Timer board	0.4	5873922	\N	\N	2013-06-14 17:23:15.307567	2013-06-14 17:23:15.307567
279	47	51	\N	PixArt Imaging Inc. Maxell MaxCam RotaWeb	0.0	7414249	\N	\N	2013-06-14 17:23:15.332595	2013-06-14 17:23:15.332595
280	2	1	\N	Allied Telesis, Inc AT-2500TX V3 Ethernet	0.6	4913781	\N	\N	2013-06-14 17:23:15.354102	2013-06-14 17:23:15.354102
281	8	10	\N	Hauppauge computer works Inc. WinTV PVR-350	0.2	7912563	\N	\N	2013-06-14 17:23:15.376634	2013-06-14 17:23:15.376634
282	57	160	\N	SHF Communication Technologies AG Ethernet Powerlink Managing Node 01	2.6	5317083	\N	\N	2013-06-14 17:23:15.39785	2013-06-14 17:23:15.39785
283	39	41	\N	AVerMedia Technologies Inc. AVerTV 301	2.5	3874660	\N	\N	2013-06-14 17:23:15.418757	2013-06-14 17:23:15.418757
284	45	43	\N	AuthenTec [Anchor] AF-S2 FingerLoc Sensor Module	2.8	3733368	\N	\N	2013-06-14 17:23:15.446469	2013-06-14 17:23:15.446469
285	50	58	\N	Rhino Equipment Corp. Rhino R8FXX	2.5	5029666	\N	\N	2013-06-14 17:23:15.4689	2013-06-14 17:23:15.4689
286	34	35	\N	Dynalink ISDN Adapter (PCI Bus, DV, W)	0.7	9494461	\N	\N	2013-06-14 17:23:15.491319	2013-06-14 17:23:15.491319
287	32	30	\N	CyberDoor CBD516	1.2	8472368	\N	\N	2013-06-14 17:23:15.512424	2013-06-14 17:23:15.512424
288	38	38	\N	Wired Inc. Butane II (MPEG2 encoder board)	2.8	7506815	\N	\N	2013-06-14 17:23:15.558523	2013-06-14 17:23:15.558523
289	60	253	\N	Kolter Electronic OPTO-PCI Opto-Isolated digital I/O board	1.2	6509799	\N	\N	2013-06-14 17:23:15.569822	2013-06-14 17:23:15.569822
290	50	64	\N	Rhino Equipment Corp. RCB24FXO 24-Channel FXO analog telphony card	2.7	4638494	\N	\N	2013-06-14 17:23:15.587804	2013-06-14 17:23:15.587804
291	47	48	\N	PixArt Imaging Inc. CIF Single Chip	0.8	3965054	\N	\N	2013-06-14 17:23:15.61138	2013-06-14 17:23:15.61138
292	8	5	\N	Hauppauge computer works Inc. WinTV PVR-150	0.9	1902546	\N	\N	2013-06-14 17:23:15.635362	2013-06-14 17:23:15.635362
293	47	51	\N	PixArt Imaging Inc. Maxell MaxCam RotaWeb	2.2	1005264	\N	\N	2013-06-14 17:23:15.661941	2013-06-14 17:23:15.661941
294	28	28	\N	IBM Corp. Remote System Administration device [RSA2]	1.7	1525792	\N	\N	2013-06-14 17:23:15.701108	2013-06-14 17:23:15.701108
295	52	68	\N	ASCII Corporation Trance Vibrator	1.5	4855361	\N	\N	2013-06-14 17:23:15.723142	2013-06-14 17:23:15.723142
296	60	257	\N	Kolter Electronic PCI-DAC416 Analogue output board	0.1	4404698	\N	\N	2013-06-14 17:23:15.745596	2013-06-14 17:23:15.745596
297	50	54	\N	Rhino Equipment Corp. Rhino R1T1	2.3	6685405	\N	\N	2013-06-14 17:23:15.767768	2013-06-14 17:23:15.767768
298	2	1	\N	Allied Telesis, Inc AT-2500TX V3 Ethernet	2.4	6857622	\N	\N	2013-06-14 17:23:15.789634	2013-06-14 17:23:15.789634
299	39	41	\N	AVerMedia Technologies Inc. AVerTV 301	1.4	2814398	\N	\N	2013-06-14 17:23:15.820315	2013-06-14 17:23:15.820315
300	37	37	\N	Ubiquiti Networks, Inc. XtremeRange5	0.0	6093953	\N	\N	2013-06-14 17:23:15.841851	2013-06-14 17:23:15.841851
301	26	27	\N	SCM Microsystems, Inc. Pluto2 DVB-T Receiver for PCMCIA [EasyWatch MobilSet]	2.9	4076110	\N	\N	2013-06-14 17:23:15.863694	2013-06-14 17:23:15.863694
302	38	38	\N	Wired Inc. Butane II (MPEG2 encoder board)	0.2	3989743	\N	\N	2013-06-14 17:23:15.887121	2013-06-14 17:23:15.887121
303	39	40	\N	AVerMedia Technologies Inc. Slim mobile Express DVB-T (Fujitsu)	0.6	3167877	\N	\N	2013-06-14 17:23:15.910267	2013-06-14 17:23:15.910267
304	15	22	\N	LevelOne FPC-0106TX misprogrammed [RTL81xx]	2.8	8625744	\N	\N	2013-06-14 17:23:15.935019	2013-06-14 17:23:15.935019
305	8	9	\N	Hauppauge computer works Inc. WinTV PVR-250	2.7	5532386	\N	\N	2013-06-14 17:23:15.956865	2013-06-14 17:23:15.956865
306	59	207	176	LSI Logic / Symbios Logic MegaRAID SAS 2108 [Liberator]	1.0	8897285	\N	\N	2013-06-14 17:23:15.982427	2013-06-14 17:23:15.997008
307	47	47	\N	PixArt Imaging Inc. Digital Photo Viewer	1.5	7115718	\N	\N	2013-06-14 17:23:16.039605	2013-06-14 17:23:16.039605
308	2	1	\N	Allied Telesis, Inc AT-2500TX V3 Ethernet	1.6	7058098	\N	\N	2013-06-14 17:23:16.050969	2013-06-14 17:23:16.050969
309	10	21	\N	Silicon Image, Inc. (Wrong ID) Ultra ATA/133 IDE RAID CONTROLLER CARD	2.0	8303567	\N	\N	2013-06-14 17:23:16.061305	2013-06-14 17:23:16.061305
310	50	56	\N	Rhino Equipment Corp. RCB4FXO 4-channel FXO analog telphony card	1.9	5280759	\N	\N	2013-06-14 17:23:16.072981	2013-06-14 17:23:16.072981
311	34	34	\N	Dynalink IS64PH ISDN Adapter	0.2	3605746	\N	\N	2013-06-14 17:23:16.088949	2013-06-14 17:23:16.088949
312	16	23	\N	Compaq Computer Corporation HNE-300 (RealTek RTL8139c) [iPaq Networking]	2.5	3884764	\N	\N	2013-06-14 17:23:16.111101	2013-06-14 17:23:16.111101
313	54	90	\N	Compaq Computer Corporation QVision 1280/p	1.6	6017131	\N	\N	2013-06-14 17:23:16.139051	2013-06-14 17:23:16.139051
314	38	38	\N	Wired Inc. Butane II (MPEG2 encoder board)	0.9	4505655	\N	\N	2013-06-14 17:23:16.167369	2013-06-14 17:23:16.167369
315	50	67	\N	Rhino Equipment Corp. RCB672FXX 672-channel modular analog telphony card	1.2	1119020	\N	\N	2013-06-14 17:23:16.189124	2013-06-14 17:23:16.189124
316	57	160	\N	SHF Communication Technologies AG Ethernet Powerlink Managing Node 01	2.5	2080095	\N	\N	2013-06-14 17:23:16.210763	2013-06-14 17:23:16.210763
317	16	23	\N	Compaq Computer Corporation HNE-300 (RealTek RTL8139c) [iPaq Networking]	2.3	3048765	\N	\N	2013-06-14 17:23:16.232743	2013-06-14 17:23:16.232743
318	19	25	\N	SpeedStream 1012 PCMCIA 10/100 Ethernet Card [RTL81xx]	2.5	3848588	\N	\N	2013-06-14 17:23:16.254387	2013-06-14 17:23:16.254387
319	28	28	\N	IBM Corp. Remote System Administration device [RSA2]	1.2	8166700	\N	\N	2013-06-14 17:23:16.277399	2013-06-14 17:23:16.277399
320	4	2	1	PEAK-System Technik GmbH PCAN-PCI CAN-Bus controller	0.2	6090991	\N	\N	2013-06-14 17:23:16.300751	2013-06-14 17:23:16.312246
321	31	29	\N	OmniVision OV519 series	2.1	3101898	\N	\N	2013-06-14 17:23:16.32512	2013-06-14 17:23:16.32512
322	2	1	\N	Allied Telesis, Inc AT-2500TX V3 Ethernet	2.8	7752360	\N	\N	2013-06-14 17:23:16.357845	2013-06-14 17:23:16.357845
323	4	2	2	PEAK-System Technik GmbH PCAN-PCI CAN-Bus controller	2.2	3559354	\N	\N	2013-06-14 17:23:16.386082	2013-06-14 17:23:16.398902
324	10	21	\N	Silicon Image, Inc. (Wrong ID) Ultra ATA/133 IDE RAID CONTROLLER CARD	2.6	1910302	\N	\N	2013-06-14 17:23:16.413568	2013-06-14 17:23:16.413568
325	61	390	\N	ATI Technologies Inc Radeon X800 SE (R420) (AGP)	2.6	4274116	\N	\N	2013-06-14 17:23:16.444839	2013-06-14 17:23:16.444839
326	31	29	\N	OmniVision OV519 series	0.7	2765423	\N	\N	2013-06-14 17:23:16.468267	2013-06-14 17:23:16.468267
327	60	260	\N	Kolter Electronic INI-9100/9100W SCSI Host	0.1	9247286	\N	\N	2013-06-14 17:23:16.517877	2013-06-14 17:23:16.517877
328	18	24	\N	Davicom Semiconductor, Inc. DM9102A(DM9102AE, SM9102AF) Ethernet 100/10 MBit(Rev 40)	1.5	7094788	\N	\N	2013-06-14 17:23:16.541361	2013-06-14 17:23:16.541361
329	60	257	\N	Kolter Electronic PCI-DAC416 Analogue output board	0.5	7548224	\N	\N	2013-06-14 17:23:16.565808	2013-06-14 17:23:16.565808
330	23	26	\N	TTTech AG TTP-Monitoring Card V2.0	2.3	7328737	\N	\N	2013-06-14 17:23:16.587938	2013-06-14 17:23:16.587938
331	47	48	\N	PixArt Imaging Inc. CIF Single Chip	0.8	5989192	\N	\N	2013-06-14 17:23:16.609725	2013-06-14 17:23:16.609725
332	61	307	\N	ATI Technologies Inc Dual Channel Bus Master PCI IDE Controller	1.7	2502418	\N	\N	2013-06-14 17:23:16.640185	2013-06-14 17:23:16.640185
333	53	69	\N	TerraTec Electronic GmbH Cinergy T^2 DVB-T Receiver	2.0	4699999	\N	\N	2013-06-14 17:23:16.662972	2013-06-14 17:23:16.662972
334	16	23	\N	Compaq Computer Corporation HNE-300 (RealTek RTL8139c) [iPaq Networking]	0.9	2605069	\N	\N	2013-06-14 17:23:16.683896	2013-06-14 17:23:16.683896
335	8	18	\N	Hauppauge computer works Inc. WinTV PVR-150	2.4	3218399	\N	\N	2013-06-14 17:23:16.707431	2013-06-14 17:23:16.707431
336	15	22	\N	LevelOne FPC-0106TX misprogrammed [RTL81xx]	0.2	8461712	\N	\N	2013-06-14 17:23:16.730854	2013-06-14 17:23:16.730854
337	28	28	\N	IBM Corp. Remote System Administration device [RSA2]	2.5	2884427	\N	\N	2013-06-14 17:23:16.757547	2013-06-14 17:23:16.757547
338	8	6	\N	Hauppauge computer works Inc. WinTV PVR-150	0.1	4608957	\N	\N	2013-06-14 17:23:16.779934	2013-06-14 17:23:16.779934
339	61	288	\N	ATI Technologies Inc 68800AX [Mach32]	2.6	2354083	\N	\N	2013-06-14 17:23:16.808863	2013-06-14 17:23:16.808863
340	10	21	\N	Silicon Image, Inc. (Wrong ID) Ultra ATA/133 IDE RAID CONTROLLER CARD	2.1	4626143	\N	\N	2013-06-14 17:23:16.831033	2013-06-14 17:23:16.831033
341	59	242	\N	LSI Logic / Symbios Logic 83C885 NT50 DigitalScape Fast Ethernet	2.7	4883408	\N	\N	2013-06-14 17:23:16.856804	2013-06-14 17:23:16.856804
342	4	2	1	PEAK-System Technik GmbH PCAN-PCI CAN-Bus controller	0.4	1830559	\N	\N	2013-06-14 17:23:16.87819	2013-06-14 17:23:16.890113
343	18	24	\N	Davicom Semiconductor, Inc. DM9102A(DM9102AE, SM9102AF) Ethernet 100/10 MBit(Rev 40)	2.8	8778523	\N	\N	2013-06-14 17:23:16.902185	2013-06-14 17:23:16.902185
344	34	33	\N	Dynalink IS64PH ISDN Adapter	1.9	1063672	\N	\N	2013-06-14 17:23:16.924061	2013-06-14 17:23:16.924061
345	33	32	\N	Sigmatel Inc. SMTP3500	1.2	9770559	\N	\N	2013-06-14 17:23:16.945875	2013-06-14 17:23:16.945875
346	18	24	\N	Davicom Semiconductor, Inc. DM9102A(DM9102AE, SM9102AF) Ethernet 100/10 MBit(Rev 40)	0.2	8921161	\N	\N	2013-06-14 17:23:16.99489	2013-06-14 17:23:16.99489
347	16	23	\N	Compaq Computer Corporation HNE-300 (RealTek RTL8139c) [iPaq Networking]	1.7	3314134	\N	\N	2013-06-14 17:23:17.008025	2013-06-14 17:23:17.008025
348	2	1	\N	Allied Telesis, Inc AT-2500TX V3 Ethernet	0.1	4171107	\N	\N	2013-06-14 17:23:17.025348	2013-06-14 17:23:17.025348
349	50	66	\N	Rhino Equipment Corp. RCB24FXX 24-channel modular analog telphony card	1.5	2357331	\N	\N	2013-06-14 17:23:17.049227	2013-06-14 17:23:17.049227
350	33	31	\N	Sigmatel Inc. SMTP3410	0.0	4164398	\N	\N	2013-06-14 17:23:17.072475	2013-06-14 17:23:17.072475
351	54	154	\N	Compaq Computer Corporation Memory Hot-Plug Controller	0.9	3543097	\N	\N	2013-06-14 17:23:17.09793	2013-06-14 17:23:17.09793
352	32	30	\N	CyberDoor CBD516	1.6	3232376	\N	\N	2013-06-14 17:23:17.121353	2013-06-14 17:23:17.121353
353	46	44	\N	First International Computer, Inc. VA-502 Mainboard	1.5	8183787	\N	\N	2013-06-14 17:23:17.143077	2013-06-14 17:23:17.143077
354	60	260	\N	Kolter Electronic INI-9100/9100W SCSI Host	0.6	5954371	\N	\N	2013-06-14 17:23:17.167021	2013-06-14 17:23:17.167021
355	4	2	1	PEAK-System Technik GmbH PCAN-PCI CAN-Bus controller	0.5	8784436	\N	\N	2013-06-14 17:23:17.188795	2013-06-14 17:23:17.200991
356	38	39	\N	Wired Inc. MediaPress (MPEG2 encoder board)	2.8	7723904	\N	\N	2013-06-14 17:23:17.217547	2013-06-14 17:23:17.217547
357	53	69	\N	TerraTec Electronic GmbH Cinergy T^2 DVB-T Receiver	0.0	4917790	\N	\N	2013-06-14 17:23:17.239099	2013-06-14 17:23:17.239099
358	31	29	\N	OmniVision OV519 series	2.4	1106740	\N	\N	2013-06-14 17:23:17.263327	2013-06-14 17:23:17.263327
359	33	32	\N	Sigmatel Inc. SMTP3500	2.1	8103442	\N	\N	2013-06-14 17:23:17.292248	2013-06-14 17:23:17.292248
360	37	37	\N	Ubiquiti Networks, Inc. XtremeRange5	0.0	8712462	\N	\N	2013-06-14 17:23:17.321658	2013-06-14 17:23:17.321658
361	23	26	\N	TTTech AG TTP-Monitoring Card V2.0	2.3	3668745	\N	\N	2013-06-14 17:23:17.343165	2013-06-14 17:23:17.343165
362	54	106	\N	Compaq Computer Corporation Smart Array 6400	2.9	5473707	\N	\N	2013-06-14 17:23:17.372743	2013-06-14 17:23:17.372743
363	19	25	\N	SpeedStream 1012 PCMCIA 10/100 Ethernet Card [RTL81xx]	2.3	7220732	\N	\N	2013-06-14 17:23:17.395886	2013-06-14 17:23:17.395886
364	48	53	\N	Arris CM 200E Cable Modem	1.5	1355920	\N	\N	2013-06-14 17:23:17.417667	2013-06-14 17:23:17.417667
365	23	26	\N	TTTech AG TTP-Monitoring Card V2.0	0.3	2074039	\N	\N	2013-06-14 17:23:17.439055	2013-06-14 17:23:17.439055
366	26	27	\N	SCM Microsystems, Inc. Pluto2 DVB-T Receiver for PCMCIA [EasyWatch MobilSet]	2.6	5488402	\N	\N	2013-06-14 17:23:17.483236	2013-06-14 17:23:17.483236
367	57	160	\N	SHF Communication Technologies AG Ethernet Powerlink Managing Node 01	0.2	3770184	\N	\N	2013-06-14 17:23:17.499806	2013-06-14 17:23:17.499806
368	54	151	\N	Compaq Computer Corporation NC3165 Fast Ethernet Upgrade Module	1.8	3474980	\N	\N	2013-06-14 17:23:17.525355	2013-06-14 17:23:17.525355
369	61	311	\N	ATI Technologies Inc 210888CX [Mach64 CX]	2.3	1444390	\N	\N	2013-06-14 17:23:17.559155	2013-06-14 17:23:17.559155
370	37	37	\N	Ubiquiti Networks, Inc. XtremeRange5	0.3	4627400	\N	\N	2013-06-14 17:23:17.581324	2013-06-14 17:23:17.581324
371	23	26	\N	TTTech AG TTP-Monitoring Card V2.0	0.6	6418955	\N	\N	2013-06-14 17:23:17.606733	2013-06-14 17:23:17.606733
372	61	273	\N	ATI Technologies Inc R300 AE [Radeon 9700 Pro]	2.2	6728059	\N	\N	2013-06-14 17:23:17.636171	2013-06-14 17:23:17.636171
373	46	44	\N	First International Computer, Inc. VA-502 Mainboard	1.9	7698387	\N	\N	2013-06-14 17:23:17.665056	2013-06-14 17:23:17.665056
374	59	167	21	LSI Logic / Symbios Logic 53c1510	1.2	3229858	\N	\N	2013-06-14 17:23:17.692964	2013-06-14 17:23:17.705647
375	59	198	\N	LSI Logic / Symbios Logic SAS2116 PCI-Express Fusion-MPT SAS-2 [Meteor]	1.8	4787201	\N	\N	2013-06-14 17:23:17.723456	2013-06-14 17:23:17.723456
376	37	37	\N	Ubiquiti Networks, Inc. XtremeRange5	0.1	3230873	\N	\N	2013-06-14 17:23:17.745793	2013-06-14 17:23:17.745793
377	18	24	\N	Davicom Semiconductor, Inc. DM9102A(DM9102AE, SM9102AF) Ethernet 100/10 MBit(Rev 40)	2.2	9344247	\N	\N	2013-06-14 17:23:17.769072	2013-06-14 17:23:17.769072
378	47	49	\N	PixArt Imaging Inc. PAC7311	0.4	8911794	\N	\N	2013-06-14 17:23:17.79167	2013-06-14 17:23:17.79167
379	47	51	\N	PixArt Imaging Inc. Maxell MaxCam RotaWeb	1.4	8534123	\N	\N	2013-06-14 17:23:17.816446	2013-06-14 17:23:17.816446
380	45	43	\N	AuthenTec [Anchor] AF-S2 FingerLoc Sensor Module	2.0	7528695	\N	\N	2013-06-14 17:23:17.840527	2013-06-14 17:23:17.840527
381	32	30	\N	CyberDoor CBD516	0.7	4432997	\N	\N	2013-06-14 17:23:17.867345	2013-06-14 17:23:17.867345
382	4	2	1	PEAK-System Technik GmbH PCAN-PCI CAN-Bus controller	0.6	8726828	\N	\N	2013-06-14 17:23:17.890867	2013-06-14 17:23:17.903372
383	16	23	\N	Compaq Computer Corporation HNE-300 (RealTek RTL8139c) [iPaq Networking]	2.0	4045501	\N	\N	2013-06-14 17:23:17.916229	2013-06-14 17:23:17.916229
384	60	254	\N	Kolter Electronic PCI-AD/DA Analogue I/O board	0.3	6974342	\N	\N	2013-06-14 17:23:17.938027	2013-06-14 17:23:17.938027
385	32	30	\N	CyberDoor CBD516	0.4	1299665	\N	\N	2013-06-14 17:23:17.984856	2013-06-14 17:23:17.984856
386	18	24	\N	Davicom Semiconductor, Inc. DM9102A(DM9102AE, SM9102AF) Ethernet 100/10 MBit(Rev 40)	1.1	8955725	\N	\N	2013-06-14 17:23:18.001704	2013-06-14 17:23:18.001704
387	45	43	\N	AuthenTec [Anchor] AF-S2 FingerLoc Sensor Module	2.0	3406063	\N	\N	2013-06-14 17:23:18.021187	2013-06-14 17:23:18.021187
388	26	27	\N	SCM Microsystems, Inc. Pluto2 DVB-T Receiver for PCMCIA [EasyWatch MobilSet]	0.3	7923887	\N	\N	2013-06-14 17:23:18.044403	2013-06-14 17:23:18.044403
389	46	44	\N	First International Computer, Inc. VA-502 Mainboard	0.0	4509675	\N	\N	2013-06-14 17:23:18.068094	2013-06-14 17:23:18.068094
390	59	212	\N	LSI Logic / Symbios Logic SAS2208 PCI-Express Fusion-MPT SAS-2	2.5	2334667	\N	\N	2013-06-14 17:23:18.094878	2013-06-14 17:23:18.094878
391	57	160	\N	SHF Communication Technologies AG Ethernet Powerlink Managing Node 01	2.8	1225087	\N	\N	2013-06-14 17:23:18.117338	2013-06-14 17:23:18.117338
392	57	160	\N	SHF Communication Technologies AG Ethernet Powerlink Managing Node 01	1.1	4325001	\N	\N	2013-06-14 17:23:18.139078	2013-06-14 17:23:18.139078
393	48	53	\N	Arris CM 200E Cable Modem	0.3	4385008	\N	\N	2013-06-14 17:23:18.160657	2013-06-14 17:23:18.160657
394	45	43	\N	AuthenTec [Anchor] AF-S2 FingerLoc Sensor Module	2.6	2616269	\N	\N	2013-06-14 17:23:18.187024	2013-06-14 17:23:18.187024
396	37	37	\N	Ubiquiti Networks, Inc. XtremeRange5	2.6	3841967	\N	\N	2013-06-14 17:23:18.230249	2013-06-14 17:23:18.230249
397	26	27	\N	SCM Microsystems, Inc. Pluto2 DVB-T Receiver for PCMCIA [EasyWatch MobilSet]	2.6	1672689	\N	\N	2013-06-14 17:23:18.252904	2013-06-14 17:23:18.252904
398	52	68	\N	ASCII Corporation Trance Vibrator	0.7	8545148	\N	\N	2013-06-14 17:23:18.276778	2013-06-14 17:23:18.276778
399	52	68	\N	ASCII Corporation Trance Vibrator	2.7	1747651	\N	\N	2013-06-14 17:23:18.29808	2013-06-14 17:23:18.29808
400	54	131	\N	Compaq Computer Corporation Netelligent 10 T/2 PCI UTP/Coax	0.2	4316930	\N	\N	2013-06-14 17:23:18.324685	2013-06-14 17:23:18.324685
401	34	35	\N	Dynalink ISDN Adapter (PCI Bus, DV, W)	2.3	9714342	\N	\N	2013-06-14 17:23:18.347325	2013-06-14 17:23:18.347325
402	23	26	\N	TTTech AG TTP-Monitoring Card V2.0	1.7	2303310	\N	\N	2013-06-14 17:23:18.377753	2013-06-14 17:23:18.377753
403	33	32	\N	Sigmatel Inc. SMTP3500	1.2	2624575	\N	\N	2013-06-14 17:23:18.400348	2013-06-14 17:23:18.400348
404	37	37	\N	Ubiquiti Networks, Inc. XtremeRange5	1.1	2837115	\N	\N	2013-06-14 17:23:18.421129	2013-06-14 17:23:18.421129
405	18	24	\N	Davicom Semiconductor, Inc. DM9102A(DM9102AE, SM9102AF) Ethernet 100/10 MBit(Rev 40)	1.4	6858917	\N	\N	2013-06-14 17:23:18.470605	2013-06-14 17:23:18.470605
406	50	67	\N	Rhino Equipment Corp. RCB672FXX 672-channel modular analog telphony card	0.8	6378086	\N	\N	2013-06-14 17:23:18.490343	2013-06-14 17:23:18.490343
407	16	23	\N	Compaq Computer Corporation HNE-300 (RealTek RTL8139c) [iPaq Networking]	1.4	6540389	\N	\N	2013-06-14 17:23:18.514173	2013-06-14 17:23:18.514173
408	59	194	\N	LSI Logic / Symbios Logic SAS1066 PCI-X Fusion-MPT SAS	1.2	4366713	\N	\N	2013-06-14 17:23:18.540587	2013-06-14 17:23:18.540587
409	34	33	\N	Dynalink IS64PH ISDN Adapter	1.0	3604345	\N	\N	2013-06-14 17:23:18.562515	2013-06-14 17:23:18.562515
410	60	252	\N	Kolter Electronic PCI 1616 Measurement card with 32 digital I/O lines	2.4	7227345	\N	\N	2013-06-14 17:23:18.585396	2013-06-14 17:23:18.585396
411	31	29	\N	OmniVision OV519 series	0.5	3613915	\N	\N	2013-06-14 17:23:18.608422	2013-06-14 17:23:18.608422
412	61	375	\N	ATI Technologies Inc 210888GX [Mach64 GX]	0.6	8302538	\N	\N	2013-06-14 17:23:18.64307	2013-06-14 17:23:18.64307
413	37	37	\N	Ubiquiti Networks, Inc. XtremeRange5	0.0	3927940	\N	\N	2013-06-14 17:23:18.66549	2013-06-14 17:23:18.66549
414	34	34	\N	Dynalink IS64PH ISDN Adapter	2.2	8868650	\N	\N	2013-06-14 17:23:18.687211	2013-06-14 17:23:18.687211
415	32	30	\N	CyberDoor CBD516	2.5	4212496	\N	\N	2013-06-14 17:23:18.713178	2013-06-14 17:23:18.713178
416	53	69	\N	TerraTec Electronic GmbH Cinergy T^2 DVB-T Receiver	0.8	1451213	\N	\N	2013-06-14 17:23:18.738621	2013-06-14 17:23:18.738621
417	15	22	\N	LevelOne FPC-0106TX misprogrammed [RTL81xx]	1.8	5674733	\N	\N	2013-06-14 17:23:18.763607	2013-06-14 17:23:18.763607
418	50	58	\N	Rhino Equipment Corp. Rhino R8FXX	0.9	9571040	\N	\N	2013-06-14 17:23:18.786112	2013-06-14 17:23:18.786112
419	33	31	\N	Sigmatel Inc. SMTP3410	1.4	2855237	\N	\N	2013-06-14 17:23:18.817016	2013-06-14 17:23:18.817016
420	4	2	2	PEAK-System Technik GmbH PCAN-PCI CAN-Bus controller	0.6	7241591	\N	\N	2013-06-14 17:23:18.845397	2013-06-14 17:23:18.857886
421	31	29	\N	OmniVision OV519 series	0.1	3189778	\N	\N	2013-06-14 17:23:18.879304	2013-06-14 17:23:18.879304
422	53	69	\N	TerraTec Electronic GmbH Cinergy T^2 DVB-T Receiver	2.9	9943150	\N	\N	2013-06-14 17:23:18.900723	2013-06-14 17:23:18.900723
423	10	21	\N	Silicon Image, Inc. (Wrong ID) Ultra ATA/133 IDE RAID CONTROLLER CARD	2.5	3657527	\N	\N	2013-06-14 17:23:18.921669	2013-06-14 17:23:18.921669
424	19	25	\N	SpeedStream 1012 PCMCIA 10/100 Ethernet Card [RTL81xx]	2.0	8177749	\N	\N	2013-06-14 17:23:18.970863	2013-06-14 17:23:18.970863
425	19	25	\N	SpeedStream 1012 PCMCIA 10/100 Ethernet Card [RTL81xx]	1.2	8809900	\N	\N	2013-06-14 17:23:18.99084	2013-06-14 17:23:18.99084
426	18	24	\N	Davicom Semiconductor, Inc. DM9102A(DM9102AE, SM9102AF) Ethernet 100/10 MBit(Rev 40)	0.3	2405036	\N	\N	2013-06-14 17:23:19.01529	2013-06-14 17:23:19.01529
427	16	23	\N	Compaq Computer Corporation HNE-300 (RealTek RTL8139c) [iPaq Networking]	0.3	6787930	\N	\N	2013-06-14 17:23:19.037326	2013-06-14 17:23:19.037326
428	4	2	1	PEAK-System Technik GmbH PCAN-PCI CAN-Bus controller	2.1	6050946	\N	\N	2013-06-14 17:23:19.059038	2013-06-14 17:23:19.071971
429	39	42	\N	AVerMedia Technologies Inc. AVerTV DVB-T Volar (USB 2.0)	0.2	3154471	\N	\N	2013-06-14 17:23:19.085254	2013-06-14 17:23:19.085254
430	15	22	\N	LevelOne FPC-0106TX misprogrammed [RTL81xx]	2.1	4376947	\N	\N	2013-06-14 17:23:19.108122	2013-06-14 17:23:19.108122
431	48	53	\N	Arris CM 200E Cable Modem	2.2	9694797	\N	\N	2013-06-14 17:23:19.129589	2013-06-14 17:23:19.129589
432	61	360	424	ATI Technologies Inc 3D Rage Pro AGP 1X	1.2	8047711	\N	\N	2013-06-14 17:23:19.156483	2013-06-14 17:23:19.16263
433	34	35	\N	Dynalink ISDN Adapter (PCI Bus, DV, W)	0.1	8817001	\N	\N	2013-06-14 17:23:19.173881	2013-06-14 17:23:19.173881
434	16	23	\N	Compaq Computer Corporation HNE-300 (RealTek RTL8139c) [iPaq Networking]	1.8	3728282	\N	\N	2013-06-14 17:23:19.197227	2013-06-14 17:23:19.197227
435	18	24	\N	Davicom Semiconductor, Inc. DM9102A(DM9102AE, SM9102AF) Ethernet 100/10 MBit(Rev 40)	2.9	2882960	\N	\N	2013-06-14 17:23:19.220183	2013-06-14 17:23:19.220183
436	10	21	\N	Silicon Image, Inc. (Wrong ID) Ultra ATA/133 IDE RAID CONTROLLER CARD	0.3	1924322	\N	\N	2013-06-14 17:23:19.241605	2013-06-14 17:23:19.241605
437	48	53	\N	Arris CM 200E Cable Modem	1.3	8017549	\N	\N	2013-06-14 17:23:19.263645	2013-06-14 17:23:19.263645
438	4	2	2	PEAK-System Technik GmbH PCAN-PCI CAN-Bus controller	0.5	9023547	\N	\N	2013-06-14 17:23:19.287018	2013-06-14 17:23:19.299975
439	46	44	\N	First International Computer, Inc. VA-502 Mainboard	1.4	2905602	\N	\N	2013-06-14 17:23:19.316287	2013-06-14 17:23:19.316287
440	61	265	\N	ATI Technologies Inc M24GL [Mobility FireGL V3200]	2.5	7845803	\N	\N	2013-06-14 17:23:19.347417	2013-06-14 17:23:19.347417
441	8	7	\N	Hauppauge computer works Inc. WinTV PVR-350	2.7	8000686	\N	\N	2013-06-14 17:23:19.371638	2013-06-14 17:23:19.371638
442	2	1	\N	Allied Telesis, Inc AT-2500TX V3 Ethernet	1.9	2254587	\N	\N	2013-06-14 17:23:19.394772	2013-06-14 17:23:19.394772
443	23	26	\N	TTTech AG TTP-Monitoring Card V2.0	1.0	6499413	\N	\N	2013-06-14 17:23:19.416293	2013-06-14 17:23:19.416293
444	10	21	\N	Silicon Image, Inc. (Wrong ID) Ultra ATA/133 IDE RAID CONTROLLER CARD	0.8	5789715	\N	\N	2013-06-14 17:23:19.457274	2013-06-14 17:23:19.457274
445	54	132	\N	Compaq Computer Corporation NC3120 Fast Ethernet NIC	0.5	7174688	\N	\N	2013-06-14 17:23:19.484267	2013-06-14 17:23:19.484267
446	57	160	\N	SHF Communication Technologies AG Ethernet Powerlink Managing Node 01	1.4	8426894	\N	\N	2013-06-14 17:23:19.506231	2013-06-14 17:23:19.506231
447	59	203	144	LSI Logic / Symbios Logic MegaRAID SAS 9240	1.2	7715785	\N	\N	2013-06-14 17:23:19.533134	2013-06-14 17:23:19.546815
448	8	18	\N	Hauppauge computer works Inc. WinTV PVR-150	2.3	9024245	\N	\N	2013-06-14 17:23:19.561178	2013-06-14 17:23:19.561178
449	23	26	\N	TTTech AG TTP-Monitoring Card V2.0	2.7	3954870	\N	\N	2013-06-14 17:23:19.584532	2013-06-14 17:23:19.584532
450	18	24	\N	Davicom Semiconductor, Inc. DM9102A(DM9102AE, SM9102AF) Ethernet 100/10 MBit(Rev 40)	1.1	5779872	\N	\N	2013-06-14 17:23:19.607897	2013-06-14 17:23:19.607897
451	23	26	\N	TTTech AG TTP-Monitoring Card V2.0	2.3	3866343	\N	\N	2013-06-14 17:23:19.633532	2013-06-14 17:23:19.633532
452	16	23	\N	Compaq Computer Corporation HNE-300 (RealTek RTL8139c) [iPaq Networking]	0.9	2931860	\N	\N	2013-06-14 17:23:19.656793	2013-06-14 17:23:19.656793
453	38	39	\N	Wired Inc. MediaPress (MPEG2 encoder board)	0.7	1139735	\N	\N	2013-06-14 17:23:19.678183	2013-06-14 17:23:19.678183
454	61	383	\N	ATI Technologies Inc R420 JH [Radeon X800]	0.2	5841057	\N	\N	2013-06-14 17:23:19.7078	2013-06-14 17:23:19.7078
455	46	44	\N	First International Computer, Inc. VA-502 Mainboard	0.2	8675690	\N	\N	2013-06-14 17:23:19.730107	2013-06-14 17:23:19.730107
456	39	40	\N	AVerMedia Technologies Inc. Slim mobile Express DVB-T (Fujitsu)	1.6	3324894	\N	\N	2013-06-14 17:23:19.753467	2013-06-14 17:23:19.753467
457	8	3	\N	Hauppauge computer works Inc. WinTV PVR-250	2.4	5243014	\N	\N	2013-06-14 17:23:19.775394	2013-06-14 17:23:19.775394
458	50	67	\N	Rhino Equipment Corp. RCB672FXX 672-channel modular analog telphony card	1.0	5712756	\N	\N	2013-06-14 17:23:19.796368	2013-06-14 17:23:19.796368
459	45	43	\N	AuthenTec [Anchor] AF-S2 FingerLoc Sensor Module	1.7	1317613	\N	\N	2013-06-14 17:23:19.821302	2013-06-14 17:23:19.821302
460	50	63	\N	Rhino Equipment Corp. Rhino R24FXS	2.2	7132485	\N	\N	2013-06-14 17:23:19.84501	2013-06-14 17:23:19.84501
461	26	27	\N	SCM Microsystems, Inc. Pluto2 DVB-T Receiver for PCMCIA [EasyWatch MobilSet]	0.5	2515749	\N	\N	2013-06-14 17:23:19.877919	2013-06-14 17:23:19.877919
462	4	2	1	PEAK-System Technik GmbH PCAN-PCI CAN-Bus controller	1.8	1255974	\N	\N	2013-06-14 17:23:19.902729	2013-06-14 17:23:19.945964
463	26	27	\N	SCM Microsystems, Inc. Pluto2 DVB-T Receiver for PCMCIA [EasyWatch MobilSet]	0.0	8234022	\N	\N	2013-06-14 17:23:19.958207	2013-06-14 17:23:19.958207
464	48	53	\N	Arris CM 200E Cable Modem	0.9	4229406	\N	\N	2013-06-14 17:23:19.979219	2013-06-14 17:23:19.979219
465	18	24	\N	Davicom Semiconductor, Inc. DM9102A(DM9102AE, SM9102AF) Ethernet 100/10 MBit(Rev 40)	1.2	8557058	\N	\N	2013-06-14 17:23:20.000388	2013-06-14 17:23:20.000388
466	52	68	\N	ASCII Corporation Trance Vibrator	1.5	8575886	\N	\N	2013-06-14 17:23:20.022379	2013-06-14 17:23:20.022379
467	45	43	\N	AuthenTec [Anchor] AF-S2 FingerLoc Sensor Module	2.1	9609813	\N	\N	2013-06-14 17:23:20.043536	2013-06-14 17:23:20.043536
468	37	37	\N	Ubiquiti Networks, Inc. XtremeRange5	1.7	8898580	\N	\N	2013-06-14 17:23:20.065556	2013-06-14 17:23:20.065556
469	53	69	\N	TerraTec Electronic GmbH Cinergy T^2 DVB-T Receiver	0.8	4309609	\N	\N	2013-06-14 17:23:20.087254	2013-06-14 17:23:20.087254
470	33	31	\N	Sigmatel Inc. SMTP3410	1.5	7566096	\N	\N	2013-06-14 17:23:20.108724	2013-06-14 17:23:20.108724
471	19	25	\N	SpeedStream 1012 PCMCIA 10/100 Ethernet Card [RTL81xx]	1.3	1148608	\N	\N	2013-06-14 17:23:20.130055	2013-06-14 17:23:20.130055
472	47	49	\N	PixArt Imaging Inc. PAC7311	1.3	5821826	\N	\N	2013-06-14 17:23:20.151906	2013-06-14 17:23:20.151906
473	59	212	\N	LSI Logic / Symbios Logic SAS2208 PCI-Express Fusion-MPT SAS-2	0.4	3540591	\N	\N	2013-06-14 17:23:20.177856	2013-06-14 17:23:20.177856
474	39	42	\N	AVerMedia Technologies Inc. AVerTV DVB-T Volar (USB 2.0)	1.5	1294987	\N	\N	2013-06-14 17:23:20.199842	2013-06-14 17:23:20.199842
475	8	19	\N	Hauppauge computer works Inc. WinTV PVR-500 MCE (1st tuner)	2.3	9058058	\N	\N	2013-06-14 17:23:20.22229	2013-06-14 17:23:20.22229
476	48	53	\N	Arris CM 200E Cable Modem	0.9	4706034	\N	\N	2013-06-14 17:23:20.243848	2013-06-14 17:23:20.243848
477	61	273	\N	ATI Technologies Inc R300 AE [Radeon 9700 Pro]	2.4	9645037	\N	\N	2013-06-14 17:23:20.273308	2013-06-14 17:23:20.273308
478	31	29	\N	OmniVision OV519 series	2.5	1421129	\N	\N	2013-06-14 17:23:20.297845	2013-06-14 17:23:20.297845
479	15	22	\N	LevelOne FPC-0106TX misprogrammed [RTL81xx]	0.6	9593585	\N	\N	2013-06-14 17:23:20.319257	2013-06-14 17:23:20.319257
480	52	68	\N	ASCII Corporation Trance Vibrator	1.4	4332400	\N	\N	2013-06-14 17:23:20.342708	2013-06-14 17:23:20.342708
481	4	2	1	PEAK-System Technik GmbH PCAN-PCI CAN-Bus controller	2.3	9125297	\N	\N	2013-06-14 17:23:20.364823	2013-06-14 17:23:20.378202
482	45	43	\N	AuthenTec [Anchor] AF-S2 FingerLoc Sensor Module	2.4	6739622	\N	\N	2013-06-14 17:23:20.391115	2013-06-14 17:23:20.391115
483	46	44	\N	First International Computer, Inc. VA-502 Mainboard	0.0	8255722	\N	\N	2013-06-14 17:23:20.439606	2013-06-14 17:23:20.439606
484	23	26	\N	TTTech AG TTP-Monitoring Card V2.0	2.8	3633655	\N	\N	2013-06-14 17:23:20.466594	2013-06-14 17:23:20.466594
485	33	32	\N	Sigmatel Inc. SMTP3500	2.2	3725260	\N	\N	2013-06-14 17:23:20.488556	2013-06-14 17:23:20.488556
486	4	2	2	PEAK-System Technik GmbH PCAN-PCI CAN-Bus controller	0.0	3097810	\N	\N	2013-06-14 17:23:20.511547	2013-06-14 17:23:20.523499
487	47	51	\N	PixArt Imaging Inc. Maxell MaxCam RotaWeb	2.8	7819484	\N	\N	2013-06-14 17:23:20.541583	2013-06-14 17:23:20.541583
488	52	68	\N	ASCII Corporation Trance Vibrator	0.6	5181106	\N	\N	2013-06-14 17:23:20.563079	2013-06-14 17:23:20.563079
489	52	68	\N	ASCII Corporation Trance Vibrator	0.5	4445048	\N	\N	2013-06-14 17:23:20.593516	2013-06-14 17:23:20.593516
490	18	24	\N	Davicom Semiconductor, Inc. DM9102A(DM9102AE, SM9102AF) Ethernet 100/10 MBit(Rev 40)	0.7	1925329	\N	\N	2013-06-14 17:23:20.615191	2013-06-14 17:23:20.615191
491	32	30	\N	CyberDoor CBD516	0.3	2511870	\N	\N	2013-06-14 17:23:20.637043	2013-06-14 17:23:20.637043
492	19	25	\N	SpeedStream 1012 PCMCIA 10/100 Ethernet Card [RTL81xx]	2.5	2993125	\N	\N	2013-06-14 17:23:20.658244	2013-06-14 17:23:20.658244
493	45	43	\N	AuthenTec [Anchor] AF-S2 FingerLoc Sensor Module	0.3	3280997	\N	\N	2013-06-14 17:23:20.682169	2013-06-14 17:23:20.682169
494	31	29	\N	OmniVision OV519 series	1.2	7129571	\N	\N	2013-06-14 17:23:20.703753	2013-06-14 17:23:20.703753
495	31	29	\N	OmniVision OV519 series	1.7	1994164	\N	\N	2013-06-14 17:23:20.725418	2013-06-14 17:23:20.725418
496	33	32	\N	Sigmatel Inc. SMTP3500	2.5	6905076	\N	\N	2013-06-14 17:23:20.750255	2013-06-14 17:23:20.750255
497	50	61	\N	Rhino Equipment Corp. RCB24FXS 24-Channel FXS analog telphony card	2.8	8014380	\N	\N	2013-06-14 17:23:20.772962	2013-06-14 17:23:20.772962
498	15	22	\N	LevelOne FPC-0106TX misprogrammed [RTL81xx]	2.4	3298620	\N	\N	2013-06-14 17:23:20.795087	2013-06-14 17:23:20.795087
499	2	1	\N	Allied Telesis, Inc AT-2500TX V3 Ethernet	2.1	2488613	\N	\N	2013-06-14 17:23:20.817376	2013-06-14 17:23:20.817376
500	18	24	\N	Davicom Semiconductor, Inc. DM9102A(DM9102AE, SM9102AF) Ethernet 100/10 MBit(Rev 40)	2.9	6531429	\N	\N	2013-06-14 17:23:20.839472	2013-06-14 17:23:20.839472
\.


--
-- Data for Name: details_equipment; Type: TABLE DATA; Schema: public; Owner: ode
--

COPY details_equipment (detail_id, equipment_id) FROM stdin;
187	1
168	1
438	1
215	1
210	1
473	1
418	1
380	1
305	2
26	2
215	2
106	2
213	2
175	2
263	3
392	4
380	4
353	4
194	4
107	5
433	6
120	6
152	7
285	7
25	8
46	9
401	9
15	10
475	10
178	10
336	10
53	10
1	10
120	10
204	10
37	10
123	11
336	11
406	12
460	12
259	12
144	12
62	12
300	12
263	13
488	13
15	13
481	13
124	13
175	13
155	13
475	14
150	14
156	15
92	15
445	15
139	15
54	15
478	15
259	16
383	16
418	16
422	16
115	16
288	16
451	16
197	17
465	17
132	17
123	17
407	17
76	17
438	18
257	18
459	18
238	18
152	18
389	18
21	18
294	19
139	19
95	19
125	19
490	19
384	20
10	20
391	20
107	20
165	20
441	20
428	20
297	20
418	20
434	20
264	21
205	21
423	21
497	21
152	21
238	22
199	22
100	22
482	22
182	22
78	22
459	22
158	23
265	23
43	23
249	24
485	24
263	24
436	24
314	24
153	24
365	25
47	25
108	25
415	25
500	26
88	26
215	26
410	26
286	26
27	27
495	27
99	27
11	28
392	28
238	28
442	28
10	28
22	28
16	29
380	29
299	29
157	29
176	29
341	29
152	29
92	30
325	30
432	30
109	30
27	30
38	30
254	30
487	30
442	30
83	30
370	31
374	31
75	31
475	31
461	31
363	31
217	31
475	31
393	32
111	32
178	32
297	33
242	33
273	33
116	33
439	34
390	34
286	34
169	35
208	35
297	35
166	35
433	35
192	35
78	35
395	36
411	36
129	36
124	36
104	36
293	36
197	36
246	36
169	37
288	37
453	37
435	37
215	37
60	37
447	38
282	38
481	38
419	38
301	38
39	38
450	38
140	38
485	38
164	39
260	39
340	39
207	40
227	40
194	40
239	40
388	41
234	42
500	42
294	43
348	43
276	43
331	43
65	44
262	44
28	44
217	44
220	44
191	44
330	44
245	44
270	45
384	45
194	45
401	45
395	45
139	46
362	47
206	47
43	47
126	47
333	47
171	47
101	47
71	47
275	47
490	47
20	48
161	48
292	48
14	48
43	48
315	48
374	48
362	49
434	49
382	49
440	49
300	49
192	49
356	50
291	50
219	50
428	50
343	50
71	50
118	50
260	51
245	51
400	51
140	51
139	51
465	51
449	51
135	51
303	51
156	51
101	52
30	52
244	52
297	52
148	52
57	52
417	52
413	52
209	52
148	53
462	53
414	53
157	53
437	53
53	53
111	53
342	53
4	54
419	54
91	54
4	55
301	55
343	55
481	55
129	55
279	55
228	55
356	55
32	56
278	56
341	56
257	56
238	56
499	56
484	57
455	57
219	57
116	57
228	57
51	57
281	57
37	57
499	57
307	58
444	58
447	58
299	58
420	58
384	58
74	58
27	58
95	58
386	59
143	59
123	59
307	59
188	59
118	59
45	59
283	59
291	59
473	60
372	60
466	60
481	60
383	60
144	60
186	60
467	60
457	60
452	60
180	61
238	61
476	61
238	62
142	62
397	62
417	63
81	63
401	64
73	64
376	64
253	64
308	64
159	64
288	64
395	64
139	64
5	65
176	65
20	65
266	66
373	67
403	67
149	67
113	67
140	67
496	67
268	67
200	67
452	68
388	68
377	68
442	68
118	68
231	68
463	68
188	68
498	69
108	69
418	69
387	69
337	69
176	69
223	69
140	69
110	70
368	71
200	71
346	71
125	71
45	71
185	71
64	71
32	71
320	72
285	72
62	72
368	72
76	73
424	73
347	74
10	74
341	74
164	74
486	74
325	74
44	75
54	75
329	75
197	75
2	75
41	75
425	75
232	75
24	75
411	75
429	76
484	76
170	77
494	77
44	77
38	77
179	77
331	77
260	77
181	77
349	77
380	77
482	78
129	78
88	78
435	78
344	78
462	78
383	79
236	79
234	80
441	80
314	81
417	81
137	82
276	82
473	82
59	82
385	82
4	82
234	82
167	82
395	82
264	83
236	83
239	83
251	83
349	83
413	83
191	83
243	83
466	84
416	84
410	84
153	85
468	85
151	85
301	85
426	85
34	85
225	85
347	85
199	86
452	86
413	86
138	86
100	86
74	86
396	86
264	87
353	87
62	87
58	87
42	87
201	87
76	87
498	87
208	87
176	88
129	88
12	88
406	88
18	89
373	90
178	90
314	90
261	90
306	90
442	91
136	91
479	91
122	91
319	91
224	92
260	92
276	92
311	93
31	93
181	93
497	93
304	93
47	93
199	93
223	93
294	94
389	95
481	95
246	95
339	95
144	96
43	96
120	96
330	96
333	96
161	97
376	97
408	97
28	97
475	98
402	99
427	99
206	99
53	99
228	99
136	99
442	99
128	99
387	99
496	99
7	100
292	100
228	100
452	100
285	100
325	100
117	101
284	101
381	102
176	103
466	103
239	103
410	103
354	103
105	103
94	103
461	103
294	103
85	103
371	104
448	104
112	104
308	104
153	104
287	104
227	104
402	104
100	104
312	105
55	105
175	105
52	105
278	105
354	105
37	106
97	106
499	106
40	106
107	106
318	106
66	106
125	107
287	107
71	107
348	108
481	108
32	108
152	109
375	109
454	109
115	109
239	109
428	110
193	110
402	110
103	110
34	110
133	110
9	111
203	111
44	111
432	111
144	111
72	111
279	111
339	111
218	111
332	112
397	112
431	112
66	112
77	112
278	113
319	113
126	113
423	114
230	114
124	114
290	114
386	114
189	114
297	114
189	114
125	114
393	114
355	115
323	115
254	115
212	116
420	116
177	116
290	116
281	116
246	117
254	117
59	117
211	117
163	117
315	117
149	117
9	117
14	117
108	117
215	118
311	118
278	118
21	118
313	118
31	118
148	118
355	118
346	118
251	118
189	119
459	119
230	119
470	119
233	120
313	120
385	120
44	120
4	120
20	120
114	120
99	120
336	120
54	120
399	121
178	121
339	121
341	121
27	121
453	121
235	121
346	122
242	122
75	122
382	122
494	122
195	122
344	122
127	123
383	123
440	123
123	123
347	123
6	123
480	123
121	124
388	124
17	125
259	125
7	125
292	125
40	126
74	127
232	127
325	127
149	127
318	127
10	127
211	127
30	128
452	128
82	128
223	128
284	128
345	128
266	128
461	129
50	129
317	130
174	130
43	130
99	130
493	130
46	130
366	130
474	130
76	130
41	130
315	131
145	131
415	132
184	132
269	132
396	132
451	133
475	133
43	133
102	133
287	133
1	133
426	133
245	133
472	134
351	134
47	135
383	135
424	135
140	135
78	135
363	135
456	135
464	136
251	136
78	136
392	136
104	136
160	136
101	136
333	136
244	137
8	137
121	137
272	137
389	137
245	137
167	138
301	138
311	138
333	139
139	139
421	139
35	139
118	139
342	139
114	139
167	139
15	140
25	140
470	140
220	140
77	140
386	140
166	141
265	141
209	141
49	142
466	142
460	142
475	142
294	143
19	143
279	143
466	143
423	144
275	144
45	145
199	145
425	145
421	145
431	145
209	145
497	145
301	145
454	146
140	146
219	146
444	146
315	146
390	146
149	147
380	147
377	147
208	147
256	147
2	148
270	148
375	149
10	149
174	149
286	149
402	149
335	149
310	149
304	149
397	149
494	149
60	150
69	150
177	150
341	150
304	150
190	150
65	150
4	150
\.


--
-- Name: details_id_seq; Type: SEQUENCE SET; Schema: public; Owner: ode
--

SELECT pg_catalog.setval('details_id_seq', 500, true);


--
-- Data for Name: devices; Type: TABLE DATA; Schema: public; Owner: ode
--

COPY devices (id, device_hex, vendor_id, name) FROM stdin;
1	0x8139	2	AT-2500TX V3 Ethernet
2	0x0001	4	PCAN-PCI CAN-Bus controller
3	0x0003	8	WinTV PVR-250
4	0x0009	8	WinTV PVR-150
5	0x0801	8	WinTV PVR-150
6	0x0807	8	WinTV PVR-150
7	0x4000	8	WinTV PVR-350
8	0x4001	8	WinTV PVR-250 (v1)
9	0x4009	8	WinTV PVR-250
10	0x4800	8	WinTV PVR-350
11	0x4801	8	WinTV PVR-250 MCE
12	0x4803	8	WinTV PVR-250
13	0x7444	8	WinTV HVR-1600
14	0x7801	8	WinTV HVR-1800 MCE
15	0x8003	8	WinTV PVR-150
16	0x8801	8	WinTV PVR-150
17	0xc108	8	WinTV-HVR-4400-HD model 1278
18	0xc801	8	WinTV PVR-150
19	0xe807	8	WinTV PVR-500 MCE (1st tuner)
20	0xe817	8	WinTV PVR-500 MCE (2nd tuner)
21	0x0680	10	Ultra ATA/133 IDE RAID CONTROLLER CARD
22	0x0106	15	FPC-0106TX misprogrammed [RTL81xx]
23	0x8139	16	HNE-300 (RealTek RTL8139c) [iPaq Networking]
24	0x8212	18	DM9102A(DM9102AE, SM9102AF) Ethernet 100/10 MBit(Rev 40)
25	0x1012	19	1012 PCMCIA 10/100 Ethernet Card [RTL81xx]
26	0x000a	23	TTP-Monitoring Card V2.0
27	0x0001	26	Pluto2 DVB-T Receiver for PCMCIA [EasyWatch MobilSet]
28	0x4001	28	Remote System Administration device [RSA2]
29	0x8519	31	OV519 series
30	0x0701	32	CBD516
31	0x3410	33	SMTP3410
32	0x3500	33	SMTP3500
33	0x1700	34	IS64PH ISDN Adapter
34	0x1702	34	IS64PH ISDN Adapter
35	0x1703	34	ISDN Adapter (PCI Bus, DV, W)
36	0x1704	34	ISDN Adapter (PCI Bus, D, C)
37	0x3005	37	XtremeRange5
38	0x6663	38	Butane II (MPEG2 encoder board)
39	0x6666	38	MediaPress (MPEG2 encoder board)
40	0x534a	39	Slim mobile Express DVB-T (Fujitsu)
41	0xa301	39	AVerTV 301
42	0xb808	39	AVerTV DVB-T Volar (USB 2.0)
43	0xafe4	45	[Anchor] AF-S2 FingerLoc Sensor Module
44	0x1234	46	VA-502 Mainboard
45	0x010e	47	Innovage Mini Digital Camera
46	0x010f	47	SDC-300 Webcam
47	0x020f	47	Digital Photo Viewer
48	0x2468	47	CIF Single Chip
49	0x2600	47	PAC7311
50	0x2603	47	Philips Webcam SPC500NC
51	0x2608	47	Maxell MaxCam RotaWeb
52	0x2620	47	C3 Tech Mod. 153
53	0x0704	48	CM 200E Cable Modem
54	0x0105	50	Rhino R1T1
55	0x0205	50	Rhino R4FXO
56	0x0206	50	RCB4FXO 4-channel FXO analog telphony card
57	0x0305	50	Rhino R4T1
58	0x0405	50	Rhino R8FXX
59	0x0406	50	RCB8FXX 8-channel modular analog telphony card
60	0x0505	50	Rhino R24FXX
61	0x0506	50	RCB24FXS 24-Channel FXS analog telphony card
62	0x0605	50	Rhino R2T1
63	0x0705	50	Rhino R24FXS
64	0x0706	50	RCB24FXO 24-Channel FXO analog telphony card
65	0x0905	50	R1T3 Single T3 Digital Telephony Card
66	0x0906	50	RCB24FXX 24-channel modular analog telphony card
67	0x0a06	50	RCB672FXX 672-channel modular analog telphony card
68	0x064f	52	Trance Vibrator
69	0x0038	53	Cinergy T^2 DVB-T Receiver
70	0x0001	54	PCI to EISA Bridge
71	0x0002	54	PCI to ISA Bridge
72	0x0046	54	Smart Array 64xx
73	0x0049	54	NC7132 Gigabit Upgrade Module
74	0x004a	54	NC6136 Gigabit Server Adapter
75	0x005a	54	Remote Insight II board - Lights-Out
76	0x007c	54	NC7770 1000BaseTX
77	0x007d	54	NC6770 1000BaseTX
78	0x0085	54	NC7780 1000BaseTX
79	0x00b1	54	Remote Insight II board - PCI device
80	0x00bb	54	NC7760
81	0x00ca	54	NC7771
82	0x00cb	54	NC7781
83	0x00cf	54	NC7772
84	0x00d0	54	NC7782
85	0x00d1	54	NC7783
86	0x00e3	54	NC7761
87	0x0508	54	Netelligent 4/16 Token Ring
88	0x1000	54	Triflex/Pentium Bridge, Model 1000
89	0x2000	54	Triflex/Pentium Bridge, Model 2000
90	0x3032	54	QVision 1280/p
91	0x3033	54	QVision 1280/p
92	0x3034	54	QVision 1280/p
93	0x4000	54	4000 [Triflex]
94	0x4040	54	Integrated Array
95	0x4048	54	Compaq Raid LC2
96	0x4050	54	Smart Array 4200
97	0x4051	54	Smart Array 4250ES
98	0x4058	54	Smart Array 431
99	0x4070	54	Smart Array 5300
100	0x4080	54	Smart Array 5i
101	0x4082	54	Smart Array 532
102	0x4083	54	Smart Array 5312
103	0x4091	54	Smart Array 6i
104	0x409a	54	Smart Array 641
105	0x409b	54	Smart Array 642
106	0x409c	54	Smart Array 6400
107	0x409d	54	Smart Array 6400 EM
108	0x6010	54	HotPlug PCI Bridge 6010
109	0x7020	54	USB Controller
110	0xa0ec	54	Fibre Channel Host Controller
111	0xa0f0	54	Advanced System Management Controller
112	0xa0f3	54	Triflex PCI to ISA Bridge
113	0xa0f7	54	PCI Hotplug Controller
114	0xa0f8	54	ZFMicro Chipset USB
115	0xa0fc	54	FibreChannel HBA Tachyon
116	0xae10	54	Smart-2/P RAID Controller
117	0xae29	54	MIS-L
118	0xae2a	54	MPC
119	0xae2b	54	MIS-E
120	0xae31	54	System Management Controller
121	0xae32	54	Netelligent 10/100 TX PCI UTP
122	0xae33	54	Triflex Dual EIDE Controller
123	0xae34	54	Netelligent 10 T PCI UTP
124	0xae35	54	Integrated NetFlex-3/P
125	0xae40	54	Netelligent Dual 10/100 TX PCI UTP
126	0xae43	54	Netelligent Integrated 10/100 TX UTP
127	0xae69	54	CETUS-L
128	0xae6c	54	Northstar
129	0xae6d	54	NorthStar CPU to PCI Bridge
130	0xb011	54	Netelligent 10/100 TX Embedded UTP
131	0xb012	54	Netelligent 10 T/2 PCI UTP/Coax
132	0xb01e	54	NC3120 Fast Ethernet NIC
133	0xb01f	54	NC3122 Fast Ethernet NIC
134	0xb02f	54	NC1120 Ethernet NIC
135	0xb030	54	Netelligent 10/100 TX UTP
136	0xb04a	54	10/100 TX PCI Intel WOL UTP Controller
137	0xb060	54	Smart Array 5300 Controller
138	0xb0c6	54	NC3161 Fast Ethernet NIC
139	0xb0c7	54	NC3160 Fast Ethernet NIC
140	0xb0d7	54	NC3121 Fast Ethernet NIC
141	0xb0dd	54	NC3131 Fast Ethernet NIC
142	0xb0de	54	NC3132 Fast Ethernet Module
143	0xb0df	54	NC6132 Gigabit Module
144	0xb0e0	54	NC6133 Gigabit Module
145	0xb0e1	54	NC3133 Fast Ethernet Module
146	0xb123	54	NC6134 Gigabit NIC
147	0xb134	54	NC3163 Fast Ethernet NIC
148	0xb13c	54	NC3162 Fast Ethernet NIC
149	0xb144	54	NC3123 Fast Ethernet NIC
150	0xb163	54	NC3134 Fast Ethernet NIC
151	0xb164	54	NC3165 Fast Ethernet Upgrade Module
152	0xb178	54	Smart Array 5i/532
153	0xb1a4	54	NC7131 Gigabit Server Adapter
154	0xb200	54	Memory Hot-Plug Controller
155	0xb203	54	Integrated Lights Out Controller
156	0xb204	54	Integrated Lights Out  Processor
157	0xc000	54	Remote Insight Lights-Out Edition
158	0xf130	54	NetFlex-3/P ThunderLAN 1.0
159	0xf150	54	NetFlex-3/P ThunderLAN 2.3
160	0x0008	57	Ethernet Powerlink Managing Node 01
161	0x0001	59	53c810
162	0x0002	59	53c820
163	0x0003	59	53c825
164	0x0004	59	53c815
165	0x0005	59	53c810AP
166	0x0006	59	53c860
167	0x000a	59	53c1510
168	0x000b	59	53C896/897
169	0x000c	59	53c895
170	0x000d	59	53c885
171	0x000f	59	53c875
172	0x0010	59	53C1510
173	0x0012	59	53c895a
174	0x0013	59	53c875a
175	0x0020	59	53c1010 Ultra3 SCSI Adapter
176	0x0021	59	53c1010 66MHz  Ultra3 SCSI Adapter
177	0x0030	59	53c1030 PCI-X Fusion-MPT Dual Ultra320 SCSI
178	0x0031	59	53c1030ZC PCI-X Fusion-MPT Dual Ultra320 SCSI
179	0x0032	59	53c1035 PCI-X Fusion-MPT Dual Ultra320 SCSI
180	0x0033	59	1030ZC_53c1035 PCI-X Fusion-MPT Dual Ultra320 SCSI
181	0x0040	59	53c1035 PCI-X Fusion-MPT Dual Ultra320 SCSI
182	0x0041	59	53C1035ZC PCI-X Fusion-MPT Dual Ultra320 SCSI
183	0x0050	59	SAS1064 PCI-X Fusion-MPT SAS
184	0x0054	59	SAS1068 PCI-X Fusion-MPT SAS
185	0x0055	59	SAS1068 PCI-X Fusion-MPT SAS
186	0x0056	59	SAS1064ET PCI-Express Fusion-MPT SAS
187	0x0057	59	M1064E MegaRAID SAS
188	0x0058	59	SAS1068E PCI-Express Fusion-MPT SAS
189	0x0059	59	MegaRAID SAS 8208ELP/8208ELP
190	0x005a	59	SAS1066E PCI-Express Fusion-MPT SAS
191	0x005b	59	MegaRAID SAS 2208 [Thunderbolt]
192	0x005c	59	SAS1064A PCI-X Fusion-MPT SAS
193	0x005d	59	MegaRAID SAS-3 3108 [Invader]
194	0x005e	59	SAS1066 PCI-X Fusion-MPT SAS
195	0x0060	59	MegaRAID SAS 1078
196	0x0062	59	SAS1078 PCI-Express Fusion-MPT SAS
197	0x0064	59	SAS2116 PCI-Express Fusion-MPT SAS-2 [Meteor]
198	0x0065	59	SAS2116 PCI-Express Fusion-MPT SAS-2 [Meteor]
199	0x006e	59	SAS2308 PCI-Express Fusion-MPT SAS-2
200	0x0070	59	SAS2004 PCI-Express Fusion-MPT SAS-2 [Spitfire]
201	0x0071	59	MR SAS HBA
202	0x0072	59	SAS2008 PCI-Express Fusion-MPT SAS-2 [Falcon]
203	0x0073	59	MegaRAID SAS 9240
204	0x0074	59	SAS2108 PCI-Express Fusion-MPT SAS-2 [Liberator]
205	0x0076	59	SAS2108 PCI-Express Fusion-MPT SAS-2 [Liberator]
206	0x0077	59	SAS2108 PCI-Express Fusion-MPT SAS-2 [Liberator]
207	0x0079	59	MegaRAID SAS 2108 [Liberator]
208	0x007c	59	MegaRAID SAS 1078DE
209	0x007e	59	SSS6200 PCI-Express Flash SSD
210	0x0080	59	SAS2208 PCI-Express Fusion-MPT SAS-2
211	0x0081	59	SAS2208 PCI-Express Fusion-MPT SAS-2
212	0x0082	59	SAS2208 PCI-Express Fusion-MPT SAS-2
213	0x0083	59	SAS2208 PCI-Express Fusion-MPT SAS-2
214	0x0084	59	SAS2208 PCI-Express Fusion-MPT SAS-2
215	0x0085	59	SAS2208 PCI-Express Fusion-MPT SAS-2
216	0x0086	59	SAS2308 PCI-Express Fusion-MPT SAS-2
217	0x0087	59	SAS2308 PCI-Express Fusion-MPT SAS-2
218	0x008f	59	53c875J
219	0x0090	59	SAS3108 PCI-Express Fusion-MPT SAS-3
220	0x0091	59	SAS3108 PCI-Express Fusion-MPT SAS-3
221	0x0094	59	SAS3108 PCI-Express Fusion-MPT SAS-3
222	0x0095	59	SAS3108 PCI-Express Fusion-MPT SAS-3
223	0x0096	59	SAS3004 PCI-Express Fusion-MPT SAS-3
224	0x0097	59	SAS3008 PCI-Express Fusion-MPT SAS-3
225	0x0407	59	MegaRAID
226	0x0408	59	MegaRAID
227	0x0409	59	MegaRAID
228	0x0411	59	MegaRAID SAS
229	0x0413	59	MegaRAID SAS Verde ZCR
230	0x0621	59	FC909 Fibre Channel Adapter
231	0x0622	59	FC929 Fibre Channel Adapter
232	0x0623	59	FC929 LAN
233	0x0624	59	FC919 Fibre Channel Adapter
234	0x0625	59	FC919 LAN
235	0x0626	59	FC929X Fibre Channel Adapter
236	0x0627	59	FC929X LAN
237	0x0628	59	FC919X Fibre Channel Adapter
238	0x0629	59	FC919X LAN
239	0x0640	59	FC949X Fibre Channel Adapter
240	0x0642	59	FC939X Fibre Channel Adapter
241	0x0646	59	FC949ES Fibre Channel Adapter
242	0x0701	59	83C885 NT50 DigitalScape Fast Ethernet
243	0x0702	59	Yellowfin G-NIC gigabit ethernet
244	0x0804	59	SA2010
245	0x0805	59	SA2010ZC
246	0x0806	59	SA2020
247	0x0807	59	SA2020ZC
248	0x0901	59	61C102
249	0x1000	59	63C815
250	0x1960	59	MegaRAID
251	0x6001	59	DX1 Multiformat Broadcast HD/SD Encoder/Decoder
252	0x0010	60	PCI 1616 Measurement card with 32 digital I/O lines
253	0x0011	60	OPTO-PCI Opto-Isolated digital I/O board
254	0x0012	60	PCI-AD/DA Analogue I/O board
255	0x0013	60	PCI-OPTO-RELAIS Digital I/O board with relay outputs
256	0x0014	60	PCI-Counter/Timer Counter Timer board
257	0x0015	60	PCI-DAC416 Analogue output board
258	0x0016	60	PCI-MFB Analogue I/O board
259	0x0017	60	PROTO-3 PCI Prototyping board
260	0x9100	60	INI-9100/9100W SCSI Host
261	0x1314	61	Wrestler HDMI Audio [Radeon HD 6250/6310]
262	0x3150	61	M24 1P [Radeon Mobility X600]
263	0x3151	61	M24 [FireMV 2400]
264	0x3152	61	M22 [Radeon Mobility X300]
265	0x3154	61	M24GL [Mobility FireGL V3200]
266	0x3171	61	M24 [FireMV 2400] (Secondary)
267	0x3e50	61	RV380 0x3e50 [Radeon X600]
268	0x3e54	61	RV380 0x3e54 [FireGL V3200]
269	0x3e70	61	RV380 [Radeon X600] (Secondary)
270	0x4136	61	Radeon IGP 320 M
271	0x4137	61	Radeon IGP330/340/350
272	0x4144	61	R300 AD [Radeon 9500 Pro]
273	0x4145	61	R300 AE [Radeon 9700 Pro]
274	0x4146	61	R300 AF [Radeon 9700 Pro]
275	0x4147	61	R300 AG [FireGL Z1/X1]
276	0x4148	61	R350 AH [Radeon 9800]
277	0x4149	61	R350 AI [Radeon 9800]
278	0x414a	61	R350 AJ [Radeon 9800]
279	0x414b	61	R350 AK [FireGL X2]
280	0x4150	61	RV350 AP [Radeon 9600]
281	0x4151	61	RV350 AQ [Radeon 9600]
282	0x4152	61	RV350 AR [Radeon 9600]
283	0x4153	61	RV350 AS [Radeon 9550]
284	0x4154	61	RV350 AT [FireGL T2]
285	0x4155	61	RV350 AU [FireGL T2]
286	0x4156	61	RV350 AV [FireGL T2]
287	0x4157	61	RV350 AW [FireGL T2]
288	0x4158	61	68800AX [Mach32]
289	0x4164	61	R300 AD [Radeon 9500 Pro] (Secondary)
290	0x4165	61	R300 AE [Radeon 9700 Pro] (Secondary)
291	0x4166	61	R300 AF [Radeon 9700 Pro] (Secondary)
292	0x4168	61	Radeon R350 [Radeon 9800] (Secondary)
293	0x4170	61	RV350 AP [Radeon 9600] (Secondary)
294	0x4171	61	RV350 AQ [Radeon 9600] (Secondary)
295	0x4172	61	RV350 AR [Radeon 9600] (Secondary)
296	0x4173	61	RV350 AS [Radeon 9550] (Secondary)
297	0x4237	61	Radeon 7000 IGP
298	0x4242	61	R200 BB [Radeon All in Wonder 8500DV]
299	0x4243	61	R200 BC [Radeon All in Wonder 8500]
300	0x4336	61	Radeon Mobility U1
301	0x4337	61	Radeon IGP 330M/340M/350M
302	0x4341	61	IXP150 AC'97 Audio Controller
303	0x4342	61	IXP200 3COM 3C920B Ethernet Controller
304	0x4345	61	EHCI USB Controller
305	0x4347	61	OHCI USB Controller #1
306	0x4348	61	OHCI USB Controller #2
307	0x4349	61	Dual Channel Bus Master PCI IDE Controller
308	0x434d	61	IXP AC'97 Modem
309	0x4353	61	SMBus
310	0x4354	61	215CT [Mach64 CT]
311	0x4358	61	210888CX [Mach64 CX]
312	0x4361	61	IXP SB300 AC'97 Audio Controller
313	0x4363	61	SMBus
314	0x436e	61	436E Serial ATA Controller
315	0x4370	61	IXP SB400 AC'97 Audio Controller
316	0x4371	61	IXP SB400 PCI-PCI Bridge
317	0x4372	61	IXP SB400 SMBus Controller
318	0x4373	61	IXP SB400 USB2 Host Controller
319	0x4374	61	IXP SB400 USB Host Controller
320	0x4375	61	IXP SB400 USB Host Controller
321	0x4376	61	IXP SB400 IDE Controller
322	0x4377	61	IXP SB400 PCI-ISA Bridge
323	0x4378	61	SB400 AC'97 Modem Controller
324	0x4379	61	IXP SB400 Serial ATA Controller
325	0x437a	61	IXP SB400 Serial ATA Controller
326	0x437b	61	IXP SB4x0 High Definition Audio Controller
327	0x4380	61	SB600 Non-Raid-5 SATA
328	0x4381	61	SB600 Raid-5 SATA
329	0x4382	61	SB600 AC97 Audio
330	0x4383	61	SBx00 Azalia (Intel HDA)
331	0x4384	61	SBx00 PCI to PCI Bridge
332	0x4385	61	SBx00 SMBus Controller
333	0x4386	61	SB600 USB Controller (EHCI)
334	0x4387	61	SB600 USB (OHCI0)
335	0x4388	61	SB600 USB (OHCI1)
336	0x4389	61	SB600 USB (OHCI2)
337	0x438a	61	SB600 USB (OHCI3)
338	0x438b	61	SB600 USB (OHCI4)
339	0x438c	61	SB600 IDE
340	0x438d	61	SB600 PCI to LPC Bridge
341	0x438e	61	SB600 AC97 Modem
342	0x4390	61	SB7x0/SB8x0/SB9x0 SATA Controller [IDE mode]
343	0x4391	61	SB7x0/SB8x0/SB9x0 SATA Controller [AHCI mode]
344	0x4392	61	SB7x0/SB8x0/SB9x0 SATA Controller [Non-RAID5 mode]
345	0x4393	61	SB7x0/SB8x0/SB9x0 SATA Controller [RAID5 mode]
346	0x4394	61	SB7x0/SB8x0/SB9x0 SATA Controller [AHCI mode]
347	0x4395	61	SB8x0/SB9x0 SATA Controller [Storage mode]
348	0x4396	61	SB7x0/SB8x0/SB9x0 USB EHCI Controller
349	0x4397	61	SB7x0/SB8x0/SB9x0 USB OHCI0 Controller
350	0x4398	61	SB7x0 USB OHCI1 Controller
351	0x4399	61	SB7x0/SB8x0/SB9x0 USB OHCI2 Controller
352	0x439c	61	SB7x0/SB8x0/SB9x0 IDE Controller
353	0x439d	61	SB7x0/SB8x0/SB9x0 LPC host controller
354	0x43a0	61	SB700/SB800 PCI to PCI bridge (PCIE port 0)
355	0x43a1	61	SB700/SB800 PCI to PCI bridge (PCIE port 1)
356	0x4437	61	Radeon Mobility 7000 IGP
357	0x4554	61	210888ET [Mach64 ET]
358	0x4654	61	Mach64 VT
359	0x4742	61	3D Rage Pro AGP 1X/2X
360	0x4744	61	3D Rage Pro AGP 1X
361	0x4747	61	3D Rage Pro
362	0x4749	61	3D Rage Pro
363	0x474c	61	Rage XC
364	0x474d	61	Rage XL AGP 2X
365	0x474e	61	Rage XC AGP
366	0x474f	61	Rage XL
367	0x4750	61	3D Rage Pro 215GP
368	0x4751	61	3D Rage Pro 215GQ
369	0x4752	61	Rage XL
370	0x4753	61	Rage XC
371	0x4754	61	3D Rage I/II 215GT [Mach64 GT]
372	0x4755	61	3D Rage II+ 215GTB [Mach64 GTB]
373	0x4756	61	3D Rage IIC 215IIC [Mach64 GT IIC]
374	0x4757	61	3D Rage IIC AGP
375	0x4758	61	210888GX [Mach64 GX]
376	0x4759	61	3D Rage IIC
377	0x475a	61	3D Rage IIC AGP
378	0x4964	61	Radeon RV250 Id [Radeon 9000]
379	0x4965	61	Radeon RV250 Ie [Radeon 9000]
380	0x4966	61	Radeon RV250 If [Radeon 9000]
381	0x4967	61	Radeon RV250 Ig [Radeon 9000]
382	0x496e	61	Radeon RV250 [Radeon 9000] (Secondary)
383	0x4a48	61	R420 JH [Radeon X800]
384	0x4a49	61	R420 JI [Radeon X800PRO]
385	0x4a4a	61	R420 JJ [Radeon X800SE]
386	0x4a4b	61	R420 JK [Radeon X800]
387	0x4a4c	61	R420 JL [Radeon X800]
388	0x4a4d	61	R420 JM [FireGL X3]
389	0x4a4e	61	M18 JN [Radeon Mobility 9800]
390	0x4a4f	61	Radeon X800 SE (R420) (AGP)
391	0x4a50	61	R420 JP [Radeon X800XT]
392	0x4a54	61	R420 [Radeon X800 VE]
393	0x4a69	61	R420 [Radeon X800 PRO/GTO] (Secondary)
394	0x4a6a	61	R420 [Radeon X800] (Secondary)
395	0x4a6b	61	R420 [Radeon X800] (Secondary)
396	0x4a70	61	R420 [X800XT-PE] (Secondary)
397	0x4a74	61	R420 [Radeon X800 VE] (Secondary)
398	0x4b48	61	Radeon X850 Consumer (R481)
399	0x4b49	61	R480 [Radeon X850XT]
400	0x4b4a	61	Radeon X850 SE (R480) (AGP)
401	0x4b4b	61	R480 [Radeon X850Pro]
402	0x4b4c	61	R481 [Radeon X850XT-PE]
403	0x4b69	61	R480 [Radeon X850XT] (Secondary)
404	0x4b6b	61	R480 [Radeon X850Pro] (Secondary)
405	0x4b6c	61	R481 [Radeon X850XT-PE] (Secondary)
406	0x4c42	61	3D Rage LT Pro AGP-133
407	0x4c44	61	3D Rage LT Pro AGP-66
408	0x4c45	61	Rage Mobility M3 AGP
409	0x4c46	61	Rage Mobility M3 AGP 2x
410	0x4c47	61	3D Rage LT-G 215LG
411	0x4c49	61	3D Rage LT Pro
412	0x4c4d	61	Rage Mobility P/M AGP 2x
413	0x4c4e	61	Rage Mobility L AGP 2x
414	0x4c50	61	3D Rage LT Pro
415	0x4c51	61	3D Rage LT Pro
416	0x4c52	61	Rage Mobility P/M
417	0x4c53	61	Rage Mobility L
418	0x4c54	61	264LT [Mach64 LT]
419	0x4c57	61	Radeon Mobility M7 LW [Radeon Mobility 7500]
\.


--
-- Name: devices_id_seq; Type: SEQUENCE SET; Schema: public; Owner: ode
--

SELECT pg_catalog.setval('devices_id_seq', 419, true);


--
-- Data for Name: equipment; Type: TABLE DATA; Schema: public; Owner: ode
--

COPY equipment (id, inventory_id, room_id, responsible_id, domain_name, md5sum, accepted_at, deleted_at, allow_del_at, created_at, updated_at) FROM stdin;
1	10	12	5	stone 12	\N	2013-06-14 17:23:20.962007	2013-06-14 17:23:20.962418	\N	2013-06-14 17:23:20.927844	2013-06-14 17:23:20.968422
2	32	9	4	gorynich 17	\N	\N	\N	\N	2013-06-14 17:23:20.993966	2013-06-14 17:23:20.993966
3	14	11	17	monster 8	\N	2013-06-14 17:23:21.033634	\N	\N	2013-06-14 17:23:21.023228	2013-06-14 17:23:21.037074
4	42	5	10	monster 22	\N	2013-06-14 17:23:21.073809	\N	\N	2013-06-14 17:23:21.058234	2013-06-14 17:23:21.077286
5	42	4	15	ice 23	\N	\N	\N	\N	2013-06-14 17:23:21.117026	2013-06-14 17:23:21.117026
6	47	3	17	mars 13	\N	\N	2013-06-14 17:23:21.14904	\N	2013-06-14 17:23:21.136581	2013-06-14 17:23:21.15256
7	15	3	17	ice 23	\N	\N	2013-06-14 17:23:21.182301	\N	2013-06-14 17:23:21.169822	2013-06-14 17:23:21.185902
8	22	7	1	fire 14	\N	\N	\N	\N	2013-06-14 17:23:21.200714	2013-06-14 17:23:21.200714
9	28	1	12	stone 11	\N	\N	2013-06-14 17:23:21.238903	\N	2013-06-14 17:23:21.226264	2013-06-14 17:23:21.242366
10	20	3	19	mars 24	\N	\N	\N	\N	2013-06-14 17:23:21.274594	2013-06-14 17:23:21.274594
11	26	11	6	ghost 19	\N	\N	2013-06-14 17:23:21.32339	\N	2013-06-14 17:23:21.310803	2013-06-14 17:23:21.326961
12	41	4	11	fire 18	\N	2013-06-14 17:23:21.371117	\N	\N	2013-06-14 17:23:21.353267	2013-06-14 17:23:21.374705
13	20	12	6	lib 10	\N	2013-06-14 17:23:21.422738	2013-06-14 17:23:21.423119	\N	2013-06-14 17:23:21.402469	2013-06-14 17:23:21.426531
14	19	1	4	lib 14	\N	\N	2013-06-14 17:23:21.455959	\N	2013-06-14 17:23:21.443491	2013-06-14 17:23:21.45942
15	32	11	13	mars 10	\N	2013-06-14 17:23:21.503874	\N	\N	2013-06-14 17:23:21.485666	2013-06-14 17:23:21.507347
16	7	12	2	stone 1	\N	2013-06-14 17:23:21.556322	2013-06-14 17:23:21.556727	\N	2013-06-14 17:23:21.535866	2013-06-14 17:23:21.560093
17	25	2	4	gorynich 17	\N	2013-06-14 17:23:21.603447	2013-06-14 17:23:21.603868	\N	2013-06-14 17:23:21.586014	2013-06-14 17:23:21.60721
18	5	3	18	stone 21	\N	\N	\N	\N	2013-06-14 17:23:21.636125	2013-06-14 17:23:21.636125
19	7	4	6	gorynich 3	\N	2013-06-14 17:23:21.693321	\N	\N	2013-06-14 17:23:21.677375	2013-06-14 17:23:21.696802
20	26	9	7	ghost 20	\N	2013-06-14 17:23:21.755788	2013-06-14 17:23:21.756208	\N	2013-06-14 17:23:21.731421	2013-06-14 17:23:21.786513
21	2	12	20	gorynich 9	\N	\N	\N	\N	2013-06-14 17:23:21.808129	2013-06-14 17:23:21.808129
22	32	5	16	monster 8	\N	2013-06-14 17:23:21.868258	2013-06-14 17:23:21.868658	\N	2013-06-14 17:23:21.849616	2013-06-14 17:23:21.872243
23	24	4	16	mars 2	\N	2013-06-14 17:23:21.904244	\N	\N	2013-06-14 17:23:21.891155	2013-06-14 17:23:21.90764
24	47	10	8	monster 10	\N	\N	2013-06-14 17:23:21.952205	\N	2013-06-14 17:23:21.934185	2013-06-14 17:23:21.955887
25	7	5	19	ghost 19	\N	2013-06-14 17:23:21.991817	2013-06-14 17:23:21.992178	\N	2013-06-14 17:23:21.976719	2013-06-14 17:23:21.995593
26	9	8	3	fire 22	\N	\N	\N	\N	2013-06-14 17:23:22.018952	2013-06-14 17:23:22.018952
27	40	8	5	ice 23	\N	2013-06-14 17:23:22.066562	2013-06-14 17:23:22.06693	\N	2013-06-14 17:23:22.052352	2013-06-14 17:23:22.070325
28	25	9	15	ice 15	\N	2013-06-14 17:23:22.113925	\N	\N	2013-06-14 17:23:22.09627	2013-06-14 17:23:22.117538
29	21	4	13	fire 24	\N	\N	\N	\N	2013-06-14 17:23:22.146571	2013-06-14 17:23:22.146571
30	42	12	4	gorynich 11	\N	\N	2013-06-14 17:23:22.220608	\N	2013-06-14 17:23:22.196755	2013-06-14 17:23:22.224144
31	24	9	5	gorynich 10	\N	2013-06-14 17:23:22.26536	\N	\N	2013-06-14 17:23:22.245538	2013-06-14 17:23:22.269028
32	50	6	11	ice 24	\N	\N	\N	\N	2013-06-14 17:23:22.288577	2013-06-14 17:23:22.288577
33	23	2	17	stone 10	\N	2013-06-14 17:23:22.336914	\N	\N	2013-06-14 17:23:22.321547	2013-06-14 17:23:22.340434
34	38	12	20	gorynich 15	\N	2013-06-14 17:23:22.375106	\N	\N	2013-06-14 17:23:22.360553	2013-06-14 17:23:22.378645
35	37	10	6	gorynich 9	\N	\N	\N	\N	2013-06-14 17:23:22.407487	2013-06-14 17:23:22.407487
36	50	1	11	lib 2	\N	\N	2013-06-14 17:23:22.528226	\N	2013-06-14 17:23:22.505625	2013-06-14 17:23:22.531873
37	15	8	19	fire 9	\N	\N	\N	\N	2013-06-14 17:23:22.558152	2013-06-14 17:23:22.558152
38	38	8	9	monster 14	\N	2013-06-14 17:23:22.629889	2013-06-14 17:23:22.630257	\N	2013-06-14 17:23:22.605944	2013-06-14 17:23:22.633747
39	41	5	20	fire 13	\N	\N	\N	\N	2013-06-14 17:23:22.653192	2013-06-14 17:23:22.653192
40	25	7	15	ice 7	\N	2013-06-14 17:23:22.700002	2013-06-14 17:23:22.700437	\N	2013-06-14 17:23:22.68535	2013-06-14 17:23:22.703778
41	45	6	13	gorynich 20	\N	\N	2013-06-14 17:23:22.726356	\N	2013-06-14 17:23:22.715519	2013-06-14 17:23:22.729857
42	48	8	3	fire 3	\N	\N	\N	\N	2013-06-14 17:23:22.746712	2013-06-14 17:23:22.746712
43	25	9	10	ghost 19	\N	2013-06-14 17:23:22.793886	\N	\N	2013-06-14 17:23:22.778154	2013-06-14 17:23:22.797512
44	32	7	2	ghost 12	\N	\N	\N	\N	2013-06-14 17:23:22.827774	2013-06-14 17:23:22.827774
45	39	1	1	monster 23	\N	\N	\N	\N	2013-06-14 17:23:22.868904	2013-06-14 17:23:22.868904
46	9	5	18	ice 15	\N	\N	\N	\N	2013-06-14 17:23:22.898003	2013-06-14 17:23:22.898003
47	39	2	14	fire 24	\N	\N	2013-06-14 17:23:22.96743	\N	2013-06-14 17:23:22.942177	2013-06-14 17:23:22.970954
48	31	11	8	monster 16	\N	2013-06-14 17:23:23.019057	\N	\N	2013-06-14 17:23:22.999775	2013-06-14 17:23:23.022584
49	31	2	16	stone 19	\N	2013-06-14 17:23:23.065698	\N	\N	2013-06-14 17:23:23.048138	2013-06-14 17:23:23.069176
50	20	3	9	stone 14	\N	2013-06-14 17:23:23.117201	2013-06-14 17:23:23.117572	\N	2013-06-14 17:23:23.0971	2013-06-14 17:23:23.121048
51	13	9	13	gorynich 7	\N	\N	\N	\N	2013-06-14 17:23:23.183156	2013-06-14 17:23:23.183156
52	50	12	2	ice 16	\N	\N	\N	\N	2013-06-14 17:23:23.23788	2013-06-14 17:23:23.23788
53	7	8	6	ice 9	\N	2013-06-14 17:23:23.3094	2013-06-14 17:23:23.30976	\N	2013-06-14 17:23:23.287918	2013-06-14 17:23:23.313239
54	27	1	8	mars 4	\N	2013-06-14 17:23:23.345588	\N	\N	2013-06-14 17:23:23.332181	2013-06-14 17:23:23.349206
55	30	2	7	lib 9	\N	2013-06-14 17:23:23.401771	\N	\N	2013-06-14 17:23:23.380102	2013-06-14 17:23:23.405467
56	16	4	3	monster 19	\N	\N	2013-06-14 17:23:23.449734	\N	2013-06-14 17:23:23.431589	2013-06-14 17:23:23.453366
57	36	2	13	fire 2	\N	2013-06-14 17:23:23.508866	2013-06-14 17:23:23.509219	\N	2013-06-14 17:23:23.486718	2013-06-14 17:23:23.512585
58	7	9	13	lib 17	\N	\N	\N	\N	2013-06-14 17:23:23.544465	2013-06-14 17:23:23.544465
59	41	7	11	stone 6	\N	\N	\N	\N	2013-06-14 17:23:23.597667	2013-06-14 17:23:23.597667
60	47	6	17	fire 6	\N	\N	\N	\N	2013-06-14 17:23:23.640586	2013-06-14 17:23:23.640586
61	21	6	16	monster 8	\N	2013-06-14 17:23:23.668874	2013-06-14 17:23:23.669225	\N	2013-06-14 17:23:23.660625	2013-06-14 17:23:23.672462
62	2	5	15	fire 6	\N	\N	2013-06-14 17:23:23.704338	\N	2013-06-14 17:23:23.690927	2013-06-14 17:23:23.707785
63	37	12	7	stone 21	\N	2013-06-14 17:23:23.736126	2013-06-14 17:23:23.736471	\N	2013-06-14 17:23:23.724168	2013-06-14 17:23:23.739706
64	50	5	9	lib 8	\N	\N	\N	\N	2013-06-14 17:23:23.78718	2013-06-14 17:23:23.78718
65	42	6	1	mars 23	\N	2013-06-14 17:23:23.856644	\N	\N	2013-06-14 17:23:23.8462	2013-06-14 17:23:23.860173
66	21	7	18	ice 13	\N	\N	2013-06-14 17:23:23.886714	\N	2013-06-14 17:23:23.874375	2013-06-14 17:23:23.890381
67	18	5	18	mars 1	\N	\N	\N	\N	2013-06-14 17:23:23.920746	2013-06-14 17:23:23.920746
68	22	2	20	ice 3	\N	2013-06-14 17:23:23.991476	\N	\N	2013-06-14 17:23:23.970193	2013-06-14 17:23:23.994979
69	43	7	12	stone 5	\N	\N	2013-06-14 17:23:24.046916	\N	2013-06-14 17:23:24.025535	2013-06-14 17:23:24.050576
70	14	4	10	mars 22	\N	2013-06-14 17:23:24.076009	\N	\N	2013-06-14 17:23:24.065209	2013-06-14 17:23:24.079465
71	17	9	20	mars 18	\N	2013-06-14 17:23:24.133157	\N	\N	2013-06-14 17:23:24.111681	2013-06-14 17:23:24.136774
72	48	8	9	stone 20	\N	2013-06-14 17:23:24.172431	\N	\N	2013-06-14 17:23:24.157362	2013-06-14 17:23:24.176087
73	25	3	19	monster 7	\N	2013-06-14 17:23:24.2054	2013-06-14 17:23:24.205756	\N	2013-06-14 17:23:24.192642	2013-06-14 17:23:24.209126
74	16	9	10	mars 23	\N	2013-06-14 17:23:24.253478	\N	\N	2013-06-14 17:23:24.234968	2013-06-14 17:23:24.25695
75	18	11	10	ice 13	\N	2013-06-14 17:23:24.315637	2013-06-14 17:23:24.316005	\N	2013-06-14 17:23:24.29145	2013-06-14 17:23:24.31938
76	21	1	19	mars 9	\N	2013-06-14 17:23:24.34907	2013-06-14 17:23:24.349457	\N	2013-06-14 17:23:24.336476	2013-06-14 17:23:24.352978
77	41	10	17	lib 4	\N	\N	2013-06-14 17:23:24.4128	\N	2013-06-14 17:23:24.38897	2013-06-14 17:23:24.416269
78	48	1	11	ice 1	\N	\N	2013-06-14 17:23:24.459642	\N	2013-06-14 17:23:24.441765	2013-06-14 17:23:24.463154
79	18	2	14	mars 23	\N	2013-06-14 17:23:24.49146	2013-06-14 17:23:24.491828	\N	2013-06-14 17:23:24.479113	2013-06-14 17:23:24.495228
80	40	2	18	ghost 1	\N	2013-06-14 17:23:24.564527	\N	\N	2013-06-14 17:23:24.55641	2013-06-14 17:23:24.56785
81	17	10	4	fire 15	\N	\N	2013-06-14 17:23:24.596611	\N	2013-06-14 17:23:24.58416	2013-06-14 17:23:24.600056
82	34	10	17	gorynich 2	\N	2013-06-14 17:23:24.654213	2013-06-14 17:23:24.654571	\N	2013-06-14 17:23:24.632291	2013-06-14 17:23:24.657949
83	46	4	14	gorynich 4	\N	2013-06-14 17:23:24.710293	\N	\N	2013-06-14 17:23:24.688876	2013-06-14 17:23:24.71392
84	46	3	8	lib 9	\N	\N	\N	\N	2013-06-14 17:23:24.735624	2013-06-14 17:23:24.735624
85	39	2	13	lib 17	\N	2013-06-14 17:23:24.798784	2013-06-14 17:23:24.799154	\N	2013-06-14 17:23:24.777507	2013-06-14 17:23:24.802534
86	1	10	19	ice 17	\N	2013-06-14 17:23:24.850311	\N	\N	2013-06-14 17:23:24.831416	2013-06-14 17:23:24.853827
87	39	11	5	gorynich 24	\N	2013-06-14 17:23:24.910334	\N	\N	2013-06-14 17:23:24.887336	2013-06-14 17:23:24.913969
88	47	4	3	stone 20	\N	2013-06-14 17:23:24.950418	\N	\N	2013-06-14 17:23:24.935709	2013-06-14 17:23:24.954026
89	47	9	13	fire 21	\N	2013-06-14 17:23:24.978841	\N	\N	2013-06-14 17:23:24.968418	2013-06-14 17:23:24.982411
90	26	1	10	lib 4	\N	2013-06-14 17:23:25.023219	2013-06-14 17:23:25.023593	\N	2013-06-14 17:23:25.00671	2013-06-14 17:23:25.026977
91	38	2	6	fire 14	\N	2013-06-14 17:23:25.067619	2013-06-14 17:23:25.067981	\N	2013-06-14 17:23:25.050795	2013-06-14 17:23:25.071446
92	25	7	17	monster 14	\N	2013-06-14 17:23:25.105322	\N	\N	2013-06-14 17:23:25.091289	2013-06-14 17:23:25.108793
93	45	7	4	mars 16	\N	\N	2013-06-14 17:23:25.159792	\N	2013-06-14 17:23:25.13856	2013-06-14 17:23:25.163267
94	11	11	3	lib 4	\N	\N	2013-06-14 17:23:25.188015	\N	2013-06-14 17:23:25.177538	2013-06-14 17:23:25.191362
95	3	10	6	fire 2	\N	\N	2013-06-14 17:23:25.249118	\N	2013-06-14 17:23:25.235402	2013-06-14 17:23:25.25264
96	28	3	9	mars 20	\N	\N	2013-06-14 17:23:25.291887	\N	2013-06-14 17:23:25.27478	2013-06-14 17:23:25.295441
97	15	8	6	gorynich 20	\N	2013-06-14 17:23:25.332924	\N	\N	2013-06-14 17:23:25.317717	2013-06-14 17:23:25.336338
98	40	3	3	gorynich 16	\N	2013-06-14 17:23:25.361957	2013-06-14 17:23:25.362312	\N	2013-06-14 17:23:25.350878	2013-06-14 17:23:25.365664
99	50	8	1	ice 24	\N	2013-06-14 17:23:25.425833	2013-06-14 17:23:25.426197	\N	2013-06-14 17:23:25.402164	2013-06-14 17:23:25.429611
100	31	8	18	monster 19	\N	\N	2013-06-14 17:23:25.47302	\N	2013-06-14 17:23:25.454847	2013-06-14 17:23:25.476608
101	7	10	13	monster 20	\N	2013-06-14 17:23:25.505231	\N	\N	2013-06-14 17:23:25.492736	2013-06-14 17:23:25.508756
102	49	10	19	gorynich 12	\N	\N	2013-06-14 17:23:25.53407	\N	2013-06-14 17:23:25.522967	2013-06-14 17:23:25.537511
103	30	6	11	lib 17	\N	2013-06-14 17:23:25.59638	\N	\N	2013-06-14 17:23:25.572716	2013-06-14 17:23:25.600159
104	22	6	16	gorynich 2	\N	\N	\N	\N	2013-06-14 17:23:25.633552	2013-06-14 17:23:25.633552
105	3	7	15	stone 21	\N	2013-06-14 17:23:25.697563	2013-06-14 17:23:25.697936	\N	2013-06-14 17:23:25.679078	2013-06-14 17:23:25.7014
106	24	5	9	mars 4	\N	\N	2013-06-14 17:23:25.74965	\N	2013-06-14 17:23:25.730097	2013-06-14 17:23:25.753099
107	42	4	17	lib 21	\N	\N	\N	\N	2013-06-14 17:23:25.772214	2013-06-14 17:23:25.772214
108	24	5	11	stone 20	\N	2013-06-14 17:23:25.815529	2013-06-14 17:23:25.815887	\N	2013-06-14 17:23:25.80214	2013-06-14 17:23:25.819212
109	42	4	4	lib 11	\N	\N	\N	\N	2013-06-14 17:23:25.843306	2013-06-14 17:23:25.843306
110	15	8	5	fire 3	\N	2013-06-14 17:23:25.924315	2013-06-14 17:23:25.924712	\N	2013-06-14 17:23:25.908497	2013-06-14 17:23:25.928156
111	38	9	15	stone 1	\N	2013-06-14 17:23:25.981476	2013-06-14 17:23:25.981836	\N	2013-06-14 17:23:25.96012	2013-06-14 17:23:25.985346
112	29	9	2	lib 10	\N	\N	2013-06-14 17:23:26.024776	\N	2013-06-14 17:23:26.008475	2013-06-14 17:23:26.028229
113	46	6	16	stone 9	\N	\N	2013-06-14 17:23:26.061626	\N	2013-06-14 17:23:26.047398	2013-06-14 17:23:26.065102
114	40	1	13	mars 15	\N	2013-06-14 17:23:26.125055	2013-06-14 17:23:26.125422	\N	2013-06-14 17:23:26.101282	2013-06-14 17:23:26.128942
115	37	7	16	gorynich 22	\N	\N	\N	\N	2013-06-14 17:23:26.148891	2013-06-14 17:23:26.148891
116	20	7	11	ghost 18	\N	\N	\N	\N	2013-06-14 17:23:26.166687	2013-06-14 17:23:26.166687
117	28	9	10	gorynich 13	\N	\N	2013-06-14 17:23:26.223046	\N	2013-06-14 17:23:26.200344	2013-06-14 17:23:26.226549
118	37	7	20	gorynich 5	\N	2013-06-14 17:23:26.286921	\N	\N	2013-06-14 17:23:26.261597	2013-06-14 17:23:26.290505
119	1	12	11	mars 14	\N	2013-06-14 17:23:26.327485	\N	\N	2013-06-14 17:23:26.311463	2013-06-14 17:23:26.331241
120	45	7	4	mars 19	\N	2013-06-14 17:23:26.390307	\N	\N	2013-06-14 17:23:26.366642	2013-06-14 17:23:26.393928
121	50	4	17	ice 2	\N	\N	2013-06-14 17:23:26.42635	\N	2013-06-14 17:23:26.417191	2013-06-14 17:23:26.428108
122	4	10	16	fire 22	\N	2013-06-14 17:23:26.466114	2013-06-14 17:23:26.466477	\N	2013-06-14 17:23:26.447492	2013-06-14 17:23:26.469766
123	19	10	14	monster 4	\N	\N	2013-06-14 17:23:26.535112	\N	2013-06-14 17:23:26.515525	2013-06-14 17:23:26.538876
124	22	5	13	ghost 17	\N	\N	2013-06-14 17:23:26.591706	\N	2013-06-14 17:23:26.583015	2013-06-14 17:23:26.594339
125	21	1	9	stone 23	\N	\N	\N	\N	2013-06-14 17:23:26.615616	2013-06-14 17:23:26.615616
126	18	2	15	mars 11	\N	\N	\N	\N	2013-06-14 17:23:26.641936	2013-06-14 17:23:26.641936
127	18	9	19	ice 12	\N	2013-06-14 17:23:26.698037	\N	\N	2013-06-14 17:23:26.678029	2013-06-14 17:23:26.701667
128	7	2	16	stone 3	\N	2013-06-14 17:23:26.749723	2013-06-14 17:23:26.750109	\N	2013-06-14 17:23:26.729958	2013-06-14 17:23:26.753598
129	39	12	4	ghost 7	\N	2013-06-14 17:23:26.783284	2013-06-14 17:23:26.783625	\N	2013-06-14 17:23:26.771139	2013-06-14 17:23:26.786859
130	44	1	7	ghost 24	\N	\N	2013-06-14 17:23:26.845963	\N	2013-06-14 17:23:26.822037	2013-06-14 17:23:26.849683
131	9	8	12	lib 20	\N	2013-06-14 17:23:26.878676	\N	\N	2013-06-14 17:23:26.866616	2013-06-14 17:23:26.882086
132	35	12	12	fire 4	\N	\N	\N	\N	2013-06-14 17:23:26.904157	2013-06-14 17:23:26.904157
133	39	3	5	monster 14	\N	\N	2013-06-14 17:23:26.968352	\N	2013-06-14 17:23:26.946764	2013-06-14 17:23:26.971996
134	17	9	6	ghost 5	\N	2013-06-14 17:23:27.000539	2013-06-14 17:23:27.00089	\N	2013-06-14 17:23:26.988456	2013-06-14 17:23:27.004107
135	21	5	7	gorynich 14	\N	\N	\N	\N	2013-06-14 17:23:27.033185	2013-06-14 17:23:27.033185
136	28	10	2	ghost 5	\N	\N	\N	\N	2013-06-14 17:23:27.080831	2013-06-14 17:23:27.080831
137	47	11	3	gorynich 5	\N	\N	\N	\N	2013-06-14 17:23:27.12516	2013-06-14 17:23:27.12516
138	9	6	4	ice 15	\N	2013-06-14 17:23:27.174246	\N	\N	2013-06-14 17:23:27.16028	2013-06-14 17:23:27.177669
139	39	10	14	stone 23	\N	\N	\N	\N	2013-06-14 17:23:27.207833	2013-06-14 17:23:27.207833
140	7	11	14	ice 14	\N	\N	2013-06-14 17:23:27.327105	\N	2013-06-14 17:23:27.308589	2013-06-14 17:23:27.330742
141	2	10	17	gorynich 3	\N	\N	2013-06-14 17:23:27.364641	\N	2013-06-14 17:23:27.350688	2013-06-14 17:23:27.368181
142	8	4	5	stone 2	\N	2013-06-14 17:23:27.405904	2013-06-14 17:23:27.406269	\N	2013-06-14 17:23:27.389945	2013-06-14 17:23:27.40957
143	50	5	14	monster 1	\N	2013-06-14 17:23:27.445683	2013-06-14 17:23:27.446059	\N	2013-06-14 17:23:27.430522	2013-06-14 17:23:27.449505
144	45	11	9	mars 5	\N	2013-06-14 17:23:27.479418	\N	\N	2013-06-14 17:23:27.467015	2013-06-14 17:23:27.483043
145	7	11	6	mars 16	\N	\N	2013-06-14 17:23:27.534825	\N	2013-06-14 17:23:27.514096	2013-06-14 17:23:27.538376
146	24	3	13	lib 19	\N	2013-06-14 17:23:27.582786	\N	\N	2013-06-14 17:23:27.56439	2013-06-14 17:23:27.586296
147	22	2	9	ghost 6	\N	2013-06-14 17:23:27.626171	2013-06-14 17:23:27.626549	\N	2013-06-14 17:23:27.609413	2013-06-14 17:23:27.629971
148	47	7	15	gorynich 13	\N	\N	\N	\N	2013-06-14 17:23:27.646251	2013-06-14 17:23:27.646251
149	27	9	4	lib 23	\N	2013-06-14 17:23:27.713792	\N	\N	2013-06-14 17:23:27.689817	2013-06-14 17:23:27.717378
150	22	7	10	fire 23	\N	\N	\N	\N	2013-06-14 17:23:27.746726	2013-06-14 17:23:27.746726
\.


--
-- Name: equipment_id_seq; Type: SEQUENCE SET; Schema: public; Owner: ode
--

SELECT pg_catalog.setval('equipment_id_seq', 150, true);


--
-- Data for Name: inventories; Type: TABLE DATA; Schema: public; Owner: ode
--

COPY inventories (id, inv_num, act_num, act_type_id, accept_date, body, created_at, updated_at) FROM stdin;
1	1	41438209	6	2013-06-14	some text #1	2013-06-14 17:22:58.835613	2013-06-14 17:22:58.835613
2	2	26458722	4	2013-06-14	some text #2	2013-06-14 17:22:58.857083	2013-06-14 17:22:58.857083
3	3	8235811	12	2013-06-14	some text #3	2013-06-14 17:22:58.872589	2013-06-14 17:22:58.872589
4	4	54854592	2	2013-06-14	some text #4	2013-06-14 17:22:58.888506	2013-06-14 17:22:58.888506
5	5	82752131	12	2013-06-14	some text #5	2013-06-14 17:22:58.904289	2013-06-14 17:22:58.904289
6	6	88561606	7	2013-06-14	some text #6	2013-06-14 17:22:58.920292	2013-06-14 17:22:58.920292
7	7	17806545	13	2013-06-14	some text #7	2013-06-14 17:22:58.959003	2013-06-14 17:22:58.959003
8	8	42510920	11	2013-06-14	some text #8	2013-06-14 17:22:58.971088	2013-06-14 17:22:58.971088
9	9	75532186	6	2013-06-14	some text #9	2013-06-14 17:22:58.986468	2013-06-14 17:22:58.986468
10	10	27417943	4	2013-06-14	some text #10	2013-06-14 17:22:59.002717	2013-06-14 17:22:59.002717
11	11	163699	8	2013-06-14	some text #11	2013-06-14 17:22:59.018787	2013-06-14 17:22:59.018787
12	12	59051037	13	2013-06-14	some text #12	2013-06-14 17:22:59.034175	2013-06-14 17:22:59.034175
13	13	30301354	14	2013-06-14	some text #13	2013-06-14 17:22:59.049506	2013-06-14 17:22:59.049506
14	14	47750888	10	2013-06-14	some text #14	2013-06-14 17:22:59.065231	2013-06-14 17:22:59.065231
15	15	19852387	9	2013-06-14	some text #15	2013-06-14 17:22:59.080708	2013-06-14 17:22:59.080708
16	16	56367361	13	2013-06-14	some text #16	2013-06-14 17:22:59.095893	2013-06-14 17:22:59.095893
17	17	41636607	7	2013-06-14	some text #17	2013-06-14 17:22:59.111457	2013-06-14 17:22:59.111457
18	18	35247630	3	2013-06-14	some text #18	2013-06-14 17:22:59.127266	2013-06-14 17:22:59.127266
19	19	45094301	3	2013-06-14	some text #19	2013-06-14 17:22:59.142644	2013-06-14 17:22:59.142644
20	20	72664235	6	2013-06-14	some text #20	2013-06-14 17:22:59.158568	2013-06-14 17:22:59.158568
21	21	64104027	4	2013-06-14	some text #21	2013-06-14 17:22:59.173649	2013-06-14 17:22:59.173649
22	22	30835318	8	2013-06-14	some text #22	2013-06-14 17:22:59.188561	2013-06-14 17:22:59.188561
23	23	51032780	12	2013-06-14	some text #23	2013-06-14 17:22:59.204229	2013-06-14 17:22:59.204229
24	24	81004286	14	2013-06-14	some text #24	2013-06-14 17:22:59.219703	2013-06-14 17:22:59.219703
25	25	48302056	10	2013-06-14	some text #25	2013-06-14 17:22:59.235064	2013-06-14 17:22:59.235064
26	26	50577924	6	2013-06-14	some text #26	2013-06-14 17:22:59.251327	2013-06-14 17:22:59.251327
27	27	53351244	7	2013-06-14	some text #27	2013-06-14 17:22:59.266463	2013-06-14 17:22:59.266463
28	28	71700439	6	2013-06-14	some text #28	2013-06-14 17:22:59.282738	2013-06-14 17:22:59.282738
29	29	27060853	8	2013-06-14	some text #29	2013-06-14 17:22:59.297964	2013-06-14 17:22:59.297964
30	30	59441666	3	2013-06-14	some text #30	2013-06-14 17:22:59.34139	2013-06-14 17:22:59.34139
31	31	80312802	13	2013-06-14	some text #31	2013-06-14 17:22:59.356787	2013-06-14 17:22:59.356787
32	32	40285314	14	2013-06-14	some text #32	2013-06-14 17:22:59.372774	2013-06-14 17:22:59.372774
33	33	83043655	13	2013-06-14	some text #33	2013-06-14 17:22:59.388671	2013-06-14 17:22:59.388671
34	34	39248970	3	2013-06-14	some text #34	2013-06-14 17:22:59.403657	2013-06-14 17:22:59.403657
35	35	29445236	8	2013-06-14	some text #35	2013-06-14 17:22:59.419272	2013-06-14 17:22:59.419272
36	36	55281384	9	2013-06-14	some text #36	2013-06-14 17:22:59.434923	2013-06-14 17:22:59.434923
37	37	13110016	11	2013-06-14	some text #37	2013-06-14 17:22:59.450321	2013-06-14 17:22:59.450321
38	38	57868766	11	2013-06-14	some text #38	2013-06-14 17:22:59.465798	2013-06-14 17:22:59.465798
39	39	22404110	9	2013-06-14	some text #39	2013-06-14 17:22:59.481384	2013-06-14 17:22:59.481384
40	40	39269627	7	2013-06-14	some text #40	2013-06-14 17:22:59.497608	2013-06-14 17:22:59.497608
41	41	62151106	12	2013-06-14	some text #41	2013-06-14 17:22:59.51313	2013-06-14 17:22:59.51313
42	42	31681547	7	2013-06-14	some text #42	2013-06-14 17:22:59.530089	2013-06-14 17:22:59.530089
43	43	514352	12	2013-06-14	some text #43	2013-06-14 17:22:59.546157	2013-06-14 17:22:59.546157
44	44	60929150	8	2013-06-14	some text #44	2013-06-14 17:22:59.562116	2013-06-14 17:22:59.562116
45	45	15541442	4	2013-06-14	some text #45	2013-06-14 17:22:59.577516	2013-06-14 17:22:59.577516
46	46	5607213	3	2013-06-14	some text #46	2013-06-14 17:22:59.59328	2013-06-14 17:22:59.59328
47	47	73392712	9	2013-06-14	some text #47	2013-06-14 17:22:59.608756	2013-06-14 17:22:59.608756
48	48	43717268	11	2013-06-14	some text #48	2013-06-14 17:22:59.624926	2013-06-14 17:22:59.624926
49	49	37237000	8	2013-06-14	some text #49	2013-06-14 17:22:59.638764	2013-06-14 17:22:59.638764
50	50	20249312	7	2013-06-14	some text #50	2013-06-14 17:22:59.650265	2013-06-14 17:22:59.650265
\.


--
-- Name: inventories_id_seq; Type: SEQUENCE SET; Schema: public; Owner: ode
--

SELECT pg_catalog.setval('inventories_id_seq', 50, true);


--
-- Data for Name: rooms; Type: TABLE DATA; Schema: public; Owner: ode
--

COPY rooms (id, name) FROM stdin;
1	2204
2	2204a
3	2205
4	2216
5	2217
6	1201
7	1202
8	1209
9	1211
10	1217
11	1310
12	1317
\.


--
-- Name: rooms_id_seq; Type: SEQUENCE SET; Schema: public; Owner: ode
--

SELECT pg_catalog.setval('rooms_id_seq', 12, true);


--
-- Data for Name: schema_migrations; Type: TABLE DATA; Schema: public; Owner: ode
--

COPY schema_migrations (version) FROM stdin;
20130408103847
20130221072648
20130221074937
20130221075259
20130221084735
20130319135331
20130310111102
20130310134618
20130221073629
20130220070746
20130221072046
20130221091924
20130220070745
\.


--
-- Data for Name: subsystems; Type: TABLE DATA; Schema: public; Owner: ode
--

COPY subsystems (id, device_id, subvendor_hex, subdevice_hex, name) FROM stdin;
1	2	0x001c	0x0004	2 Channel CAN Bus SJC1000
2	2	0x001c	0x0005	2 Channel CAN Bus SJC1000 (Optically Isolated)
3	72	0x0e11	0x4091	Smart Array 6i
4	72	0x0e11	0x409a	Smart Array 641
5	72	0x0e11	0x409b	Smart Array 642
6	72	0x0e11	0x409c	Smart Array 6400
7	72	0x0e11	0x409d	Smart Array 6400 EM
8	113	0x8086	0x002a	PCI Hotplug Controller A
9	113	0x8086	0x002b	PCI Hotplug Controller B
10	116	0x0e11	0x4030	Smart-2/P Array Controller
11	116	0x0e11	0x4031	Smart-2SL Array Controller
12	116	0x0e11	0x4032	Smart Array 3200 Controller
13	116	0x0e11	0x4033	Smart Array 3100ES Controller
14	116	0x0e11	0x4034	Smart Array 221 Controller
15	152	0x0e11	0x4080	Smart Array 5i
16	152	0x0e11	0x4082	Smart Array 532
17	152	0x0e11	0x4083	Smart Array 5312
18	161	0x1000	0x1000	LSI53C810AE PCI to SCSI I/O Processor
19	163	0x1000	0x1000	LSI53C825AE PCI to SCSI I/O Processor (Ultra Wide)
20	166	0x1000	0x1000	LSI53C860E PCI to Ultra SCSI I/O Processor
21	167	0x0e11	0xb143	Integrated Dual Channel Wide Ultra2 SCSI Controller
22	167	0x1000	0x1000	LSI53C1510 PCI to Dual Channel Wide Ultra2 SCSI Controller (Nonintelligent mode)
23	168	0x0e11	0x6004	EOB003 Series SCSI host adapter
24	168	0x1000	0x1000	LSI53C896/7 PCI to Dual Channel Ultra2 SCSI Multifunction Controller
25	168	0x1000	0x1010	LSI22910 PCI to Dual Channel Ultra2 SCSI host adapter
26	168	0x1000	0x1020	LSI21002 PCI to Dual Channel Ultra2 SCSI host adapter
27	168	0x13e9	0x1000	6221L-4U (Dual U2W SCSI, dual 10/100TX, graphics)
28	169	0x1000	0x1010	LSI8951U PCI to Ultra2 SCSI host adapter
29	169	0x1000	0x1020	LSI8952U PCI to Ultra2 SCSI host adapter
30	169	0x1de1	0x3906	DC-390U2B SCSI adapter
31	169	0x1de1	0x3907	DC-390U2W
32	171	0x0e11	0x7004	Embedded Ultra Wide SCSI Controller
33	171	0x1000	0x1000	LSI53C876/E PCI to Dual Channel SCSI Controller
34	171	0x1000	0x1010	LSI22801 PCI to Dual Channel Ultra SCSI host adapter
35	171	0x1000	0x1020	LSI22802 PCI to Dual Channel Ultra SCSI host adapter
36	171	0x1092	0x8760	FirePort 40 Dual SCSI Controller
37	171	0x1775	0x10d0	V5D Single Board Computer Wide Ultra SCSI
38	171	0x1775	0x10d1	V5D Single Board Computer Ultra SCSI
39	171	0x1de1	0x3904	DC390F/U Ultra Wide SCSI Adapter
40	171	0x4c53	0x1000	CC7/CR7/CP7/VC7/VP7/VR7 mainboard
41	171	0x4c53	0x1050	CT7 mainboard
42	172	0x0e11	0x4040	Integrated Smart Array Controller
43	172	0x0e11	0x4048	RAID LC2 Controller
44	172	0x1000	0x1000	53C1510 PCI to Dual Channel Wide Ultra2 SCSI Controller (Intelligent mode)
45	173	0x1000	0x1000	LSI53C895A PCI to Ultra2 SCSI Controller
46	174	0x1000	0x1000	LSI53C875A PCI to Ultra SCSI Controller
47	175	0x1000	0x1000	LSI53C1010-33 PCI to Dual Channel Ultra160 SCSI Controller
48	175	0x107b	0x1040	Server Onboard 53C1010-33
49	175	0x1de1	0x1020	DC-390U3W
50	176	0x1000	0x1000	LSI53C1000/1000R/1010R/1010-66 PCI to Ultra160 SCSI Controller
51	176	0x1000	0x1010	Asus TR-DLS onboard 53C1010-66
52	176	0x103c	0x1300	Ultra160 SCSI [AB306A]
53	176	0x103c	0x1310	Ultra160 SCSI [A9918A]
54	176	0x103c	0x1330	Ultra160 SCSI [A7059A]
55	176	0x103c	0x1340	Ultra160 SCSI [A7060A]
56	176	0x124b	0x1070	PMC-USCSI3
57	176	0x4c53	0x1080	CT8 mainboard
58	176	0x4c53	0x1300	P017 mezzanine (32-bit PMC)
59	176	0x4c53	0x1310	P017 mezzanine (64-bit PMC)
60	177	0x0e11	0x00da	ProLiant ML 350
61	177	0x1028	0x0123	LSI Logic 1020/1030
62	177	0x1028	0x014a	LSI Logic 1020/1030
63	177	0x1028	0x016c	PowerEdge 1850 MPT Fusion SCSI/RAID (Perc 4)
64	177	0x1028	0x0183	LSI Logic 1020/1030
65	177	0x1028	0x018a	PERC 4/IM
66	177	0x1028	0x1010	LSI U320 SCSI Controller
67	177	0x103c	0x12c5	Ultra320 SCSI [A7173A]
68	177	0x103c	0x1323	Core I/O LAN/SCSI Combo [AB314A]
69	177	0x103c	0x3108	Single Channel Ultra320 SCSI HBA G2
70	177	0x124b	0x1170	PMC-USCSI320
71	177	0x15ad	0x1976	LSI Logic Parallel SCSI Controller
72	177	0x1734	0x1052	PRIMERGY BX/RX/TX S2 series onboard SCSI(IME)
73	179	0x1000	0x1000	LSI53C1020/1030 PCI-X to Ultra320 SCSI Controller
74	181	0x1000	0x0033	MegaRAID SCSI 320-2XR
75	181	0x1000	0x0066	MegaRAID SCSI 320-2XRWS
76	183	0x1028	0x1f04	SAS 5/E
77	183	0x1028	0x1f09	SAS 5i/R
78	184	0x1028	0x1f04	SAS 5/E Adapter Controller
79	184	0x1028	0x1f05	SAS 5/i Adapter Controller
80	184	0x1028	0x1f06	SAS 5/i Integrated Controller
81	184	0x1028	0x1f07	SAS 5/iR Integrated RAID Controller
82	184	0x1028	0x1f08	SAS 5/iR Integrated RAID Controller
83	184	0x1028	0x1f09	SAS 5/iR Adapter RAID Controller
84	184	0x15ad	0x1976	SAS Controller
85	185	0x1033	0x8336	SAS1068
86	186	0x1014	0x03bb	ServeRAID BR10il SAS/SATA Controller v2
87	187	0x8086	0x346c	Embedded Software RAID Technology II (ESTRII)
88	188	0x1000	0x3140	SAS3081E-R 8-Port SAS/SATA Host Bus Adapter
89	188	0x1028	0x021d	SAS 6/iR Integrated Workstations RAID Controller
90	188	0x1028	0x1f0e	SAS 6/iR Adapter RAID Controller
91	188	0x1028	0x1f0f	SAS 6/iR Integrated Blades RAID Controller
92	188	0x1028	0x1f10	SAS 6/iR Integrated RAID Controller
93	188	0x103c	0x3229	SC44Ge Host Bus Adapter
94	191	0x1028	0x1f2d	PERC H810 Adapter
95	191	0x1028	0x1f30	PERC H710 Embedded
96	191	0x1028	0x1f31	PERC H710P Adapter
97	191	0x1028	0x1f33	PERC H710P Mini (for blades)
98	191	0x1028	0x1f34	PERC H710P Mini (for monolithics)
99	191	0x1028	0x1f35	PERC H710 Adapter
100	191	0x1028	0x1f37	PERC H710 Mini (for blades)
101	191	0x1028	0x1f38	PERC H710 Mini (for monolithics)
102	195	0x1000	0x1006	MegaRAID SAS 8888ELP
103	195	0x1000	0x100a	MegaRAID SAS 8708ELP
104	195	0x1000	0x100e	MegaRAID SAS 8884E
105	195	0x1000	0x100f	MegaRAID SAS 8708E
106	195	0x1000	0x1010	MegaRAID SATA 350-8ELP
107	195	0x1000	0x1011	MegaRAID SATA 350-4ELP
108	195	0x1000	0x1012	MegaRAID SAS 8704ELP
109	195	0x1000	0x1016	MegaRAID SAS 8880EM2
110	195	0x1014	0x0363	MegaRAID SAS PCI Express ROMB
111	195	0x1014	0x0364	SystemX MegaRAID SAS 8808E
112	195	0x1014	0x0365	SystemX MegaRAID SAS 8884E
113	195	0x1014	0x0379	SystemX MegaRAID SAS 8880EM2
114	195	0x1028	0x1f0a	PERC 6/E Adapter RAID Controller
115	195	0x1028	0x1f0b	PERC 6/i Adapter RAID Controller
116	195	0x1028	0x1f0c	PERC 6/i Integrated RAID Controller
117	195	0x1028	0x1f0d	PERC 6/i Integrated RAID Controller
118	195	0x1028	0x1f11	CERC 6/i Integrated RAID Controller
119	195	0x1033	0x835a	MegaRAID SAS PCI Express ROMB
120	195	0x1043	0x824d	MegaRAID SAS PCI Express ROMB
121	195	0x1170	0x002f	MegaRAID SAS PCI Express ROMB
122	195	0x1170	0x0036	MegaRAID SAS PCI Express ROMB
123	195	0x15d9	0xc080	MegaRAID SAS PCI Express ROMB
124	195	0x17aa	0x6b7c	MegaRAID SAS PCI Express ROMB
125	195	0x18a1	0x0003	LSI MegaRAID SAS PCI Express ROMB
126	195	0x8086	0x1006	RAID Controller SRCSAS28EP
127	195	0x8086	0x100a	RAID Controller SRCSAS28EV
128	195	0x8086	0x1010	RAID Controller SRCSATA28E
129	195	0x8086	0x34cc	Integrated RAID Controller SROMBSAS28E
130	195	0x8086	0x34cd	Integrated RAID Controller SROMBSAS28E
131	196	0x1000	0x0062	SAS1078 PCI-Express Fusion-MPT SAS
132	202	0x1028	0x1f1c	6Gbps SAS HBA Adapter
133	202	0x1028	0x1f1d	PERC H200 Adapter
134	202	0x1028	0x1f1e	PERC H200 Integrated
135	202	0x1028	0x1f1f	PERC H200 Modular
136	202	0x1028	0x1f20	PERC H200 Embedded
137	202	0x1028	0x1f22	Internal Tape Adapter
138	202	0x8086	0x350f	RMS2LL040 RAID Controller
139	203	0x1000	0x9240	MegaRAID SAS 9240-8i
140	203	0x1000	0x9241	MegaRAID SAS 9240-4i
141	203	0x1014	0x03b1	ServeRAID M1015 SAS/SATA Controller
142	203	0x1028	0x1f4e	PERC H310 Adapter
143	203	0x1028	0x1f4f	PERC H310 Integrated
144	203	0x1028	0x1f50	PERC H310 Mini Blades
145	203	0x1028	0x1f51	PERC H310 Mini Monolithics
146	203	0x1028	0x1f52	PERC H310 Embedded1
147	203	0x1028	0x1f53	PERC H310 Embedded2
148	203	0x1028	0x1f54	PERC H310 Reserved
149	203	0x1054	0x3035	LSI MegaRAID SAS 9240-8i
150	203	0x1137	0x0072	2004 iMR ROMB
151	203	0x1137	0x0073	2008 ROMB
152	203	0x15d9	0x0400	Supermicro SMC2008-iMR
153	203	0x1734	0x1177	RAID Ctrl SAS 6G 0/1 (D2607)
154	203	0x8086	0x350d	RMS2AF040 RAID Controller
155	203	0x8086	0x9240	RAID Controller RS2WC080
156	203	0x8086	0x9241	RAID Controller RS2WC040
157	207	0x1000	0x9251	MegaRAID SAS 9260-4ix
158	207	0x1000	0x9256	MegaRAID SAS 9260-8ix
159	207	0x1000	0x9260	MegaRAID SAS 9260-4i
160	207	0x1000	0x9261	MegaRAID SAS 9260-8i
161	207	0x1000	0x9262	MegaRAID SAS 9262-8i
162	207	0x1000	0x9263	MegaRAID SAS 9261-8i
163	207	0x1000	0x9264	MegaRAID SAS 9264-8i
164	207	0x1000	0x9275	MegaRAID SAS 9280-8ex
165	207	0x1000	0x9276	MR9260-16i
166	207	0x1000	0x9280	MegaRAID SAS 9280-8e
167	207	0x1000	0x9281	MegaRAID SAS 9281-8E
168	207	0x1000	0x9282	MegaRAID SAS 9280-4i4e
169	207	0x1000	0x9290	MegaRAID SAS 9280DE-24i4e
170	207	0x1014	0x03b2	ServeRAID M5015 SAS/SATA Controller
171	207	0x1014	0x03b3	ServeRAID M5025 SAS/SATA Controller
172	207	0x1028	0x1f15	PERC H800 Adapter
173	207	0x1028	0x1f16	PERC H700 Adapter
174	207	0x1028	0x1f17	PERC H700 Integrated
175	207	0x1028	0x1f18	PERC H700 Modular
176	207	0x1028	0x1f1a	PERC H800 Proto Adapter
177	207	0x1028	0x1f1b	PERC H700 Integrated
178	207	0x1043	0x8480	PIKE-2108 16PD
179	207	0x1734	0x1176	RAID Ctrl SAS 6G 5/6 512MB (D2616)
180	207	0x1734	0x1177	RAID Ctrl SAS 6G 0/1 (D2607)
181	207	0x8086	0x9256	MegaRAID SAS 9260DE-8i
182	207	0x8086	0x9260	RAID Controller RS2BL040
183	207	0x8086	0x9261	RAID Controller RS2BL080
184	207	0x8086	0x9264	Warm Beach (Caster Lite)
185	207	0x8086	0x9267	RAID Controller RS2VB040
186	207	0x8086	0x9268	RAID Controller RS2VB080
187	208	0x1014	0x0395	ServeRAID-AR10is SAS/SATA Controller
188	218	0x1092	0x8000	FirePort 40 SCSI Controller
189	218	0x1092	0x8760	FirePort 40 Dual SCSI Host Adapter
190	225	0x1000	0x0530	MegaRAID 530 SCSI 320-0X RAID Controller
191	225	0x1000	0x0531	MegaRAID 531 SCSI 320-4X RAID Controller
192	225	0x1000	0x0532	MegaRAID 532 SCSI 320-2X RAID Controller
193	225	0x1028	0x0531	PowerEdge Expandable RAID Controller 4/QC
194	225	0x1028	0x0533	PowerEdge Expandable RAID Controller 4/QC
195	225	0x8086	0x0530	MegaRAID Intel RAID Controller SRCZCRX
196	225	0x8086	0x0532	MegaRAID Intel RAID Controller SRCU42X
197	226	0x1000	0x0001	MegaRAID SCSI 320-1E RAID Controller
198	226	0x1000	0x0002	MegaRAID SCSI 320-2E RAID Controller
199	226	0x1025	0x004d	MegaRAID ACER ROMB-2E RAID Controller
200	226	0x1028	0x0001	PowerEdge RAID Controller PERC4e/SC
201	226	0x1028	0x0002	PowerEdge RAID Controller PERC4e/DC
202	226	0x1028	0x0012	PowerEdge RAID Controller RAC4
203	226	0x1028	0x0015	PowerEdge RAID Controller PERC5
204	226	0x1028	0x1f03	PowerEdge RAID Controller PERC5
205	226	0x1734	0x1065	FSC MegaRAID PCI Express ROMB
206	226	0x8086	0x0002	MegaRAID Intel RAID Controller SRCU42E
207	226	0x8086	0x3449	MegaRAID Intel RAID Controller SROMBU
208	227	0x1000	0x3004	MegaRAID SATA 300-4X RAID Controller
209	227	0x1000	0x3008	MegaRAID SATA 300-8X RAID Controller
210	227	0x8086	0x3008	MegaRAID RAID Controller SRCS28X
211	227	0x8086	0x3431	MegaRAID RAID Controller Alief SROMBU42E
212	227	0x8086	0x3499	MegaRAID RAID Controller Harwich SROMBU42E
213	228	0x1000	0x1001	MegaRAID SAS 8408E
214	228	0x1000	0x1002	MegaRAID SAS 8480E
215	228	0x1000	0x1003	MegaRAID SAS 8344ELP
216	228	0x1000	0x1004	MegaRAID SAS 8308ELP
217	228	0x1000	0x1008	MegaRAID SAS 84016E
218	228	0x1000	0x100c	MegaRAID SATA 300-12E
219	228	0x1000	0x100d	MegaRAID SATA 300-16E
220	228	0x1000	0x2004	MegaRAID SATA 300-8ELP
221	228	0x1000	0x2005	MegaRAID SATA 300-4ELP
222	228	0x1033	0x8287	MegaRAID SAS PCI Express ROMB
223	228	0x1054	0x3016	MegaRAID SAS RoMB Server
224	228	0x1734	0x1081	MegaRAID SAS PCI Express ROMB
225	228	0x1734	0x10a3	MegaRAID SAS PCI Express ROMB
226	228	0x8086	0x1001	RAID Controller SRCSAS18E
227	228	0x8086	0x1003	RAID Controller SRCSAS144E
228	228	0x8086	0x3500	SROMBSAS18E RAID Controller
229	228	0x8086	0x3501	SROMBSAS18E RAID Controller
230	228	0x8086	0x3504	SROMBSAS18E RAID Controller
231	229	0x1000	0x1005	MegaRAID SAS 8300XLP
232	231	0x1000	0x1020	44929 O Dual Fibre Channel card
233	235	0x1000	0x1010	7202-XP-LC Dual Fibre Channel card
234	243	0x1318	0x0000	PEI100X
235	250	0x1000	0x0518	MegaRAID 518 SCSI 320-2 Controller
236	250	0x1000	0x0520	MegaRAID 520 SCSI 320-1 Controller
237	250	0x1000	0x0522	MegaRAID 522 i4 133 RAID Controller
238	250	0x1000	0x0523	MegaRAID SATA 150-6 RAID Controller
239	250	0x1000	0x4523	MegaRAID SATA 150-4 RAID Controller
240	250	0x1000	0xa520	MegaRAID ZCR SCSI 320-0 Controller
241	250	0x1028	0x0518	MegaRAID 518 DELL PERC 4/DC RAID Controller
242	250	0x1028	0x0520	MegaRAID 520 DELL PERC 4/SC RAID Controller
243	250	0x1028	0x0531	PowerEdge Expandable RAID Controller 4/QC
244	250	0x1028	0x0533	PowerEdge Expandable RAID Controller 4/QC
245	250	0x8086	0x0520	MegaRAID RAID Controller SRCU41L
246	250	0x8086	0x0523	MegaRAID RAID Controller SRCS16
247	262	0x103c	0x0934	nx8220
248	280	0x1002	0x0002	R9600 Pro primary (Asus OEM for HP)
249	280	0x1002	0x0003	R9600 Pro secondary (Asus OEM for HP)
250	280	0x1002	0x4722	All-in-Wonder 2006 AGP Edition
251	280	0x1458	0x4024	Giga-Byte GV-R96128D (Primary)
252	280	0x148c	0x2064	PowerColor R96A-C3N
253	280	0x148c	0x2066	PowerColor R96A-C3N
254	280	0x174b	0x7c19	Sapphire Atlantis Radeon 9600 Pro
255	280	0x174b	0x7c29	GC-R9600PRO [Sapphire] (Primary)
256	280	0x17ee	0x2002	Radeon 9600 256Mb Primary
257	280	0x18bc	0x0101	GC-R9600PRO (Primary)
258	281	0x1043	0xc004	A9600SE
259	282	0x1002	0x0002	Radeon 9600XT
260	282	0x1002	0x4772	All-in-Wonder 9600 XT
261	282	0x1043	0xc002	Radeon 9600 XT TVD
262	282	0x1043	0xc01a	A9600XT/TD
263	282	0x174b	0x7c29	Sapphire Radeon 9600XT
264	282	0x1787	0x4002	Radeon 9600 XT
265	283	0x1043	0x010c	A9550GE/TD
266	283	0x1462	0x932c	RX9550SE-TD128 (MS-8932)
267	293	0x1002	0x0003	R9600 Pro secondary (Asus OEM for HP)
268	293	0x1002	0x4723	All-in-Wonder 2006 AGP Edition (Secondary)
269	293	0x1458	0x4025	Giga-Byte GV-R96128D (Secondary)
270	293	0x148c	0x2067	PowerColor R96A-C3N (Secondary)
271	293	0x174b	0x7c28	GC-R9600PRO [Sapphire] (Secondary)
272	293	0x17ee	0x2003	Radeon 9600 256Mb (Secondary)
273	293	0x18bc	0x0100	GC-R9600PRO (Secondary)
274	294	0x1043	0xc005	A9600SE (Secondary)
275	295	0x1002	0x0003	Radeon 9600XT (Secondary)
276	295	0x1002	0x4773	All-in-Wonder 9600 XT (Secondary)
277	295	0x1043	0xc003	A9600XT (Secondary)
278	295	0x1043	0xc01b	A9600XT/TD (Secondary)
279	295	0x174b	0x7c28	Sapphire Radeon 9600XT (Secondary)
280	295	0x1787	0x4003	Radeon 9600 XT (Secondary)
281	296	0x1043	0x010d	A9550GE/TD (Secondary)
282	298	0x1002	0x02aa	Radeon 8500 AIW DV Edition
283	300	0x1002	0x4336	Pavilion ze4300 ATI Radeon Mobility U1 (IGP 320 M)
284	300	0x103c	0x0024	Pavilion ze4400 builtin Video
285	300	0x161f	0x2029	eMachines M5312 builtin Video
286	301	0x1014	0x053a	ThinkPad R40e
287	301	0x103c	0x0850	Radeon IGP 345M
288	315	0x1025	0x0079	Aspire 5024WLMMi
289	315	0x1025	0x0091	Aspire 5032WXMi
290	315	0x103c	0x2a05	Pavilion t3030.de Desktop PC
291	315	0x103c	0x308b	MX6125
292	315	0x105b	0x0c81	Realtek ALC 653
293	315	0x107b	0x0300	MX6421
294	315	0x1462	0x0131	MS-1013 Notebook
295	316	0x103c	0x308b	MX6125
296	316	0x1462	0x7217	Aspire L250
297	317	0x1025	0x0080	Aspire 5024WLMMi
298	317	0x103c	0x2a20	Pavilion t3030.de Desktop PC
299	317	0x103c	0x308b	MX6125
300	317	0x1462	0x0131	MS-1013 Notebook
301	317	0x1462	0x7217	Aspire L250
302	318	0x1025	0x0080	Aspire 5024WLMMi
303	318	0x103c	0x2a20	Pavilion t3030.de Desktop PC
304	318	0x103c	0x308b	MX6125
305	318	0x1462	0x7217	Aspire L250
306	319	0x103c	0x2a20	Pavilion t3030.de Desktop PC
307	319	0x103c	0x308b	MX6125
308	319	0x1462	0x7217	Aspire L250
309	320	0x1025	0x0080	Aspire 5024WLMMi
310	320	0x103c	0x2a20	Pavilion t3030.de Desktop PC
311	320	0x103c	0x308b	MX6125
312	320	0x1462	0x7217	Aspire L250
313	321	0x1025	0x0080	Aspire 5024WLMMi
314	321	0x103c	0x2a20	Pavilion t3030.de Desktop PC
315	321	0x103c	0x308b	MX6125
316	321	0x1462	0x0131	MS-1013 Notebook
317	321	0x1462	0x7217	Aspire L250
318	322	0x1025	0x0080	Aspire 5024WLMi
319	322	0x103c	0x2a20	Pavilion t3030.de Desktop PC
320	322	0x103c	0x308b	MX6125
321	322	0x1462	0x7217	Aspire L250
322	323	0x1025	0x0080	Aspire 5024WLMMi
323	323	0x103c	0x308b	MX6125
324	323	0x1462	0x0131	MS-1013 Notebook
325	324	0x1462	0x7141	Aspire L250
326	325	0x1002	0x4379	4379 Serial ATA Controller
327	325	0x1002	0x437a	437A Serial ATA Controller
328	325	0x1462	0x7141	Aspire L250
329	325	0x14f1	0x8800	Leadtek WinFast TV2000XP Expert
330	326	0x1002	0x437b	IXP SB4x0 High Definition Audio Controller
331	326	0x10cf	0x1326	Fujitsu Lifebook A3040
332	326	0x1734	0x10b8	Realtek High Definition Audio
333	327	0x103c	0x2813	DC5750 Microtower
334	327	0x1179	0xff50	Satellite P305D-S8995E
335	327	0x1458	0xb003	GA-MA790FX-DS5 (rev. 1.0)
336	327	0x1458	0xb005	Gigabyte GA-MA69G-S3H Motherboard
337	327	0x1462	0x7327	K9AG Neo2
338	327	0x17f2	0x5999	KI690-AM2 Motherboard
339	330	0x103c	0x1611	Pavilion DM1Z-3000
340	330	0x103c	0x280a	DC5750 Microtower
341	330	0x1043	0x8230	M3A78-EH Motherboard
342	330	0x1043	0x836c	M4A785TD Motherboard
343	330	0x1043	0x8410	M4A89GTD PRO/USB3 Motherboard
344	330	0x1043	0x841b	M5A88-V EVO
345	330	0x1179	0xff50	Satellite P305D-S8995E
346	330	0x1458	0xa022	GA-MA770-DS3rev2.0 Motherboard
347	330	0x17f2	0x5000	KI690-AM2 Motherboard
348	332	0x103c	0x1611	Pavilion DM1Z-3000
349	332	0x103c	0x280a	DC5750 Microtower
350	332	0x1043	0x82ef	M3A78-EH Motherboard
351	332	0x1043	0x8389	M4A785TD Motherboard
352	332	0x1179	0xff50	Satellite P305D-S8995E
353	332	0x1458	0x4385	GA-MA770-DS3rev2.0 Motherboard
354	332	0x1462	0x7368	K9AG Neo2
355	332	0x17f2	0x5000	KI690-AM2 Motherboard
356	333	0x103c	0x280a	DC5750 Microtower
357	333	0x1179	0xff50	Satellite P305D-S8995E
358	333	0x1462	0x7368	K9AG Neo2
359	333	0x17f2	0x5000	KI690-AM2 Motherboard
360	334	0x103c	0x280a	DC5750 Microtower
361	334	0x1179	0xff50	Satellite P305D-S8995E
362	334	0x1462	0x7368	K9AG Neo2
363	334	0x17f2	0x5000	KI690-AM2 Motherboard
364	335	0x103c	0x280a	DC5750 Microtower
365	335	0x1179	0xff50	Satellite P305D-S8995E
366	335	0x1462	0x7368	K9AG Neo2
367	335	0x17f2	0x5000	KI690-AM2 Motherboard
368	336	0x103c	0x280a	DC5750 Microtower
369	336	0x1179	0xff50	Satellite P305D-S8995E
370	336	0x1462	0x7368	K9AG Neo2
371	336	0x17f2	0x5000	KI690-AM2 Motherboard
372	337	0x103c	0x280a	DC5750 Microtower
373	337	0x1179	0xff50	Satellite P305D-S8995E
374	337	0x1462	0x7368	K9AG Neo2
375	337	0x17f2	0x5000	KI690-AM2 Motherboard
376	338	0x103c	0x280a	DC5750 Microtower
377	338	0x1179	0xff50	Satellite P305D-S8995E
378	338	0x1462	0x7368	K9AG Neo2
379	338	0x17f2	0x5000	KI690-AM2 Motherboard
380	339	0x103c	0x280a	DC5750 Microtower
381	339	0x1179	0xff50	Satellite P305D-S8995E
382	339	0x1458	0x5002	Gigabyte GA-MA69G-S3H Motherboard
383	339	0x1462	0x7368	K9AG Neo2
384	339	0x17f2	0x5000	KI690-AM2 Motherboard
385	340	0x103c	0x280a	DC5750 Microtower
386	340	0x1179	0xff50	Satellite P305D-S8995E
387	340	0x1462	0x7368	K9AG Neo2
388	340	0x17f2	0x5000	KI690-AM2 Motherboard
389	342	0x1043	0x82ef	M3A78-EH Motherboard
390	342	0x1043	0x8389	M4A785TD Motherboard
391	342	0x1458	0xb002	GA-MA770-DS3rev2.0 Motherboard
392	342	0x1849	0x4390	Motherboard (one of many)
393	343	0x103c	0x1611	Pavilion DM1Z-3000
394	343	0x1043	0x82ef	M3A78-EH Motherboard
395	343	0x1043	0x8443	M5A88-V EVO
396	348	0x103c	0x1611	Pavilion DM1Z-3000
397	348	0x1043	0x82ef	M3A78-EH Motherboard
398	348	0x1043	0x8443	M5A88-V EVO
399	349	0x103c	0x1611	Pavilion DM1Z-3000
400	349	0x1043	0x82ef	M3A78-EH Motherboard
401	349	0x1043	0x8443	M5A88-V EVO
402	350	0x1043	0x82ef	M3A78-EH Motherboard
403	351	0x1043	0x82ef	M3A78-EH Motherboard
404	351	0x1043	0x8443	M5A88-V EVO
405	352	0x1043	0x82ef	M3A78-EH Motherboard
406	353	0x103c	0x1611	Pavilion DM1Z-3000
407	353	0x1043	0x82ef	M3A78-EH Motherboard
408	353	0x1043	0x8443	M5A88-V EVO
409	359	0x1002	0x0040	Rage Pro Turbo AGP 2X
410	359	0x1002	0x0044	Rage Pro Turbo AGP 2X
411	359	0x1002	0x0061	Rage Pro AIW AGP 2X
412	359	0x1002	0x0062	Rage Pro AIW AGP 2X
413	359	0x1002	0x0063	Rage Pro AIW AGP 2X
414	359	0x1002	0x0080	Rage Pro Turbo AGP 2X
415	359	0x1002	0x0084	Rage Pro Turbo AGP 2X
416	359	0x1002	0x4742	Rage Pro Turbo AGP 2X
417	359	0x1002	0x8001	Rage Pro Turbo AGP 2X
418	359	0x1028	0x0082	Rage Pro Turbo AGP 2X
419	359	0x1028	0x4082	Optiplex GX1 Onboard Display Adapter
420	359	0x1028	0x8082	Rage Pro Turbo AGP 2X
421	359	0x1028	0xc082	Rage Pro Turbo AGP 2X
422	359	0x8086	0x4152	Xpert 98D AGP 2X
423	359	0x8086	0x464a	Rage Pro Turbo AGP 2X
424	360	0x1002	0x4744	Rage Pro Turbo AGP
425	360	0x8086	0x4d55	Rage 3D Pro AGP 1X [Intel MU440EX]
426	362	0x1002	0x0061	Rage Pro AIW
427	362	0x1002	0x0062	Rage Pro AIW
428	364	0x1002	0x0004	Xpert 98 RXL AGP 2X
429	364	0x1002	0x0008	Xpert 98 RXL AGP 2X
430	364	0x1002	0x0080	Rage XL AGP 2X
431	364	0x1002	0x0084	Xpert 98 AGP 2X
432	364	0x1002	0x474d	Rage XL AGP
433	364	0x1033	0x806a	Rage XL AGP
434	365	0x1002	0x474e	Rage XC AGP
435	366	0x1002	0x0008	Rage XL
436	366	0x1002	0x474f	Rage XL
437	367	0x1002	0x0040	Rage Pro Turbo
438	367	0x1002	0x0044	Rage Pro Turbo
439	367	0x1002	0x0080	Rage Pro Turbo
440	367	0x1002	0x0084	Rage Pro Turbo
441	367	0x1002	0x4750	Rage Pro Turbo
442	369	0x0e11	0x001e	Proliant Rage XL
443	369	0x1002	0x0008	Rage XL
444	369	0x1002	0x4752	Proliant Rage XL
445	369	0x1002	0x8008	Rage XL
446	369	0x1014	0x0240	eServer xSeries server mainboard
447	369	0x1028	0x00ce	PowerEdge 1400
448	369	0x1028	0x00d1	PowerEdge 2550
449	369	0x1028	0x00d9	PowerEdge 2500
450	369	0x1028	0x0134	PowerEdge 600SC
451	369	0x1028	0x014a	PowerEdge 1750
452	369	0x1028	0x0165	PowerEdge 750
453	369	0x103c	0x10e1	NetServer Rage XL
454	369	0x107b	0x6400	6400 Server
455	369	0x1734	0x007a	PRIMERGY RX/TX series onboard VGA
456	369	0x8086	0x3411	SDS2 Mainboard
457	369	0x8086	0x3427	S875WP1-E mainboard
458	369	0x8086	0x5744	S845WD1-E mainboard
459	370	0x1002	0x4753	Rage XC
460	373	0x1002	0x4756	Rage IIC
461	374	0x1002	0x4757	Rage IIC AGP
462	374	0x1028	0x0089	Rage 3D IIC
463	374	0x1028	0x008e	PowerEdge 1300 onboard video
464	374	0x1028	0x4082	Rage 3D IIC
465	374	0x1028	0x8082	Rage 3D IIC
466	374	0x1028	0xc082	Rage 3D IIC
467	377	0x1002	0x0084	Rage 3D Pro AGP 2x XPERT 98
468	377	0x1002	0x0087	Rage 3D IIC
469	377	0x1002	0x475a	Rage IIC AGP
470	380	0x10f1	0x0002	RV250 If [Tachyon G9000 PRO]
471	380	0x148c	0x2039	RV250 If [Radeon 9000 Pro "Evil Commando"]
472	380	0x1509	0x9a00	RV250 If [Radeon 9000 "AT009"]
473	380	0x1681	0x0040	RV250 If [3D prophet 9000]
474	380	0x174b	0x7176	RV250 If [Sapphire Radeon 9000 Pro]
475	380	0x174b	0x7192	RV250 If [Radeon 9000 "Atlantis"]
476	380	0x17af	0x2005	RV250 If [Excalibur Radeon 9000 Pro]
477	380	0x17af	0x2006	RV250 If [Excalibur Radeon 9000]
478	406	0x0e11	0xb0e7	Rage LT Pro (Compaq Presario 5240)
479	406	0x0e11	0xb0e8	Rage 3D LT Pro
480	406	0x0e11	0xb10e	3D Rage LT Pro (Compaq Armada 1750)
481	406	0x1002	0x0040	Rage LT Pro AGP 2X
482	406	0x1002	0x0044	Rage LT Pro AGP 2X
483	406	0x1002	0x4c42	Rage LT Pro AGP 2X
484	406	0x1002	0x8001	Rage LT Pro AGP 2X
485	406	0x1028	0x0085	Rage 3D LT Pro
486	409	0x1002	0x0155	IBM Thinkpad A22p
487	409	0x1014	0x0155	IBM Thinkpad A22p
488	409	0x1028	0x00b1	Latitude C600
489	411	0x1002	0x0004	Rage LT Pro
490	411	0x1002	0x0040	Rage LT Pro
491	411	0x1002	0x0044	Rage LT Pro
492	411	0x1002	0x4c49	Rage LT Pro
493	412	0x0e11	0xb111	Armada M700
494	412	0x0e11	0xb160	Armada E500
495	412	0x1002	0x0084	Xpert 98 AGP 2X (Mobility)
496	412	0x1014	0x0154	ThinkPad A20m/A21m
497	412	0x1028	0x00aa	Latitude CPt
498	412	0x1028	0x00bb	Latitude CPx
499	412	0x1179	0xff00	Satellite 1715XCDS laptop
500	412	0x13bd	0x1019	PC-AR10
501	414	0x1002	0x4c50	Rage LT Pro
502	416	0x1033	0x8112	Versa Note VXi
503	419	0x1014	0x0517	ThinkPad T30
504	419	0x1014	0x0530	ThinkPad T42 2373-4WU
505	419	0x1028	0x00e6	Radeon Mobility M7 LW (Dell Inspiron 8100)
506	419	0x1028	0x012a	Latitude C640
507	419	0x1043	0x1622	Mobility Radeon M7 (L3C/S)
508	419	0x144d	0xc006	Radeon Mobility M7 LW in vpr Matrix 170B4
\.


--
-- Name: subsystems_id_seq; Type: SEQUENCE SET; Schema: public; Owner: ode
--

SELECT pg_catalog.setval('subsystems_id_seq', 508, true);


--
-- Data for Name: users; Type: TABLE DATA; Schema: public; Owner: ode
--

COPY users (id, login, name, email, crypted_password, salt, admin_user, admin_equip, admin_inv, responsible, assistant, login_count, last_login_at, created_at, updated_at, deleted_at, remember_me_token, remember_me_token_expires_at) FROM stdin;
2	ololow	Ололош Петр Вазгенович	ololow@msiu.ru	$2a$10$mp8tq6lwOUkG//qMmXpurucpgEnGbHrTM8iYcYFxqN8FYtn4x.EHm	nnDaybqqNMWc5jGmF4sp	1	0	1	0	1	0	\N	2013-06-14 17:23:00.023103	2013-06-14 17:23:00.023103	\N	\N	\N
3	arapova	Арапова Анастасия Алексеевна	arapova@msiu.ru	$2a$10$MG.GHG2VDbjQ.3zfuudoHulOZ/JQegWnjyQPWgtw4Ymr.lslcvaZG	jbyzyFsMpJ7MJqqT8EDS	0	1	0	1	1	0	\N	2013-06-14 17:23:00.170759	2013-06-14 17:23:00.170759	\N	\N	\N
4	barmin	Бармин Никита Юрьевич	barmin@msiu.ru	$2a$10$egvomrcZxJCzHzzJCjkGE.F.XeY1E4uYw3qzkYQYSp204B/sfhgH2	QeDqa61s3sa8udaaNzGq	0	1	0	1	1	0	\N	2013-06-14 17:23:00.32009	2013-06-14 17:23:00.32009	\N	\N	\N
5	blinov	Блинов Максим Сергеевич	blinov@msiu.ru	$2a$10$U0omN9uf2/GS/0LCj8C2CuPxyrjyyy2QvNOwJSU.DpRSL39xRVx26	j7W2WNWsyUKq36jNCcKm	1	1	0	0	0	0	\N	2013-06-14 17:23:00.462977	2013-06-14 17:23:00.462977	\N	\N	\N
6	volodin	Володин Дмитрий Павлович	volodin@msiu.ru	$2a$10$bKSOithTflU2Rz3/QpdDDOqjo/7hgqmzJWj50co5HAW30sfZ86OmS	6e8VuNqX5FNDqxVXFfrM	0	0	1	0	1	0	\N	2013-06-14 17:23:00.608608	2013-06-14 17:23:00.608608	\N	\N	\N
7	volodina	Володина Ксения Андреевна	volodina@msiu.ru	$2a$10$QjSTkG25KBVSnyckjlDHnOoiiorTY01PMM5L/tGi.BChmEL2vx5/6	ia2RCt8uDpJqqZx2xysp	0	0	0	0	1	0	\N	2013-06-14 17:23:00.749774	2013-06-14 17:23:00.749774	\N	\N	\N
8	korunkov	Корунков Иван Александрович	korunkov@msiu.ru	$2a$10$JSoRRqQQAAUC2ep1u.hIae7by0eXYX4rmP1DJ.9KxMW6UZRqtCs5O	xDxkwaNwoLnYivoasmgQ	0	0	0	1	1	0	\N	2013-06-14 17:23:00.897101	2013-06-14 17:23:00.897101	\N	\N	\N
9	mahar	Махарадзе Константин Бидзинович	mahar@msiu.ru	$2a$10$waMh1NABpegiczCVF3w8g.jMXo1scquRZRQ3pGxj3xf5GxELtMbmu	YLUzxkwc17sa9dsDpLC6	1	0	1	0	1	0	\N	2013-06-14 17:23:01.039851	2013-06-14 17:23:01.039851	\N	\N	\N
10	ostapenko	Остапенко Дмитрий Евгеньевич	ostapenko@msiu.ru	$2a$10$0wkuSq1wb0Vs9s84unljp.Eyv7aw5D3AXscOmLEZN45KqAM7CugmS	o51pEPwZpys6kEP5Wdie	0	1	1	0	1	0	\N	2013-06-14 17:23:01.180089	2013-06-14 17:23:01.180089	\N	\N	\N
11	pasko	Пасько Дмитрий Анатольевич	pasko@msiu.ru	$2a$10$67t5dMHmRvkC8Y4SMEnn8.PKmeoMI9EU9yRIzFurUHiKYofc4Kv8u	rZzm8zmtGacHvJG4eTTv	0	0	1	0	0	0	\N	2013-06-14 17:23:01.326734	2013-06-14 17:23:01.326734	\N	\N	\N
12	wkolnik	Ржавин Тимофей Сергеевич	wkolnik@msiu.ru	$2a$10$zeffJjtRslDvNJ6zUICn3uPZ5Gv2LT44uwbz3cHZqXq1nQExKgpd.	tGhMfxzXeMvZqmufypcn	0	0	1	0	0	0	\N	2013-06-14 17:23:01.473445	2013-06-14 17:23:01.473445	\N	\N	\N
13	silaev	Силаев Владислав Сергеевич	silaev@msiu.ru	$2a$10$CQ2mgjp6a3E4huFKcMesruZpw3CtV7NQQNvc0BV0WJ/tqLS97Nixe	YkqTwuzzxgrssb8EVWso	1	0	0	1	0	0	\N	2013-06-14 17:23:01.623727	2013-06-14 17:23:01.623727	\N	\N	\N
14	sitnikov	Ситников Андрей Валентинович	sitnikov@msiu.ru	$2a$10$J7DrYl8mK55cnSu1AIkw..5KXkSG0cFtKf52UvbmBlj92HDAyNnnu	eYezDrTzDrYoEUJKkKLx	1	0	0	1	1	0	\N	2013-06-14 17:23:01.769654	2013-06-14 17:23:01.769654	\N	\N	\N
15	shavrin	Шаврин Александр Сергеевич	shavrin@msiu.ru	$2a$10$fHn9r1yAYhPVwW2WNbAFf.t3mQvv6.ddS0YqwR4dApGsonHLHYkqm	Ny5sqM62ksipUF4yPBM1	0	1	0	0	0	0	\N	2013-06-14 17:23:01.914055	2013-06-14 17:23:01.914055	\N	\N	\N
16	slowpoke	Некрасов Василий Иванович	slowpoke@msiu.ru	$2a$10$qS6C6NyqhRrx70btORQBUep29NLTtlVyniorYlvZjYf5kyvpaWKSi	3ypPBmTJWDf9zBs41o3D	1	0	0	1	0	0	\N	2013-06-14 17:23:02.057959	2013-06-14 17:23:02.057959	\N	\N	\N
18	sidorov	Сидоров Евгений Вальрьянович	sidorov@msiu.ru	$2a$10$TflHxaTA4Tf3V9AxZShacu70yThGLmJUaOT5iwC8XZYb/EEn0IL7e	qSgWF2XVwCvdAs5ju31C	0	1	0	0	1	0	\N	2013-06-14 17:23:02.372435	2013-06-14 17:23:02.372435	\N	\N	\N
19	ivanov	Иванов Сидор Константинович	ivanov@msiu.ru	$2a$10$Qga3CGjmXUCnuc8hqOTjcOsscCVnav1wSf1iIT65kd7oIdeaqGXBy	8b7k3sugH4jjquTc5pNQ	1	1	1	1	0	0	\N	2013-06-14 17:23:02.513139	2013-06-14 17:23:02.513139	\N	\N	\N
20	mouse	Мышь Мила Ивановна	mouse@msiu.ru	$2a$10$rQ0/hXnP6ooTjuRJdN7qtOMl5.VyJywA2UEKBsoEQO4fh29zfG2N.	bbRx9SFzMbeZywbMrxZd	0	1	1	1	1	0	\N	2013-06-14 17:23:02.658479	2013-06-14 17:23:02.658479	\N	\N	\N
17	jesus	Онипко Константин Петрович	jesus@msiu.ru	$2a$10$qshEO7PmsKgvSf/x0UpfaevFjZ7j49MdUQOwLPM46wxdvhMAL7ERO	yjqGcsWm9EJxVpd2No8u	0	0	0	0	1	2	2013-06-14 19:29:59.563599	2013-06-14 17:23:02.203185	2013-06-14 19:29:59.59781	\N	\N	\N
1	admin	Cупер-Администратор	admin@msiu.ru	$2a$10$54sRNuF8RSLlSZa/VFnrsemS//9rnWp3c5/RH7SIl7tRVEhoDg9m6	pG6U8UvD1jvdjUdvCC4P	1	1	1	1	1	3	2013-06-14 19:30:10.40758	2013-06-14 17:22:59.874777	2013-06-14 19:30:10.410566	\N	\N	\N
\.


--
-- Name: users_id_seq; Type: SEQUENCE SET; Schema: public; Owner: ode
--

SELECT pg_catalog.setval('users_id_seq', 20, true);


--
-- Data for Name: vendors; Type: TABLE DATA; Schema: public; Owner: ode
--

COPY vendors (id, vendor_hex, name) FROM stdin;
1	0x0000	Gammagraphx, Inc. (or missing ID)
2	0x0010	Allied Telesis, Inc
3	0x001a	Ascend Communications, Inc.
4	0x001c	PEAK-System Technik GmbH
5	0x0033	Paradyne corp.
6	0x003d	Lockheed Martin-Marietta Corp
7	0x0059	Tiger Jet Network Inc. (Wrong ID)
8	0x0070	Hauppauge computer works Inc.
9	0x0071	Nebula Electronics Ltd.
10	0x0095	Silicon Image, Inc. (Wrong ID)
11	0x00a7	Teles AG (Wrong ID)
12	0x00f5	BFG Technologies, Inc.
13	0x0100	Ncipher Corp Ltd
14	0x0123	General Dynamics
15	0x018a	LevelOne
16	0x021b	Compaq Computer Corporation
17	0x0270	Hauppauge computer works Inc. (Wrong ID)
18	0x0291	Davicom Semiconductor, Inc.
19	0x02ac	SpeedStream
20	0x02e0	XFX Pine Group Inc
21	0x0308	ZyXEL Communications Corporation
22	0x0315	SK-Electronics Co., Ltd.
23	0x0357	TTTech AG
24	0x036f	Trigem Computer Inc.
25	0x0403	Future Technology Devices International Ltd
26	0x0432	SCM Microsystems, Inc.
27	0x0482	Kyocera
28	0x04b3	IBM Corp.
29	0x050d	Belkin
30	0x058f	Alcor Micro Corporation
31	0x05a9	OmniVision
32	0x05e3	CyberDoor
33	0x066f	Sigmatel Inc.
34	0x0675	Dynalink
35	0x069d	Hughes Network Systems (HNS)
36	0x0721	Sapphire, Inc.
37	0x0777	Ubiquiti Networks, Inc.
38	0x0795	Wired Inc.
39	0x07ca	AVerMedia Technologies Inc.
40	0x07d0	ITT Geospatial Systems
41	0x07d1	D-Link System Inc
42	0x07e2	ELMEG Communication Systems GmbH
43	0x0842	NPG, Personal Grand Technology
44	0x08e6	Gemalto NV
45	0x08ff	AuthenTec
46	0x0925	First International Computer, Inc.
47	0x093a	PixArt Imaging Inc.
48	0x09c1	Arris
49	0x0a89	BREA Technologies Inc
50	0x0b0b	Rhino Equipment Corp.
51	0x0b3d	Brontes Technologies
52	0x0b49	ASCII Corporation
53	0x0ccd	TerraTec Electronic GmbH
54	0x0e11	Compaq Computer Corporation
55	0x0e21	Cowon Systems, Inc.
56	0x0e55	HaSoTec GmbH
57	0x0eac	SHF Communication Technologies AG
58	0x0f62	Acrox Technologies Co., Ltd.
59	0x1000	LSI Logic / Symbios Logic
60	0x1001	Kolter Electronic
61	0x1002	ATI Technologies Inc
\.


--
-- Name: vendors_id_seq; Type: SEQUENCE SET; Schema: public; Owner: ode
--

SELECT pg_catalog.setval('vendors_id_seq', 61, true);


--
-- Data for Name: versions; Type: TABLE DATA; Schema: public; Owner: ode
--

COPY versions (id, item_type, item_id, event, whodunnit, object, created_at) FROM stdin;
1	Equipment	1	create	\N	\N	2013-06-14 17:23:20.941762
2	Equipment	1	update	\N	---\ninventory_id: 10\nroom_id: 12\nresponsible_id: 5\ndomain_name: stone 12\nmd5sum: \naccepted_at: \ndeleted_at: \nallow_del_at: \ncreated_at: 2013-06-14 17:23:20.927844706 Z\nupdated_at: 2013-06-14 17:23:20.927844706 Z\nid: 1\n	2013-06-14 17:23:20.970352
3	Equipment	2	create	\N	\N	2013-06-14 17:23:20.996941
4	Equipment	3	create	\N	\N	2013-06-14 17:23:21.026156
5	Equipment	3	update	\N	---\ninventory_id: 14\nroom_id: 11\nresponsible_id: 17\ndomain_name: monster 8\nmd5sum: \naccepted_at: \ndeleted_at: \nallow_del_at: \ncreated_at: 2013-06-14 17:23:21.023228638 Z\nupdated_at: 2013-06-14 17:23:21.023228638 Z\nid: 3\n	2013-06-14 17:23:21.038789
6	Equipment	4	create	\N	\N	2013-06-14 17:23:21.06121
7	Equipment	4	update	\N	---\ninventory_id: 42\nroom_id: 5\nresponsible_id: 10\ndomain_name: monster 22\nmd5sum: \naccepted_at: \ndeleted_at: \nallow_del_at: \ncreated_at: 2013-06-14 17:23:21.058234260 Z\nupdated_at: 2013-06-14 17:23:21.058234260 Z\nid: 4\n	2013-06-14 17:23:21.079044
8	Equipment	5	create	\N	\N	2013-06-14 17:23:21.119103
9	Equipment	6	create	\N	\N	2013-06-14 17:23:21.139718
10	Equipment	6	update	\N	---\ninventory_id: 47\nroom_id: 3\nresponsible_id: 17\ndomain_name: mars 13\nmd5sum: \naccepted_at: \ndeleted_at: \nallow_del_at: \ncreated_at: 2013-06-14 17:23:21.136581395 Z\nupdated_at: 2013-06-14 17:23:21.136581395 Z\nid: 6\n	2013-06-14 17:23:21.154428
11	Equipment	7	create	\N	\N	2013-06-14 17:23:21.172811
12	Equipment	7	update	\N	---\ninventory_id: 15\nroom_id: 3\nresponsible_id: 17\ndomain_name: ice 23\nmd5sum: \naccepted_at: \ndeleted_at: \nallow_del_at: \ncreated_at: 2013-06-14 17:23:21.169822181 Z\nupdated_at: 2013-06-14 17:23:21.169822181 Z\nid: 7\n	2013-06-14 17:23:21.187748
13	Equipment	8	create	\N	\N	2013-06-14 17:23:21.203748
14	Equipment	9	create	\N	\N	2013-06-14 17:23:21.229387
15	Equipment	9	update	\N	---\ninventory_id: 28\nroom_id: 1\nresponsible_id: 12\ndomain_name: stone 11\nmd5sum: \naccepted_at: \ndeleted_at: \nallow_del_at: \ncreated_at: 2013-06-14 17:23:21.226264962 Z\nupdated_at: 2013-06-14 17:23:21.226264962 Z\nid: 9\n	2013-06-14 17:23:21.244153
16	Equipment	10	create	\N	\N	2013-06-14 17:23:21.277787
17	Equipment	11	create	\N	\N	2013-06-14 17:23:21.313879
18	Equipment	11	update	\N	---\ninventory_id: 26\nroom_id: 11\nresponsible_id: 6\ndomain_name: ghost 19\nmd5sum: \naccepted_at: \ndeleted_at: \nallow_del_at: \ncreated_at: 2013-06-14 17:23:21.310803343 Z\nupdated_at: 2013-06-14 17:23:21.310803343 Z\nid: 11\n	2013-06-14 17:23:21.328724
19	Equipment	12	create	\N	\N	2013-06-14 17:23:21.356351
20	Equipment	12	update	\N	---\ninventory_id: 41\nroom_id: 4\nresponsible_id: 11\ndomain_name: fire 18\nmd5sum: \naccepted_at: \ndeleted_at: \nallow_del_at: \ncreated_at: 2013-06-14 17:23:21.353267764 Z\nupdated_at: 2013-06-14 17:23:21.353267764 Z\nid: 12\n	2013-06-14 17:23:21.376433
21	Equipment	13	create	\N	\N	2013-06-14 17:23:21.405548
22	Equipment	13	update	\N	---\ninventory_id: 20\nroom_id: 12\nresponsible_id: 6\ndomain_name: lib 10\nmd5sum: \naccepted_at: \ndeleted_at: \nallow_del_at: \ncreated_at: 2013-06-14 17:23:21.402469389 Z\nupdated_at: 2013-06-14 17:23:21.402469389 Z\nid: 13\n	2013-06-14 17:23:21.428269
23	Equipment	14	create	\N	\N	2013-06-14 17:23:21.446478
24	Equipment	14	update	\N	---\ninventory_id: 19\nroom_id: 1\nresponsible_id: 4\ndomain_name: lib 14\nmd5sum: \naccepted_at: \ndeleted_at: \nallow_del_at: \ncreated_at: 2013-06-14 17:23:21.443491112 Z\nupdated_at: 2013-06-14 17:23:21.443491112 Z\nid: 14\n	2013-06-14 17:23:21.46115
25	Equipment	15	create	\N	\N	2013-06-14 17:23:21.488677
26	Equipment	15	update	\N	---\ninventory_id: 32\nroom_id: 11\nresponsible_id: 13\ndomain_name: mars 10\nmd5sum: \naccepted_at: \ndeleted_at: \nallow_del_at: \ncreated_at: 2013-06-14 17:23:21.485666103 Z\nupdated_at: 2013-06-14 17:23:21.485666103 Z\nid: 15\n	2013-06-14 17:23:21.509016
27	Equipment	16	create	\N	\N	2013-06-14 17:23:21.538843
28	Equipment	16	update	\N	---\ninventory_id: 7\nroom_id: 12\nresponsible_id: 2\ndomain_name: stone 1\nmd5sum: \naccepted_at: \ndeleted_at: \nallow_del_at: \ncreated_at: 2013-06-14 17:23:21.535866308 Z\nupdated_at: 2013-06-14 17:23:21.535866308 Z\nid: 16\n	2013-06-14 17:23:21.561849
29	Equipment	17	create	\N	\N	2013-06-14 17:23:21.589015
30	Equipment	17	update	\N	---\ninventory_id: 25\nroom_id: 2\nresponsible_id: 4\ndomain_name: gorynich 17\nmd5sum: \naccepted_at: \ndeleted_at: \nallow_del_at: \ncreated_at: 2013-06-14 17:23:21.586014246 Z\nupdated_at: 2013-06-14 17:23:21.586014246 Z\nid: 17\n	2013-06-14 17:23:21.608966
31	Equipment	18	create	\N	\N	2013-06-14 17:23:21.639143
32	Equipment	19	create	\N	\N	2013-06-14 17:23:21.680428
33	Equipment	19	update	\N	---\ninventory_id: 7\nroom_id: 4\nresponsible_id: 6\ndomain_name: gorynich 3\nmd5sum: \naccepted_at: \ndeleted_at: \nallow_del_at: \ncreated_at: 2013-06-14 17:23:21.677375542 Z\nupdated_at: 2013-06-14 17:23:21.677375542 Z\nid: 19\n	2013-06-14 17:23:21.698455
34	Equipment	20	create	\N	\N	2013-06-14 17:23:21.734639
35	Equipment	20	update	\N	---\ninventory_id: 26\nroom_id: 9\nresponsible_id: 7\ndomain_name: ghost 20\nmd5sum: \naccepted_at: \ndeleted_at: \nallow_del_at: \ncreated_at: 2013-06-14 17:23:21.731421991 Z\nupdated_at: 2013-06-14 17:23:21.731421991 Z\nid: 20\n	2013-06-14 17:23:21.787807
36	Equipment	21	create	\N	\N	2013-06-14 17:23:21.811297
37	Equipment	22	create	\N	\N	2013-06-14 17:23:21.852674
38	Equipment	22	update	\N	---\ninventory_id: 32\nroom_id: 5\nresponsible_id: 16\ndomain_name: monster 8\nmd5sum: \naccepted_at: \ndeleted_at: \nallow_del_at: \ncreated_at: 2013-06-14 17:23:21.849616314 Z\nupdated_at: 2013-06-14 17:23:21.849616314 Z\nid: 22\n	2013-06-14 17:23:21.874073
39	Equipment	23	create	\N	\N	2013-06-14 17:23:21.894106
40	Equipment	23	update	\N	---\ninventory_id: 24\nroom_id: 4\nresponsible_id: 16\ndomain_name: mars 2\nmd5sum: \naccepted_at: \ndeleted_at: \nallow_del_at: \ncreated_at: 2013-06-14 17:23:21.891155801 Z\nupdated_at: 2013-06-14 17:23:21.891155801 Z\nid: 23\n	2013-06-14 17:23:21.909424
41	Equipment	24	create	\N	\N	2013-06-14 17:23:21.93731
42	Equipment	24	update	\N	---\ninventory_id: 47\nroom_id: 10\nresponsible_id: 8\ndomain_name: monster 10\nmd5sum: \naccepted_at: \ndeleted_at: \nallow_del_at: \ncreated_at: 2013-06-14 17:23:21.934185415 Z\nupdated_at: 2013-06-14 17:23:21.934185415 Z\nid: 24\n	2013-06-14 17:23:21.957674
43	Equipment	25	create	\N	\N	2013-06-14 17:23:21.979709
44	Equipment	25	update	\N	---\ninventory_id: 7\nroom_id: 5\nresponsible_id: 19\ndomain_name: ghost 19\nmd5sum: \naccepted_at: \ndeleted_at: \nallow_del_at: \ncreated_at: 2013-06-14 17:23:21.976719923 Z\nupdated_at: 2013-06-14 17:23:21.976719923 Z\nid: 25\n	2013-06-14 17:23:21.997455
45	Equipment	26	create	\N	\N	2013-06-14 17:23:22.021934
46	Equipment	27	create	\N	\N	2013-06-14 17:23:22.055357
47	Equipment	27	update	\N	---\ninventory_id: 40\nroom_id: 8\nresponsible_id: 5\ndomain_name: ice 23\nmd5sum: \naccepted_at: \ndeleted_at: \nallow_del_at: \ncreated_at: 2013-06-14 17:23:22.052352004 Z\nupdated_at: 2013-06-14 17:23:22.052352004 Z\nid: 27\n	2013-06-14 17:23:22.072177
48	Equipment	28	create	\N	\N	2013-06-14 17:23:22.099273
49	Equipment	28	update	\N	---\ninventory_id: 25\nroom_id: 9\nresponsible_id: 15\ndomain_name: ice 15\nmd5sum: \naccepted_at: \ndeleted_at: \nallow_del_at: \ncreated_at: 2013-06-14 17:23:22.096270288 Z\nupdated_at: 2013-06-14 17:23:22.096270288 Z\nid: 28\n	2013-06-14 17:23:22.119294
50	Equipment	29	create	\N	\N	2013-06-14 17:23:22.149611
51	Equipment	30	create	\N	\N	2013-06-14 17:23:22.19983
106	Equipment	64	create	\N	\N	2013-06-14 17:23:23.788881
107	Equipment	65	create	\N	\N	2013-06-14 17:23:23.847899
155	Equipment	90	create	\N	\N	2013-06-14 17:23:25.009774
52	Equipment	30	update	\N	---\ninventory_id: 42\nroom_id: 12\nresponsible_id: 4\ndomain_name: gorynich 11\nmd5sum: \naccepted_at: \ndeleted_at: \nallow_del_at: \ncreated_at: 2013-06-14 17:23:22.196755482 Z\nupdated_at: 2013-06-14 17:23:22.196755482 Z\nid: 30\n	2013-06-14 17:23:22.22526
53	Equipment	31	create	\N	\N	2013-06-14 17:23:22.248566
54	Equipment	31	update	\N	---\ninventory_id: 24\nroom_id: 9\nresponsible_id: 5\ndomain_name: gorynich 10\nmd5sum: \naccepted_at: \ndeleted_at: \nallow_del_at: \ncreated_at: 2013-06-14 17:23:22.245538073 Z\nupdated_at: 2013-06-14 17:23:22.245538073 Z\nid: 31\n	2013-06-14 17:23:22.270744
55	Equipment	32	create	\N	\N	2013-06-14 17:23:22.291748
56	Equipment	33	create	\N	\N	2013-06-14 17:23:22.324695
57	Equipment	33	update	\N	---\ninventory_id: 23\nroom_id: 2\nresponsible_id: 17\ndomain_name: stone 10\nmd5sum: \naccepted_at: \ndeleted_at: \nallow_del_at: \ncreated_at: 2013-06-14 17:23:22.321547481 Z\nupdated_at: 2013-06-14 17:23:22.321547481 Z\nid: 33\n	2013-06-14 17:23:22.342272
58	Equipment	34	create	\N	\N	2013-06-14 17:23:22.363672
59	Equipment	34	update	\N	---\ninventory_id: 38\nroom_id: 12\nresponsible_id: 20\ndomain_name: gorynich 15\nmd5sum: \naccepted_at: \ndeleted_at: \nallow_del_at: \ncreated_at: 2013-06-14 17:23:22.360553228 Z\nupdated_at: 2013-06-14 17:23:22.360553228 Z\nid: 34\n	2013-06-14 17:23:22.380505
60	Equipment	35	create	\N	\N	2013-06-14 17:23:22.410492
61	Equipment	36	create	\N	\N	2013-06-14 17:23:22.508667
62	Equipment	36	update	\N	---\ninventory_id: 50\nroom_id: 1\nresponsible_id: 11\ndomain_name: lib 2\nmd5sum: \naccepted_at: \ndeleted_at: \nallow_del_at: \ncreated_at: 2013-06-14 17:23:22.505625450 Z\nupdated_at: 2013-06-14 17:23:22.505625450 Z\nid: 36\n	2013-06-14 17:23:22.533698
63	Equipment	37	create	\N	\N	2013-06-14 17:23:22.561207
64	Equipment	38	create	\N	\N	2013-06-14 17:23:22.609062
65	Equipment	38	update	\N	---\ninventory_id: 38\nroom_id: 8\nresponsible_id: 9\ndomain_name: monster 14\nmd5sum: \naccepted_at: \ndeleted_at: \nallow_del_at: \ncreated_at: 2013-06-14 17:23:22.605944626 Z\nupdated_at: 2013-06-14 17:23:22.605944626 Z\nid: 38\n	2013-06-14 17:23:22.63554
66	Equipment	39	create	\N	\N	2013-06-14 17:23:22.656168
67	Equipment	40	create	\N	\N	2013-06-14 17:23:22.688333
68	Equipment	40	update	\N	---\ninventory_id: 25\nroom_id: 7\nresponsible_id: 15\ndomain_name: ice 7\nmd5sum: \naccepted_at: \ndeleted_at: \nallow_del_at: \ncreated_at: 2013-06-14 17:23:22.685350977 Z\nupdated_at: 2013-06-14 17:23:22.685350977 Z\nid: 40\n	2013-06-14 17:23:22.705132
69	Equipment	41	create	\N	\N	2013-06-14 17:23:22.718497
70	Equipment	41	update	\N	---\ninventory_id: 45\nroom_id: 6\nresponsible_id: 13\ndomain_name: gorynich 20\nmd5sum: \naccepted_at: \ndeleted_at: \nallow_del_at: \ncreated_at: 2013-06-14 17:23:22.715519523 Z\nupdated_at: 2013-06-14 17:23:22.715519523 Z\nid: 41\n	2013-06-14 17:23:22.731763
71	Equipment	42	create	\N	\N	2013-06-14 17:23:22.749678
72	Equipment	43	create	\N	\N	2013-06-14 17:23:22.781425
73	Equipment	43	update	\N	---\ninventory_id: 25\nroom_id: 9\nresponsible_id: 10\ndomain_name: ghost 19\nmd5sum: \naccepted_at: \ndeleted_at: \nallow_del_at: \ncreated_at: 2013-06-14 17:23:22.778154168 Z\nupdated_at: 2013-06-14 17:23:22.778154168 Z\nid: 43\n	2013-06-14 17:23:22.799262
74	Equipment	44	create	\N	\N	2013-06-14 17:23:22.830898
75	Equipment	45	create	\N	\N	2013-06-14 17:23:22.871939
76	Equipment	46	create	\N	\N	2013-06-14 17:23:22.901094
77	Equipment	47	create	\N	\N	2013-06-14 17:23:22.945316
78	Equipment	47	update	\N	---\ninventory_id: 39\nroom_id: 2\nresponsible_id: 14\ndomain_name: fire 24\nmd5sum: \naccepted_at: \ndeleted_at: \nallow_del_at: \ncreated_at: 2013-06-14 17:23:22.942177919 Z\nupdated_at: 2013-06-14 17:23:22.942177919 Z\nid: 47\n	2013-06-14 17:23:22.972647
79	Equipment	48	create	\N	\N	2013-06-14 17:23:23.002807
80	Equipment	48	update	\N	---\ninventory_id: 31\nroom_id: 11\nresponsible_id: 8\ndomain_name: monster 16\nmd5sum: \naccepted_at: \ndeleted_at: \nallow_del_at: \ncreated_at: 2013-06-14 17:23:22.999775756 Z\nupdated_at: 2013-06-14 17:23:22.999775756 Z\nid: 48\n	2013-06-14 17:23:23.024307
81	Equipment	49	create	\N	\N	2013-06-14 17:23:23.051176
82	Equipment	49	update	\N	---\ninventory_id: 31\nroom_id: 2\nresponsible_id: 16\ndomain_name: stone 19\nmd5sum: \naccepted_at: \ndeleted_at: \nallow_del_at: \ncreated_at: 2013-06-14 17:23:23.048138354 Z\nupdated_at: 2013-06-14 17:23:23.048138354 Z\nid: 49\n	2013-06-14 17:23:23.070866
83	Equipment	50	create	\N	\N	2013-06-14 17:23:23.100143
84	Equipment	50	update	\N	---\ninventory_id: 20\nroom_id: 3\nresponsible_id: 9\ndomain_name: stone 14\nmd5sum: \naccepted_at: \ndeleted_at: \nallow_del_at: \ncreated_at: 2013-06-14 17:23:23.097100233 Z\nupdated_at: 2013-06-14 17:23:23.097100233 Z\nid: 50\n	2013-06-14 17:23:23.122953
85	Equipment	51	create	\N	\N	2013-06-14 17:23:23.186337
86	Equipment	52	create	\N	\N	2013-06-14 17:23:23.240948
87	Equipment	53	create	\N	\N	2013-06-14 17:23:23.291002
88	Equipment	53	update	\N	---\ninventory_id: 7\nroom_id: 8\nresponsible_id: 6\ndomain_name: ice 9\nmd5sum: \naccepted_at: \ndeleted_at: \nallow_del_at: \ncreated_at: 2013-06-14 17:23:23.287918595 Z\nupdated_at: 2013-06-14 17:23:23.287918595 Z\nid: 53\n	2013-06-14 17:23:23.315026
89	Equipment	54	create	\N	\N	2013-06-14 17:23:23.335239
90	Equipment	54	update	\N	---\ninventory_id: 27\nroom_id: 1\nresponsible_id: 8\ndomain_name: mars 4\nmd5sum: \naccepted_at: \ndeleted_at: \nallow_del_at: \ncreated_at: 2013-06-14 17:23:23.332181291 Z\nupdated_at: 2013-06-14 17:23:23.332181291 Z\nid: 54\n	2013-06-14 17:23:23.35101
91	Equipment	55	create	\N	\N	2013-06-14 17:23:23.383296
92	Equipment	55	update	\N	---\ninventory_id: 30\nroom_id: 2\nresponsible_id: 7\ndomain_name: lib 9\nmd5sum: \naccepted_at: \ndeleted_at: \nallow_del_at: \ncreated_at: 2013-06-14 17:23:23.380102082 Z\nupdated_at: 2013-06-14 17:23:23.380102082 Z\nid: 55\n	2013-06-14 17:23:23.407265
93	Equipment	56	create	\N	\N	2013-06-14 17:23:23.43463
94	Equipment	56	update	\N	---\ninventory_id: 16\nroom_id: 4\nresponsible_id: 3\ndomain_name: monster 19\nmd5sum: \naccepted_at: \ndeleted_at: \nallow_del_at: \ncreated_at: 2013-06-14 17:23:23.431589787 Z\nupdated_at: 2013-06-14 17:23:23.431589787 Z\nid: 56\n	2013-06-14 17:23:23.45518
95	Equipment	57	create	\N	\N	2013-06-14 17:23:23.489857
96	Equipment	57	update	\N	---\ninventory_id: 36\nroom_id: 2\nresponsible_id: 13\ndomain_name: fire 2\nmd5sum: \naccepted_at: \ndeleted_at: \nallow_del_at: \ncreated_at: 2013-06-14 17:23:23.486718102 Z\nupdated_at: 2013-06-14 17:23:23.486718102 Z\nid: 57\n	2013-06-14 17:23:23.514355
97	Equipment	58	create	\N	\N	2013-06-14 17:23:23.547703
98	Equipment	59	create	\N	\N	2013-06-14 17:23:23.600699
99	Equipment	60	create	\N	\N	2013-06-14 17:23:23.64223
100	Equipment	61	create	\N	\N	2013-06-14 17:23:23.662138
101	Equipment	61	update	\N	---\ninventory_id: 21\nroom_id: 6\nresponsible_id: 16\ndomain_name: monster 8\nmd5sum: \naccepted_at: \ndeleted_at: \nallow_del_at: \ncreated_at: 2013-06-14 17:23:23.660625404 Z\nupdated_at: 2013-06-14 17:23:23.660625404 Z\nid: 61\n	2013-06-14 17:23:23.674217
102	Equipment	62	create	\N	\N	2013-06-14 17:23:23.693912
103	Equipment	62	update	\N	---\ninventory_id: 2\nroom_id: 5\nresponsible_id: 15\ndomain_name: fire 6\nmd5sum: \naccepted_at: \ndeleted_at: \nallow_del_at: \ncreated_at: 2013-06-14 17:23:23.690927508 Z\nupdated_at: 2013-06-14 17:23:23.690927508 Z\nid: 62\n	2013-06-14 17:23:23.709463
104	Equipment	63	create	\N	\N	2013-06-14 17:23:23.727284
105	Equipment	63	update	\N	---\ninventory_id: 37\nroom_id: 12\nresponsible_id: 7\ndomain_name: stone 21\nmd5sum: \naccepted_at: \ndeleted_at: \nallow_del_at: \ncreated_at: 2013-06-14 17:23:23.724168838 Z\nupdated_at: 2013-06-14 17:23:23.724168838 Z\nid: 63\n	2013-06-14 17:23:23.741483
108	Equipment	65	update	\N	---\ninventory_id: 42\nroom_id: 6\nresponsible_id: 1\ndomain_name: mars 23\nmd5sum: \naccepted_at: \ndeleted_at: \nallow_del_at: \ncreated_at: 2013-06-14 17:23:23.846200476 Z\nupdated_at: 2013-06-14 17:23:23.846200476 Z\nid: 65\n	2013-06-14 17:23:23.86178
109	Equipment	66	create	\N	\N	2013-06-14 17:23:23.877663
110	Equipment	66	update	\N	---\ninventory_id: 21\nroom_id: 7\nresponsible_id: 18\ndomain_name: ice 13\nmd5sum: \naccepted_at: \ndeleted_at: \nallow_del_at: \ncreated_at: 2013-06-14 17:23:23.874375648 Z\nupdated_at: 2013-06-14 17:23:23.874375648 Z\nid: 66\n	2013-06-14 17:23:23.892166
111	Equipment	67	create	\N	\N	2013-06-14 17:23:23.923776
112	Equipment	68	create	\N	\N	2013-06-14 17:23:23.973338
113	Equipment	68	update	\N	---\ninventory_id: 22\nroom_id: 2\nresponsible_id: 20\ndomain_name: ice 3\nmd5sum: \naccepted_at: \ndeleted_at: \nallow_del_at: \ncreated_at: 2013-06-14 17:23:23.970193848 Z\nupdated_at: 2013-06-14 17:23:23.970193848 Z\nid: 68\n	2013-06-14 17:23:23.996682
114	Equipment	69	create	\N	\N	2013-06-14 17:23:24.028633
115	Equipment	69	update	\N	---\ninventory_id: 43\nroom_id: 7\nresponsible_id: 12\ndomain_name: stone 5\nmd5sum: \naccepted_at: \ndeleted_at: \nallow_del_at: \ncreated_at: 2013-06-14 17:23:24.025535070 Z\nupdated_at: 2013-06-14 17:23:24.025535070 Z\nid: 69\n	2013-06-14 17:23:24.052345
116	Equipment	70	create	\N	\N	2013-06-14 17:23:24.068294
117	Equipment	70	update	\N	---\ninventory_id: 14\nroom_id: 4\nresponsible_id: 10\ndomain_name: mars 22\nmd5sum: \naccepted_at: \ndeleted_at: \nallow_del_at: \ncreated_at: 2013-06-14 17:23:24.065209013 Z\nupdated_at: 2013-06-14 17:23:24.065209013 Z\nid: 70\n	2013-06-14 17:23:24.081268
118	Equipment	71	create	\N	\N	2013-06-14 17:23:24.114723
119	Equipment	71	update	\N	---\ninventory_id: 17\nroom_id: 9\nresponsible_id: 20\ndomain_name: mars 18\nmd5sum: \naccepted_at: \ndeleted_at: \nallow_del_at: \ncreated_at: 2013-06-14 17:23:24.111681631 Z\nupdated_at: 2013-06-14 17:23:24.111681631 Z\nid: 71\n	2013-06-14 17:23:24.138471
120	Equipment	72	create	\N	\N	2013-06-14 17:23:24.160489
121	Equipment	72	update	\N	---\ninventory_id: 48\nroom_id: 8\nresponsible_id: 9\ndomain_name: stone 20\nmd5sum: \naccepted_at: \ndeleted_at: \nallow_del_at: \ncreated_at: 2013-06-14 17:23:24.157362035 Z\nupdated_at: 2013-06-14 17:23:24.157362035 Z\nid: 72\n	2013-06-14 17:23:24.17791
122	Equipment	73	create	\N	\N	2013-06-14 17:23:24.195766
123	Equipment	73	update	\N	---\ninventory_id: 25\nroom_id: 3\nresponsible_id: 19\ndomain_name: monster 7\nmd5sum: \naccepted_at: \ndeleted_at: \nallow_del_at: \ncreated_at: 2013-06-14 17:23:24.192642981 Z\nupdated_at: 2013-06-14 17:23:24.192642981 Z\nid: 73\n	2013-06-14 17:23:24.211004
124	Equipment	74	create	\N	\N	2013-06-14 17:23:24.238013
125	Equipment	74	update	\N	---\ninventory_id: 16\nroom_id: 9\nresponsible_id: 10\ndomain_name: mars 23\nmd5sum: \naccepted_at: \ndeleted_at: \nallow_del_at: \ncreated_at: 2013-06-14 17:23:24.234968420 Z\nupdated_at: 2013-06-14 17:23:24.234968420 Z\nid: 74\n	2013-06-14 17:23:24.258629
126	Equipment	75	create	\N	\N	2013-06-14 17:23:24.29449
127	Equipment	75	update	\N	---\ninventory_id: 18\nroom_id: 11\nresponsible_id: 10\ndomain_name: ice 13\nmd5sum: \naccepted_at: \ndeleted_at: \nallow_del_at: \ncreated_at: 2013-06-14 17:23:24.291450452 Z\nupdated_at: 2013-06-14 17:23:24.291450452 Z\nid: 75\n	2013-06-14 17:23:24.321214
128	Equipment	76	create	\N	\N	2013-06-14 17:23:24.339475
129	Equipment	76	update	\N	---\ninventory_id: 21\nroom_id: 1\nresponsible_id: 19\ndomain_name: mars 9\nmd5sum: \naccepted_at: \ndeleted_at: \nallow_del_at: \ncreated_at: 2013-06-14 17:23:24.336476188 Z\nupdated_at: 2013-06-14 17:23:24.336476188 Z\nid: 76\n	2013-06-14 17:23:24.354881
130	Equipment	77	create	\N	\N	2013-06-14 17:23:24.392044
131	Equipment	77	update	\N	---\ninventory_id: 41\nroom_id: 10\nresponsible_id: 17\ndomain_name: lib 4\nmd5sum: \naccepted_at: \ndeleted_at: \nallow_del_at: \ncreated_at: 2013-06-14 17:23:24.388970239 Z\nupdated_at: 2013-06-14 17:23:24.388970239 Z\nid: 77\n	2013-06-14 17:23:24.418001
132	Equipment	78	create	\N	\N	2013-06-14 17:23:24.44472
133	Equipment	78	update	\N	---\ninventory_id: 48\nroom_id: 1\nresponsible_id: 11\ndomain_name: ice 1\nmd5sum: \naccepted_at: \ndeleted_at: \nallow_del_at: \ncreated_at: 2013-06-14 17:23:24.441765600 Z\nupdated_at: 2013-06-14 17:23:24.441765600 Z\nid: 78\n	2013-06-14 17:23:24.46484
134	Equipment	79	create	\N	\N	2013-06-14 17:23:24.482178
135	Equipment	79	update	\N	---\ninventory_id: 18\nroom_id: 2\nresponsible_id: 14\ndomain_name: mars 23\nmd5sum: \naccepted_at: \ndeleted_at: \nallow_del_at: \ncreated_at: 2013-06-14 17:23:24.479113974 Z\nupdated_at: 2013-06-14 17:23:24.479113974 Z\nid: 79\n	2013-06-14 17:23:24.497045
136	Equipment	80	create	\N	\N	2013-06-14 17:23:24.55838
137	Equipment	80	update	\N	---\ninventory_id: 40\nroom_id: 2\nresponsible_id: 18\ndomain_name: ghost 1\nmd5sum: \naccepted_at: \ndeleted_at: \nallow_del_at: \ncreated_at: 2013-06-14 17:23:24.556410369 Z\nupdated_at: 2013-06-14 17:23:24.556410369 Z\nid: 80\n	2013-06-14 17:23:24.569555
138	Equipment	81	create	\N	\N	2013-06-14 17:23:24.587288
139	Equipment	81	update	\N	---\ninventory_id: 17\nroom_id: 10\nresponsible_id: 4\ndomain_name: fire 15\nmd5sum: \naccepted_at: \ndeleted_at: \nallow_del_at: \ncreated_at: 2013-06-14 17:23:24.584160702 Z\nupdated_at: 2013-06-14 17:23:24.584160702 Z\nid: 81\n	2013-06-14 17:23:24.601813
140	Equipment	82	create	\N	\N	2013-06-14 17:23:24.635477
141	Equipment	82	update	\N	---\ninventory_id: 34\nroom_id: 10\nresponsible_id: 17\ndomain_name: gorynich 2\nmd5sum: \naccepted_at: \ndeleted_at: \nallow_del_at: \ncreated_at: 2013-06-14 17:23:24.632291114 Z\nupdated_at: 2013-06-14 17:23:24.632291114 Z\nid: 82\n	2013-06-14 17:23:24.65984
142	Equipment	83	create	\N	\N	2013-06-14 17:23:24.691886
143	Equipment	83	update	\N	---\ninventory_id: 46\nroom_id: 4\nresponsible_id: 14\ndomain_name: gorynich 4\nmd5sum: \naccepted_at: \ndeleted_at: \nallow_del_at: \ncreated_at: 2013-06-14 17:23:24.688876508 Z\nupdated_at: 2013-06-14 17:23:24.688876508 Z\nid: 83\n	2013-06-14 17:23:24.715732
144	Equipment	84	create	\N	\N	2013-06-14 17:23:24.738883
145	Equipment	85	create	\N	\N	2013-06-14 17:23:24.780641
146	Equipment	85	update	\N	---\ninventory_id: 39\nroom_id: 2\nresponsible_id: 13\ndomain_name: lib 17\nmd5sum: \naccepted_at: \ndeleted_at: \nallow_del_at: \ncreated_at: 2013-06-14 17:23:24.777507847 Z\nupdated_at: 2013-06-14 17:23:24.777507847 Z\nid: 85\n	2013-06-14 17:23:24.804342
147	Equipment	86	create	\N	\N	2013-06-14 17:23:24.834532
148	Equipment	86	update	\N	---\ninventory_id: 1\nroom_id: 10\nresponsible_id: 19\ndomain_name: ice 17\nmd5sum: \naccepted_at: \ndeleted_at: \nallow_del_at: \ncreated_at: 2013-06-14 17:23:24.831416339 Z\nupdated_at: 2013-06-14 17:23:24.831416339 Z\nid: 86\n	2013-06-14 17:23:24.855609
149	Equipment	87	create	\N	\N	2013-06-14 17:23:24.890546
150	Equipment	87	update	\N	---\ninventory_id: 39\nroom_id: 11\nresponsible_id: 5\ndomain_name: gorynich 24\nmd5sum: \naccepted_at: \ndeleted_at: \nallow_del_at: \ncreated_at: 2013-06-14 17:23:24.887336957 Z\nupdated_at: 2013-06-14 17:23:24.887336957 Z\nid: 87\n	2013-06-14 17:23:24.915716
151	Equipment	88	create	\N	\N	2013-06-14 17:23:24.938685
152	Equipment	88	update	\N	---\ninventory_id: 47\nroom_id: 4\nresponsible_id: 3\ndomain_name: stone 20\nmd5sum: \naccepted_at: \ndeleted_at: \nallow_del_at: \ncreated_at: 2013-06-14 17:23:24.935709693 Z\nupdated_at: 2013-06-14 17:23:24.935709693 Z\nid: 88\n	2013-06-14 17:23:24.95588
153	Equipment	89	create	\N	\N	2013-06-14 17:23:24.971328
154	Equipment	89	update	\N	---\ninventory_id: 47\nroom_id: 9\nresponsible_id: 13\ndomain_name: fire 21\nmd5sum: \naccepted_at: \ndeleted_at: \nallow_del_at: \ncreated_at: 2013-06-14 17:23:24.968418128 Z\nupdated_at: 2013-06-14 17:23:24.968418128 Z\nid: 89\n	2013-06-14 17:23:24.984255
156	Equipment	90	update	\N	---\ninventory_id: 26\nroom_id: 1\nresponsible_id: 10\ndomain_name: lib 4\nmd5sum: \naccepted_at: \ndeleted_at: \nallow_del_at: \ncreated_at: 2013-06-14 17:23:25.006710918 Z\nupdated_at: 2013-06-14 17:23:25.006710918 Z\nid: 90\n	2013-06-14 17:23:25.028803
157	Equipment	91	create	\N	\N	2013-06-14 17:23:25.0539
158	Equipment	91	update	\N	---\ninventory_id: 38\nroom_id: 2\nresponsible_id: 6\ndomain_name: fire 14\nmd5sum: \naccepted_at: \ndeleted_at: \nallow_del_at: \ncreated_at: 2013-06-14 17:23:25.050795500 Z\nupdated_at: 2013-06-14 17:23:25.050795500 Z\nid: 91\n	2013-06-14 17:23:25.073517
159	Equipment	92	create	\N	\N	2013-06-14 17:23:25.094374
160	Equipment	92	update	\N	---\ninventory_id: 25\nroom_id: 7\nresponsible_id: 17\ndomain_name: monster 14\nmd5sum: \naccepted_at: \ndeleted_at: \nallow_del_at: \ncreated_at: 2013-06-14 17:23:25.091289215 Z\nupdated_at: 2013-06-14 17:23:25.091289215 Z\nid: 92\n	2013-06-14 17:23:25.110505
161	Equipment	93	create	\N	\N	2013-06-14 17:23:25.14184
162	Equipment	93	update	\N	---\ninventory_id: 45\nroom_id: 7\nresponsible_id: 4\ndomain_name: mars 16\nmd5sum: \naccepted_at: \ndeleted_at: \nallow_del_at: \ncreated_at: 2013-06-14 17:23:25.138560940 Z\nupdated_at: 2013-06-14 17:23:25.138560940 Z\nid: 93\n	2013-06-14 17:23:25.165013
163	Equipment	94	create	\N	\N	2013-06-14 17:23:25.180478
164	Equipment	94	update	\N	---\ninventory_id: 11\nroom_id: 11\nresponsible_id: 3\ndomain_name: lib 4\nmd5sum: \naccepted_at: \ndeleted_at: \nallow_del_at: \ncreated_at: 2013-06-14 17:23:25.177538295 Z\nupdated_at: 2013-06-14 17:23:25.177538295 Z\nid: 94\n	2013-06-14 17:23:25.19315
165	Equipment	95	create	\N	\N	2013-06-14 17:23:25.237124
166	Equipment	95	update	\N	---\ninventory_id: 3\nroom_id: 10\nresponsible_id: 6\ndomain_name: fire 2\nmd5sum: \naccepted_at: \ndeleted_at: \nallow_del_at: \ncreated_at: 2013-06-14 17:23:25.235402039 Z\nupdated_at: 2013-06-14 17:23:25.235402039 Z\nid: 95\n	2013-06-14 17:23:25.254181
167	Equipment	96	create	\N	\N	2013-06-14 17:23:25.277889
168	Equipment	96	update	\N	---\ninventory_id: 28\nroom_id: 3\nresponsible_id: 9\ndomain_name: mars 20\nmd5sum: \naccepted_at: \ndeleted_at: \nallow_del_at: \ncreated_at: 2013-06-14 17:23:25.274780105 Z\nupdated_at: 2013-06-14 17:23:25.274780105 Z\nid: 96\n	2013-06-14 17:23:25.297444
169	Equipment	97	create	\N	\N	2013-06-14 17:23:25.320998
170	Equipment	97	update	\N	---\ninventory_id: 15\nroom_id: 8\nresponsible_id: 6\ndomain_name: gorynich 20\nmd5sum: \naccepted_at: \ndeleted_at: \nallow_del_at: \ncreated_at: 2013-06-14 17:23:25.317717160 Z\nupdated_at: 2013-06-14 17:23:25.317717160 Z\nid: 97\n	2013-06-14 17:23:25.338116
171	Equipment	98	create	\N	\N	2013-06-14 17:23:25.353988
172	Equipment	98	update	\N	---\ninventory_id: 40\nroom_id: 3\nresponsible_id: 3\ndomain_name: gorynich 16\nmd5sum: \naccepted_at: \ndeleted_at: \nallow_del_at: \ncreated_at: 2013-06-14 17:23:25.350878984 Z\nupdated_at: 2013-06-14 17:23:25.350878984 Z\nid: 98\n	2013-06-14 17:23:25.367503
173	Equipment	99	create	\N	\N	2013-06-14 17:23:25.405397
174	Equipment	99	update	\N	---\ninventory_id: 50\nroom_id: 8\nresponsible_id: 1\ndomain_name: ice 24\nmd5sum: \naccepted_at: \ndeleted_at: \nallow_del_at: \ncreated_at: 2013-06-14 17:23:25.402164002 Z\nupdated_at: 2013-06-14 17:23:25.402164002 Z\nid: 99\n	2013-06-14 17:23:25.431373
175	Equipment	100	create	\N	\N	2013-06-14 17:23:25.45784
176	Equipment	100	update	\N	---\ninventory_id: 31\nroom_id: 8\nresponsible_id: 18\ndomain_name: monster 19\nmd5sum: \naccepted_at: \ndeleted_at: \nallow_del_at: \ncreated_at: 2013-06-14 17:23:25.454847538 Z\nupdated_at: 2013-06-14 17:23:25.454847538 Z\nid: 100\n	2013-06-14 17:23:25.478305
177	Equipment	101	create	\N	\N	2013-06-14 17:23:25.495729
178	Equipment	101	update	\N	---\ninventory_id: 7\nroom_id: 10\nresponsible_id: 13\ndomain_name: monster 20\nmd5sum: \naccepted_at: \ndeleted_at: \nallow_del_at: \ncreated_at: 2013-06-14 17:23:25.492736768 Z\nupdated_at: 2013-06-14 17:23:25.492736768 Z\nid: 101\n	2013-06-14 17:23:25.510447
179	Equipment	102	create	\N	\N	2013-06-14 17:23:25.526027
180	Equipment	102	update	\N	---\ninventory_id: 49\nroom_id: 10\nresponsible_id: 19\ndomain_name: gorynich 12\nmd5sum: \naccepted_at: \ndeleted_at: \nallow_del_at: \ncreated_at: 2013-06-14 17:23:25.522967863 Z\nupdated_at: 2013-06-14 17:23:25.522967863 Z\nid: 102\n	2013-06-14 17:23:25.539236
181	Equipment	103	create	\N	\N	2013-06-14 17:23:25.575836
182	Equipment	103	update	\N	---\ninventory_id: 30\nroom_id: 6\nresponsible_id: 11\ndomain_name: lib 17\nmd5sum: \naccepted_at: \ndeleted_at: \nallow_del_at: \ncreated_at: 2013-06-14 17:23:25.572716259 Z\nupdated_at: 2013-06-14 17:23:25.572716259 Z\nid: 103\n	2013-06-14 17:23:25.601958
183	Equipment	104	create	\N	\N	2013-06-14 17:23:25.636824
184	Equipment	105	create	\N	\N	2013-06-14 17:23:25.682247
185	Equipment	105	update	\N	---\ninventory_id: 3\nroom_id: 7\nresponsible_id: 15\ndomain_name: stone 21\nmd5sum: \naccepted_at: \ndeleted_at: \nallow_del_at: \ncreated_at: 2013-06-14 17:23:25.679078659 Z\nupdated_at: 2013-06-14 17:23:25.679078659 Z\nid: 105\n	2013-06-14 17:23:25.703184
186	Equipment	106	create	\N	\N	2013-06-14 17:23:25.733352
187	Equipment	106	update	\N	---\ninventory_id: 24\nroom_id: 5\nresponsible_id: 9\ndomain_name: mars 4\nmd5sum: \naccepted_at: \ndeleted_at: \nallow_del_at: \ncreated_at: 2013-06-14 17:23:25.730097516 Z\nupdated_at: 2013-06-14 17:23:25.730097516 Z\nid: 106\n	2013-06-14 17:23:25.754883
188	Equipment	107	create	\N	\N	2013-06-14 17:23:25.775295
189	Equipment	108	create	\N	\N	2013-06-14 17:23:25.80507
190	Equipment	108	update	\N	---\ninventory_id: 24\nroom_id: 5\nresponsible_id: 11\ndomain_name: stone 20\nmd5sum: \naccepted_at: \ndeleted_at: \nallow_del_at: \ncreated_at: 2013-06-14 17:23:25.802140084 Z\nupdated_at: 2013-06-14 17:23:25.802140084 Z\nid: 108\n	2013-06-14 17:23:25.821064
191	Equipment	109	create	\N	\N	2013-06-14 17:23:25.846243
192	Equipment	110	create	\N	\N	2013-06-14 17:23:25.91022
193	Equipment	110	update	\N	---\ninventory_id: 15\nroom_id: 8\nresponsible_id: 5\ndomain_name: fire 3\nmd5sum: \naccepted_at: \ndeleted_at: \nallow_del_at: \ncreated_at: 2013-06-14 17:23:25.908497270 Z\nupdated_at: 2013-06-14 17:23:25.908497270 Z\nid: 110\n	2013-06-14 17:23:25.929905
194	Equipment	111	create	\N	\N	2013-06-14 17:23:25.963348
195	Equipment	111	update	\N	---\ninventory_id: 38\nroom_id: 9\nresponsible_id: 15\ndomain_name: stone 1\nmd5sum: \naccepted_at: \ndeleted_at: \nallow_del_at: \ncreated_at: 2013-06-14 17:23:25.960120284 Z\nupdated_at: 2013-06-14 17:23:25.960120284 Z\nid: 111\n	2013-06-14 17:23:25.987199
196	Equipment	112	create	\N	\N	2013-06-14 17:23:26.011425
197	Equipment	112	update	\N	---\ninventory_id: 29\nroom_id: 9\nresponsible_id: 2\ndomain_name: lib 10\nmd5sum: \naccepted_at: \ndeleted_at: \nallow_del_at: \ncreated_at: 2013-06-14 17:23:26.008475847 Z\nupdated_at: 2013-06-14 17:23:26.008475847 Z\nid: 112\n	2013-06-14 17:23:26.029962
198	Equipment	113	create	\N	\N	2013-06-14 17:23:26.05039
199	Equipment	113	update	\N	---\ninventory_id: 46\nroom_id: 6\nresponsible_id: 16\ndomain_name: stone 9\nmd5sum: \naccepted_at: \ndeleted_at: \nallow_del_at: \ncreated_at: 2013-06-14 17:23:26.047398005 Z\nupdated_at: 2013-06-14 17:23:26.047398005 Z\nid: 113\n	2013-06-14 17:23:26.066798
200	Equipment	114	create	\N	\N	2013-06-14 17:23:26.104358
201	Equipment	114	update	\N	---\ninventory_id: 40\nroom_id: 1\nresponsible_id: 13\ndomain_name: mars 15\nmd5sum: \naccepted_at: \ndeleted_at: \nallow_del_at: \ncreated_at: 2013-06-14 17:23:26.101282085 Z\nupdated_at: 2013-06-14 17:23:26.101282085 Z\nid: 114\n	2013-06-14 17:23:26.130787
202	Equipment	115	create	\N	\N	2013-06-14 17:23:26.150464
203	Equipment	116	create	\N	\N	2013-06-14 17:23:26.168257
204	Equipment	117	create	\N	\N	2013-06-14 17:23:26.203542
255	Equipment	146	create	\N	\N	2013-06-14 17:23:27.567499
205	Equipment	117	update	\N	---\ninventory_id: 28\nroom_id: 9\nresponsible_id: 10\ndomain_name: gorynich 13\nmd5sum: \naccepted_at: \ndeleted_at: \nallow_del_at: \ncreated_at: 2013-06-14 17:23:26.200344722 Z\nupdated_at: 2013-06-14 17:23:26.200344722 Z\nid: 117\n	2013-06-14 17:23:26.228253
206	Equipment	118	create	\N	\N	2013-06-14 17:23:26.264662
207	Equipment	118	update	\N	---\ninventory_id: 37\nroom_id: 7\nresponsible_id: 20\ndomain_name: gorynich 5\nmd5sum: \naccepted_at: \ndeleted_at: \nallow_del_at: \ncreated_at: 2013-06-14 17:23:26.261597879 Z\nupdated_at: 2013-06-14 17:23:26.261597879 Z\nid: 118\n	2013-06-14 17:23:26.292256
208	Equipment	119	create	\N	\N	2013-06-14 17:23:26.314455
209	Equipment	119	update	\N	---\ninventory_id: 1\nroom_id: 12\nresponsible_id: 11\ndomain_name: mars 14\nmd5sum: \naccepted_at: \ndeleted_at: \nallow_del_at: \ncreated_at: 2013-06-14 17:23:26.311463364 Z\nupdated_at: 2013-06-14 17:23:26.311463364 Z\nid: 119\n	2013-06-14 17:23:26.333102
210	Equipment	120	create	\N	\N	2013-06-14 17:23:26.369817
211	Equipment	120	update	\N	---\ninventory_id: 45\nroom_id: 7\nresponsible_id: 4\ndomain_name: mars 19\nmd5sum: \naccepted_at: \ndeleted_at: \nallow_del_at: \ncreated_at: 2013-06-14 17:23:26.366642553 Z\nupdated_at: 2013-06-14 17:23:26.366642553 Z\nid: 120\n	2013-06-14 17:23:26.395702
212	Equipment	121	create	\N	\N	2013-06-14 17:23:26.418762
213	Equipment	121	update	\N	---\ninventory_id: 50\nroom_id: 4\nresponsible_id: 17\ndomain_name: ice 2\nmd5sum: \naccepted_at: \ndeleted_at: \nallow_del_at: \ncreated_at: 2013-06-14 17:23:26.417191324 Z\nupdated_at: 2013-06-14 17:23:26.417191324 Z\nid: 121\n	2013-06-14 17:23:26.429006
214	Equipment	122	create	\N	\N	2013-06-14 17:23:26.450571
215	Equipment	122	update	\N	---\ninventory_id: 4\nroom_id: 10\nresponsible_id: 16\ndomain_name: fire 22\nmd5sum: \naccepted_at: \ndeleted_at: \nallow_del_at: \ncreated_at: 2013-06-14 17:23:26.447492890 Z\nupdated_at: 2013-06-14 17:23:26.447492890 Z\nid: 122\n	2013-06-14 17:23:26.471593
216	Equipment	123	create	\N	\N	2013-06-14 17:23:26.519052
217	Equipment	123	update	\N	---\ninventory_id: 19\nroom_id: 10\nresponsible_id: 14\ndomain_name: monster 4\nmd5sum: \naccepted_at: \ndeleted_at: \nallow_del_at: \ncreated_at: 2013-06-14 17:23:26.515525363 Z\nupdated_at: 2013-06-14 17:23:26.515525363 Z\nid: 123\n	2013-06-14 17:23:26.540843
218	Equipment	124	create	\N	\N	2013-06-14 17:23:26.585534
219	Equipment	124	update	\N	---\ninventory_id: 22\nroom_id: 5\nresponsible_id: 13\ndomain_name: ghost 17\nmd5sum: \naccepted_at: \ndeleted_at: \nallow_del_at: \ncreated_at: 2013-06-14 17:23:26.583015091 Z\nupdated_at: 2013-06-14 17:23:26.583015091 Z\nid: 124\n	2013-06-14 17:23:26.596113
220	Equipment	125	create	\N	\N	2013-06-14 17:23:26.618662
221	Equipment	126	create	\N	\N	2013-06-14 17:23:26.644935
222	Equipment	127	create	\N	\N	2013-06-14 17:23:26.68102
223	Equipment	127	update	\N	---\ninventory_id: 18\nroom_id: 9\nresponsible_id: 19\ndomain_name: ice 12\nmd5sum: \naccepted_at: \ndeleted_at: \nallow_del_at: \ncreated_at: 2013-06-14 17:23:26.678029922 Z\nupdated_at: 2013-06-14 17:23:26.678029922 Z\nid: 127\n	2013-06-14 17:23:26.703401
224	Equipment	128	create	\N	\N	2013-06-14 17:23:26.732948
225	Equipment	128	update	\N	---\ninventory_id: 7\nroom_id: 2\nresponsible_id: 16\ndomain_name: stone 3\nmd5sum: \naccepted_at: \ndeleted_at: \nallow_del_at: \ncreated_at: 2013-06-14 17:23:26.729958631 Z\nupdated_at: 2013-06-14 17:23:26.729958631 Z\nid: 128\n	2013-06-14 17:23:26.755462
226	Equipment	129	create	\N	\N	2013-06-14 17:23:26.774259
227	Equipment	129	update	\N	---\ninventory_id: 39\nroom_id: 12\nresponsible_id: 4\ndomain_name: ghost 7\nmd5sum: \naccepted_at: \ndeleted_at: \nallow_del_at: \ncreated_at: 2013-06-14 17:23:26.771139080 Z\nupdated_at: 2013-06-14 17:23:26.771139080 Z\nid: 129\n	2013-06-14 17:23:26.788621
228	Equipment	130	create	\N	\N	2013-06-14 17:23:26.825085
229	Equipment	130	update	\N	---\ninventory_id: 44\nroom_id: 1\nresponsible_id: 7\ndomain_name: ghost 24\nmd5sum: \naccepted_at: \ndeleted_at: \nallow_del_at: \ncreated_at: 2013-06-14 17:23:26.822037176 Z\nupdated_at: 2013-06-14 17:23:26.822037176 Z\nid: 130\n	2013-06-14 17:23:26.851581
230	Equipment	131	create	\N	\N	2013-06-14 17:23:26.869575
231	Equipment	131	update	\N	---\ninventory_id: 9\nroom_id: 8\nresponsible_id: 12\ndomain_name: lib 20\nmd5sum: \naccepted_at: \ndeleted_at: \nallow_del_at: \ncreated_at: 2013-06-14 17:23:26.866616370 Z\nupdated_at: 2013-06-14 17:23:26.866616370 Z\nid: 131\n	2013-06-14 17:23:26.883788
232	Equipment	132	create	\N	\N	2013-06-14 17:23:26.907184
233	Equipment	133	create	\N	\N	2013-06-14 17:23:26.949952
234	Equipment	133	update	\N	---\ninventory_id: 39\nroom_id: 3\nresponsible_id: 5\ndomain_name: monster 14\nmd5sum: \naccepted_at: \ndeleted_at: \nallow_del_at: \ncreated_at: 2013-06-14 17:23:26.946764682 Z\nupdated_at: 2013-06-14 17:23:26.946764682 Z\nid: 133\n	2013-06-14 17:23:26.973819
235	Equipment	134	create	\N	\N	2013-06-14 17:23:26.991397
236	Equipment	134	update	\N	---\ninventory_id: 17\nroom_id: 9\nresponsible_id: 6\ndomain_name: ghost 5\nmd5sum: \naccepted_at: \ndeleted_at: \nallow_del_at: \ncreated_at: 2013-06-14 17:23:26.988456953 Z\nupdated_at: 2013-06-14 17:23:26.988456953 Z\nid: 134\n	2013-06-14 17:23:27.005894
237	Equipment	135	create	\N	\N	2013-06-14 17:23:27.036169
238	Equipment	136	create	\N	\N	2013-06-14 17:23:27.083921
239	Equipment	137	create	\N	\N	2013-06-14 17:23:27.128182
240	Equipment	138	create	\N	\N	2013-06-14 17:23:27.163375
241	Equipment	138	update	\N	---\ninventory_id: 9\nroom_id: 6\nresponsible_id: 4\ndomain_name: ice 15\nmd5sum: \naccepted_at: \ndeleted_at: \nallow_del_at: \ncreated_at: 2013-06-14 17:23:27.160280090 Z\nupdated_at: 2013-06-14 17:23:27.160280090 Z\nid: 138\n	2013-06-14 17:23:27.179376
242	Equipment	139	create	\N	\N	2013-06-14 17:23:27.210837
243	Equipment	140	create	\N	\N	2013-06-14 17:23:27.311702
244	Equipment	140	update	\N	---\ninventory_id: 7\nroom_id: 11\nresponsible_id: 14\ndomain_name: ice 14\nmd5sum: \naccepted_at: \ndeleted_at: \nallow_del_at: \ncreated_at: 2013-06-14 17:23:27.308589340 Z\nupdated_at: 2013-06-14 17:23:27.308589340 Z\nid: 140\n	2013-06-14 17:23:27.332548
245	Equipment	141	create	\N	\N	2013-06-14 17:23:27.353822
246	Equipment	141	update	\N	---\ninventory_id: 2\nroom_id: 10\nresponsible_id: 17\ndomain_name: gorynich 3\nmd5sum: \naccepted_at: \ndeleted_at: \nallow_del_at: \ncreated_at: 2013-06-14 17:23:27.350688163 Z\nupdated_at: 2013-06-14 17:23:27.350688163 Z\nid: 141\n	2013-06-14 17:23:27.369964
247	Equipment	142	create	\N	\N	2013-06-14 17:23:27.393094
248	Equipment	142	update	\N	---\ninventory_id: 8\nroom_id: 4\nresponsible_id: 5\ndomain_name: stone 2\nmd5sum: \naccepted_at: \ndeleted_at: \nallow_del_at: \ncreated_at: 2013-06-14 17:23:27.389945046 Z\nupdated_at: 2013-06-14 17:23:27.389945046 Z\nid: 142\n	2013-06-14 17:23:27.41135
249	Equipment	143	create	\N	\N	2013-06-14 17:23:27.433578
250	Equipment	143	update	\N	---\ninventory_id: 50\nroom_id: 5\nresponsible_id: 14\ndomain_name: monster 1\nmd5sum: \naccepted_at: \ndeleted_at: \nallow_del_at: \ncreated_at: 2013-06-14 17:23:27.430522440 Z\nupdated_at: 2013-06-14 17:23:27.430522440 Z\nid: 143\n	2013-06-14 17:23:27.45136
251	Equipment	144	create	\N	\N	2013-06-14 17:23:27.470017
252	Equipment	144	update	\N	---\ninventory_id: 45\nroom_id: 11\nresponsible_id: 9\ndomain_name: mars 5\nmd5sum: \naccepted_at: \ndeleted_at: \nallow_del_at: \ncreated_at: 2013-06-14 17:23:27.467015647 Z\nupdated_at: 2013-06-14 17:23:27.467015647 Z\nid: 144\n	2013-06-14 17:23:27.484896
253	Equipment	145	create	\N	\N	2013-06-14 17:23:27.517287
254	Equipment	145	update	\N	---\ninventory_id: 7\nroom_id: 11\nresponsible_id: 6\ndomain_name: mars 16\nmd5sum: \naccepted_at: \ndeleted_at: \nallow_del_at: \ncreated_at: 2013-06-14 17:23:27.514096258 Z\nupdated_at: 2013-06-14 17:23:27.514096258 Z\nid: 145\n	2013-06-14 17:23:27.540066
256	Equipment	146	update	\N	---\ninventory_id: 24\nroom_id: 3\nresponsible_id: 13\ndomain_name: lib 19\nmd5sum: \naccepted_at: \ndeleted_at: \nallow_del_at: \ncreated_at: 2013-06-14 17:23:27.564390475 Z\nupdated_at: 2013-06-14 17:23:27.564390475 Z\nid: 146\n	2013-06-14 17:23:27.587942
257	Equipment	147	create	\N	\N	2013-06-14 17:23:27.612613
258	Equipment	147	update	\N	---\ninventory_id: 22\nroom_id: 2\nresponsible_id: 9\ndomain_name: ghost 6\nmd5sum: \naccepted_at: \ndeleted_at: \nallow_del_at: \ncreated_at: 2013-06-14 17:23:27.609413309 Z\nupdated_at: 2013-06-14 17:23:27.609413309 Z\nid: 147\n	2013-06-14 17:23:27.631746
259	Equipment	148	create	\N	\N	2013-06-14 17:23:27.649243
260	Equipment	149	create	\N	\N	2013-06-14 17:23:27.69281
261	Equipment	149	update	\N	---\ninventory_id: 27\nroom_id: 9\nresponsible_id: 4\ndomain_name: lib 23\nmd5sum: \naccepted_at: \ndeleted_at: \nallow_del_at: \ncreated_at: 2013-06-14 17:23:27.689817137 Z\nupdated_at: 2013-06-14 17:23:27.689817137 Z\nid: 149\n	2013-06-14 17:23:27.719153
262	Equipment	150	create	\N	\N	2013-06-14 17:23:27.749721
\.


--
-- Name: versions_id_seq; Type: SEQUENCE SET; Schema: public; Owner: ode
--

SELECT pg_catalog.setval('versions_id_seq', 262, true);


--
-- PostgreSQL database dump complete
--

