--
-- PostgreSQL database dump
--

SET statement_timeout = 0;
SET client_encoding = 'UTF8';
SET standard_conforming_strings = on;
SET check_function_bodies = false;
SET client_min_messages = warning;

SET search_path = public, pg_catalog;

--
-- Data for Name: act_types; Type: TABLE DATA; Schema: public; Owner: ode
--

COPY act_types (id, name) FROM stdin;
1	Инвентаризационная опись основных средств
2	Инвентаризационная опись нематериальных активов
3	Инвентаризационная опись товарно-материальных ценностей
4	Акт инвентаризации незаконченных ремонтов основных средств
5	Акт инвентаризации расходов будущих периодов
6	Акт инвентаризации наличных денежных средств
7	Инвентаризационная опись ценных бумаг и бланков документов строгой отчетности
8	Акт инвентаризации расчетов с покупателями, поставщиками и прочими дебиторами и кредиторами
9	Сличительная ведомость результатов инвентаризации основных средств
10	Сличительная ведомость результатов инвентаризации товарно-материальных ценностей
11	Приказ о проведении инвентаризации
12	Журнал учета контроля за выполнением приказов о проведении инвентаризации
13	Акт о контрольной проверке правильности проведения инвентаризации ценностей
14	Журнал учета контрольных проверок правильности проведения инвентаризаций
\.


--
-- Name: act_types_id_seq; Type: SEQUENCE SET; Schema: public; Owner: ode
--

SELECT pg_catalog.setval('act_types_id_seq', 15, true);


--
-- Data for Name: comments; Type: TABLE DATA; Schema: public; Owner: ode
--

COPY comments (id, body, user_id, equipment_id, created_at, updated_at) FROM stdin;
1	test comment #1	1	1	2013-06-15 14:50:17.96128	2013-06-15 14:50:17.96128
2	test comment #2	6	1	2013-06-15 14:50:17.967953	2013-06-15 14:50:17.967953
3	test comment #3	1	1	2013-06-15 14:50:17.973067	2013-06-15 14:50:17.973067
4	test comment #4	14	2	2013-06-15 14:50:17.977472	2013-06-15 14:50:17.977472
5	test comment #5	1	2	2013-06-15 14:50:17.981876	2013-06-15 14:50:17.981876
6	test comment #6	6	2	2013-06-15 14:50:17.986177	2013-06-15 14:50:17.986177
7	test comment #7	1	3	2013-06-15 14:50:17.99054	2013-06-15 14:50:17.99054
8	test comment #8	11	3	2013-06-15 14:50:17.99505	2013-06-15 14:50:17.99505
9	test comment #9	1	3	2013-06-15 14:50:17.999398	2013-06-15 14:50:17.999398
10	test comment #10	12	4	2013-06-15 14:50:18.003779	2013-06-15 14:50:18.003779
11	test comment #11	1	4	2013-06-15 14:50:18.008051	2013-06-15 14:50:18.008051
12	test comment #12	11	4	2013-06-15 14:50:18.012222	2013-06-15 14:50:18.012222
13	test comment #13	17	5	2013-06-15 14:50:18.016195	2013-06-15 14:50:18.016195
14	test comment #14	1	5	2013-06-15 14:50:18.020433	2013-06-15 14:50:18.020433
15	test comment #15	1	5	2013-06-15 14:50:18.024934	2013-06-15 14:50:18.024934
16	test comment #16	2	6	2013-06-15 14:50:18.029516	2013-06-15 14:50:18.029516
17	test comment #17	13	6	2013-06-15 14:50:18.033844	2013-06-15 14:50:18.033844
18	test comment #18	12	6	2013-06-15 14:50:18.037923	2013-06-15 14:50:18.037923
19	test comment #19	12	7	2013-06-15 14:50:18.041787	2013-06-15 14:50:18.041787
20	test comment #20	1	7	2013-06-15 14:50:18.046077	2013-06-15 14:50:18.046077
21	test comment #21	12	7	2013-06-15 14:50:18.0502	2013-06-15 14:50:18.0502
22	test comment #22	13	8	2013-06-15 14:50:18.054532	2013-06-15 14:50:18.054532
23	test comment #23	1	8	2013-06-15 14:50:18.058951	2013-06-15 14:50:18.058951
24	test comment #24	17	8	2013-06-15 14:50:18.063365	2013-06-15 14:50:18.063365
25	test comment #25	12	9	2013-06-15 14:50:18.068333	2013-06-15 14:50:18.068333
26	test comment #26	6	9	2013-06-15 14:50:18.07237	2013-06-15 14:50:18.07237
27	test comment #27	1	9	2013-06-15 14:50:18.076338	2013-06-15 14:50:18.076338
28	test comment #28	14	10	2013-06-15 14:50:18.080533	2013-06-15 14:50:18.080533
29	test comment #29	14	10	2013-06-15 14:50:18.085025	2013-06-15 14:50:18.085025
30	test comment #30	17	10	2013-06-15 14:50:18.089557	2013-06-15 14:50:18.089557
31	test comment #31	13	11	2013-06-15 14:50:18.093977	2013-06-15 14:50:18.093977
32	test comment #32	1	11	2013-06-15 14:50:18.098229	2013-06-15 14:50:18.098229
33	test comment #33	6	11	2013-06-15 14:50:18.102139	2013-06-15 14:50:18.102139
34	test comment #34	6	12	2013-06-15 14:50:18.106337	2013-06-15 14:50:18.106337
35	test comment #35	13	12	2013-06-15 14:50:18.110187	2013-06-15 14:50:18.110187
36	test comment #36	14	12	2013-06-15 14:50:18.114013	2013-06-15 14:50:18.114013
37	test comment #37	1	13	2013-06-15 14:50:18.118033	2013-06-15 14:50:18.118033
38	test comment #38	1	13	2013-06-15 14:50:18.122346	2013-06-15 14:50:18.122346
39	test comment #39	14	13	2013-06-15 14:50:18.126631	2013-06-15 14:50:18.126631
40	test comment #40	13	14	2013-06-15 14:50:18.130999	2013-06-15 14:50:18.130999
41	test comment #41	12	14	2013-06-15 14:50:18.13539	2013-06-15 14:50:18.13539
42	test comment #42	13	14	2013-06-15 14:50:18.139582	2013-06-15 14:50:18.139582
43	test comment #43	6	15	2013-06-15 14:50:18.143754	2013-06-15 14:50:18.143754
44	test comment #44	6	15	2013-06-15 14:50:18.14765	2013-06-15 14:50:18.14765
45	test comment #45	2	15	2013-06-15 14:50:18.151908	2013-06-15 14:50:18.151908
46	test comment #46	14	16	2013-06-15 14:50:18.156196	2013-06-15 14:50:18.156196
47	test comment #47	2	16	2013-06-15 14:50:18.160597	2013-06-15 14:50:18.160597
48	test comment #48	14	16	2013-06-15 14:50:18.164659	2013-06-15 14:50:18.164659
49	test comment #49	2	17	2013-06-15 14:50:18.169156	2013-06-15 14:50:18.169156
50	test comment #50	2	17	2013-06-15 14:50:18.173378	2013-06-15 14:50:18.173378
51	test comment #51	1	17	2013-06-15 14:50:18.177722	2013-06-15 14:50:18.177722
52	test comment #52	12	18	2013-06-15 14:50:18.181978	2013-06-15 14:50:18.181978
53	test comment #53	14	18	2013-06-15 14:50:18.18734	2013-06-15 14:50:18.18734
54	test comment #54	13	18	2013-06-15 14:50:18.191777	2013-06-15 14:50:18.191777
55	test comment #55	1	19	2013-06-15 14:50:18.196021	2013-06-15 14:50:18.196021
56	test comment #56	12	19	2013-06-15 14:50:18.200334	2013-06-15 14:50:18.200334
57	test comment #57	12	19	2013-06-15 14:50:18.204217	2013-06-15 14:50:18.204217
58	test comment #58	14	20	2013-06-15 14:50:18.208158	2013-06-15 14:50:18.208158
59	test comment #59	17	20	2013-06-15 14:50:18.212614	2013-06-15 14:50:18.212614
60	test comment #60	1	20	2013-06-15 14:50:18.217096	2013-06-15 14:50:18.217096
61	test comment #61	11	21	2013-06-15 14:50:18.221511	2013-06-15 14:50:18.221511
62	test comment #62	13	21	2013-06-15 14:50:18.225901	2013-06-15 14:50:18.225901
63	test comment #63	11	21	2013-06-15 14:50:18.229862	2013-06-15 14:50:18.229862
64	test comment #64	2	22	2013-06-15 14:50:18.23367	2013-06-15 14:50:18.23367
65	test comment #65	12	22	2013-06-15 14:50:18.237372	2013-06-15 14:50:18.237372
66	test comment #66	13	22	2013-06-15 14:50:18.241224	2013-06-15 14:50:18.241224
67	test comment #67	2	23	2013-06-15 14:50:18.245576	2013-06-15 14:50:18.245576
68	test comment #68	2	23	2013-06-15 14:50:18.249586	2013-06-15 14:50:18.249586
69	test comment #69	2	23	2013-06-15 14:50:18.253899	2013-06-15 14:50:18.253899
70	test comment #70	13	24	2013-06-15 14:50:18.258105	2013-06-15 14:50:18.258105
71	test comment #71	13	24	2013-06-15 14:50:18.262333	2013-06-15 14:50:18.262333
72	test comment #72	1	24	2013-06-15 14:50:18.266403	2013-06-15 14:50:18.266403
73	test comment #73	14	25	2013-06-15 14:50:18.270463	2013-06-15 14:50:18.270463
74	test comment #74	14	25	2013-06-15 14:50:18.274609	2013-06-15 14:50:18.274609
75	test comment #75	11	25	2013-06-15 14:50:18.278545	2013-06-15 14:50:18.278545
76	test comment #76	17	26	2013-06-15 14:50:18.283106	2013-06-15 14:50:18.283106
77	test comment #77	14	26	2013-06-15 14:50:18.287254	2013-06-15 14:50:18.287254
78	test comment #78	17	26	2013-06-15 14:50:18.291771	2013-06-15 14:50:18.291771
79	test comment #79	11	27	2013-06-15 14:50:18.296259	2013-06-15 14:50:18.296259
80	test comment #80	13	27	2013-06-15 14:50:18.300619	2013-06-15 14:50:18.300619
81	test comment #81	6	27	2013-06-15 14:50:18.305158	2013-06-15 14:50:18.305158
82	test comment #82	17	28	2013-06-15 14:50:18.309465	2013-06-15 14:50:18.309465
83	test comment #83	6	28	2013-06-15 14:50:18.313797	2013-06-15 14:50:18.313797
84	test comment #84	13	28	2013-06-15 14:50:18.318554	2013-06-15 14:50:18.318554
85	test comment #85	1	29	2013-06-15 14:50:18.322821	2013-06-15 14:50:18.322821
86	test comment #86	17	29	2013-06-15 14:50:18.327175	2013-06-15 14:50:18.327175
87	test comment #87	6	29	2013-06-15 14:50:18.331108	2013-06-15 14:50:18.331108
88	test comment #88	11	30	2013-06-15 14:50:18.33523	2013-06-15 14:50:18.33523
89	test comment #89	11	30	2013-06-15 14:50:18.339492	2013-06-15 14:50:18.339492
90	test comment #90	2	30	2013-06-15 14:50:18.343943	2013-06-15 14:50:18.343943
91	test comment #91	17	31	2013-06-15 14:50:18.347814	2013-06-15 14:50:18.347814
92	test comment #92	1	31	2013-06-15 14:50:18.351589	2013-06-15 14:50:18.351589
93	test comment #93	11	31	2013-06-15 14:50:18.355343	2013-06-15 14:50:18.355343
94	test comment #94	17	32	2013-06-15 14:50:18.359412	2013-06-15 14:50:18.359412
95	test comment #95	13	32	2013-06-15 14:50:18.363923	2013-06-15 14:50:18.363923
96	test comment #96	1	32	2013-06-15 14:50:18.368553	2013-06-15 14:50:18.368553
97	test comment #97	1	33	2013-06-15 14:50:18.372933	2013-06-15 14:50:18.372933
98	test comment #98	2	33	2013-06-15 14:50:18.377471	2013-06-15 14:50:18.377471
99	test comment #99	14	33	2013-06-15 14:50:18.381597	2013-06-15 14:50:18.381597
100	test comment #100	1	34	2013-06-15 14:50:18.385941	2013-06-15 14:50:18.385941
101	test comment #101	14	34	2013-06-15 14:50:18.390403	2013-06-15 14:50:18.390403
102	test comment #102	11	34	2013-06-15 14:50:18.394961	2013-06-15 14:50:18.394961
103	test comment #103	6	35	2013-06-15 14:50:18.399344	2013-06-15 14:50:18.399344
104	test comment #104	11	35	2013-06-15 14:50:18.403732	2013-06-15 14:50:18.403732
105	test comment #105	1	35	2013-06-15 14:50:18.407868	2013-06-15 14:50:18.407868
106	test comment #106	1	36	2013-06-15 14:50:18.411731	2013-06-15 14:50:18.411731
107	test comment #107	6	36	2013-06-15 14:50:18.416397	2013-06-15 14:50:18.416397
108	test comment #108	13	36	2013-06-15 14:50:18.421039	2013-06-15 14:50:18.421039
109	test comment #109	13	37	2013-06-15 14:50:18.425279	2013-06-15 14:50:18.425279
110	test comment #110	2	37	2013-06-15 14:50:18.429695	2013-06-15 14:50:18.429695
111	test comment #111	13	37	2013-06-15 14:50:18.434147	2013-06-15 14:50:18.434147
112	test comment #112	13	38	2013-06-15 14:50:18.438006	2013-06-15 14:50:18.438006
113	test comment #113	2	38	2013-06-15 14:50:18.441895	2013-06-15 14:50:18.441895
114	test comment #114	2	38	2013-06-15 14:50:18.445822	2013-06-15 14:50:18.445822
115	test comment #115	2	39	2013-06-15 14:50:18.44983	2013-06-15 14:50:18.44983
116	test comment #116	17	39	2013-06-15 14:50:18.454094	2013-06-15 14:50:18.454094
117	test comment #117	1	39	2013-06-15 14:50:18.458702	2013-06-15 14:50:18.458702
118	test comment #118	13	40	2013-06-15 14:50:18.463076	2013-06-15 14:50:18.463076
119	test comment #119	1	40	2013-06-15 14:50:18.46694	2013-06-15 14:50:18.46694
120	test comment #120	17	40	2013-06-15 14:50:18.470726	2013-06-15 14:50:18.470726
121	test comment #121	2	41	2013-06-15 14:50:18.47527	2013-06-15 14:50:18.47527
122	test comment #122	1	41	2013-06-15 14:50:18.479582	2013-06-15 14:50:18.479582
123	test comment #123	17	41	2013-06-15 14:50:18.483484	2013-06-15 14:50:18.483484
124	test comment #124	11	42	2013-06-15 14:50:18.48753	2013-06-15 14:50:18.48753
125	test comment #125	17	42	2013-06-15 14:50:18.492	2013-06-15 14:50:18.492
126	test comment #126	14	42	2013-06-15 14:50:18.496425	2013-06-15 14:50:18.496425
127	test comment #127	12	43	2013-06-15 14:50:18.500594	2013-06-15 14:50:18.500594
128	test comment #128	12	43	2013-06-15 14:50:18.505067	2013-06-15 14:50:18.505067
129	test comment #129	6	43	2013-06-15 14:50:18.509438	2013-06-15 14:50:18.509438
130	test comment #130	11	44	2013-06-15 14:50:18.513762	2013-06-15 14:50:18.513762
131	test comment #131	2	44	2013-06-15 14:50:18.518197	2013-06-15 14:50:18.518197
132	test comment #132	14	44	2013-06-15 14:50:18.522513	2013-06-15 14:50:18.522513
133	test comment #133	13	45	2013-06-15 14:50:18.526858	2013-06-15 14:50:18.526858
134	test comment #134	14	45	2013-06-15 14:50:18.530893	2013-06-15 14:50:18.530893
135	test comment #135	12	45	2013-06-15 14:50:18.534993	2013-06-15 14:50:18.534993
136	test comment #136	12	46	2013-06-15 14:50:18.539184	2013-06-15 14:50:18.539184
137	test comment #137	17	46	2013-06-15 14:50:18.543217	2013-06-15 14:50:18.543217
138	test comment #138	6	46	2013-06-15 14:50:18.547395	2013-06-15 14:50:18.547395
139	test comment #139	13	47	2013-06-15 14:50:18.55156	2013-06-15 14:50:18.55156
140	test comment #140	14	47	2013-06-15 14:50:18.555384	2013-06-15 14:50:18.555384
141	test comment #141	14	47	2013-06-15 14:50:18.559379	2013-06-15 14:50:18.559379
142	test comment #142	13	48	2013-06-15 14:50:18.56314	2013-06-15 14:50:18.56314
143	test comment #143	1	48	2013-06-15 14:50:18.566916	2013-06-15 14:50:18.566916
144	test comment #144	11	48	2013-06-15 14:50:18.593221	2013-06-15 14:50:18.593221
145	test comment #145	2	49	2013-06-15 14:50:18.596082	2013-06-15 14:50:18.596082
146	test comment #146	11	49	2013-06-15 14:50:18.600782	2013-06-15 14:50:18.600782
147	test comment #147	1	49	2013-06-15 14:50:18.605695	2013-06-15 14:50:18.605695
148	test comment #148	1	50	2013-06-15 14:50:18.610346	2013-06-15 14:50:18.610346
149	test comment #149	13	50	2013-06-15 14:50:18.615532	2013-06-15 14:50:18.615532
150	test comment #150	14	50	2013-06-15 14:50:18.6205	2013-06-15 14:50:18.6205
151	test comment #151	11	51	2013-06-15 14:50:18.625839	2013-06-15 14:50:18.625839
152	test comment #152	1	51	2013-06-15 14:50:18.631251	2013-06-15 14:50:18.631251
153	test comment #153	11	51	2013-06-15 14:50:18.636774	2013-06-15 14:50:18.636774
154	test comment #154	11	52	2013-06-15 14:50:18.642179	2013-06-15 14:50:18.642179
155	test comment #155	2	52	2013-06-15 14:50:18.647521	2013-06-15 14:50:18.647521
156	test comment #156	14	52	2013-06-15 14:50:18.652772	2013-06-15 14:50:18.652772
157	test comment #157	6	53	2013-06-15 14:50:18.658383	2013-06-15 14:50:18.658383
158	test comment #158	11	53	2013-06-15 14:50:18.663935	2013-06-15 14:50:18.663935
159	test comment #159	6	53	2013-06-15 14:50:18.668894	2013-06-15 14:50:18.668894
160	test comment #160	11	54	2013-06-15 14:50:18.674316	2013-06-15 14:50:18.674316
161	test comment #161	13	54	2013-06-15 14:50:18.679405	2013-06-15 14:50:18.679405
162	test comment #162	1	54	2013-06-15 14:50:18.684132	2013-06-15 14:50:18.684132
163	test comment #163	1	55	2013-06-15 14:50:18.689685	2013-06-15 14:50:18.689685
164	test comment #164	2	55	2013-06-15 14:50:18.694633	2013-06-15 14:50:18.694633
165	test comment #165	6	55	2013-06-15 14:50:18.700021	2013-06-15 14:50:18.700021
166	test comment #166	13	56	2013-06-15 14:50:18.705263	2013-06-15 14:50:18.705263
167	test comment #167	6	56	2013-06-15 14:50:18.71086	2013-06-15 14:50:18.71086
168	test comment #168	17	56	2013-06-15 14:50:18.71596	2013-06-15 14:50:18.71596
169	test comment #169	2	57	2013-06-15 14:50:18.721215	2013-06-15 14:50:18.721215
170	test comment #170	13	57	2013-06-15 14:50:18.726409	2013-06-15 14:50:18.726409
171	test comment #171	13	57	2013-06-15 14:50:18.731464	2013-06-15 14:50:18.731464
172	test comment #172	13	58	2013-06-15 14:50:18.736971	2013-06-15 14:50:18.736971
173	test comment #173	6	58	2013-06-15 14:50:18.742306	2013-06-15 14:50:18.742306
174	test comment #174	11	58	2013-06-15 14:50:18.747245	2013-06-15 14:50:18.747245
175	test comment #175	6	59	2013-06-15 14:50:18.752561	2013-06-15 14:50:18.752561
176	test comment #176	1	59	2013-06-15 14:50:18.758157	2013-06-15 14:50:18.758157
177	test comment #177	12	59	2013-06-15 14:50:18.763633	2013-06-15 14:50:18.763633
178	test comment #178	14	60	2013-06-15 14:50:18.769041	2013-06-15 14:50:18.769041
179	test comment #179	14	60	2013-06-15 14:50:18.774147	2013-06-15 14:50:18.774147
180	test comment #180	14	60	2013-06-15 14:50:18.77919	2013-06-15 14:50:18.77919
181	test comment #181	13	61	2013-06-15 14:50:18.784583	2013-06-15 14:50:18.784583
182	test comment #182	14	61	2013-06-15 14:50:18.789843	2013-06-15 14:50:18.789843
183	test comment #183	6	61	2013-06-15 14:50:18.795257	2013-06-15 14:50:18.795257
184	test comment #184	11	62	2013-06-15 14:50:18.800473	2013-06-15 14:50:18.800473
185	test comment #185	17	62	2013-06-15 14:50:18.805488	2013-06-15 14:50:18.805488
186	test comment #186	12	62	2013-06-15 14:50:18.810542	2013-06-15 14:50:18.810542
187	test comment #187	12	63	2013-06-15 14:50:18.815843	2013-06-15 14:50:18.815843
188	test comment #188	13	63	2013-06-15 14:50:18.821036	2013-06-15 14:50:18.821036
189	test comment #189	12	63	2013-06-15 14:50:18.826288	2013-06-15 14:50:18.826288
190	test comment #190	1	64	2013-06-15 14:50:18.831931	2013-06-15 14:50:18.831931
191	test comment #191	17	64	2013-06-15 14:50:18.836748	2013-06-15 14:50:18.836748
192	test comment #192	1	64	2013-06-15 14:50:18.841681	2013-06-15 14:50:18.841681
193	test comment #193	14	65	2013-06-15 14:50:18.846561	2013-06-15 14:50:18.846561
194	test comment #194	6	65	2013-06-15 14:50:18.851982	2013-06-15 14:50:18.851982
195	test comment #195	14	65	2013-06-15 14:50:18.8571	2013-06-15 14:50:18.8571
196	test comment #196	14	66	2013-06-15 14:50:18.862564	2013-06-15 14:50:18.862564
197	test comment #197	14	66	2013-06-15 14:50:18.867724	2013-06-15 14:50:18.867724
198	test comment #198	6	66	2013-06-15 14:50:18.872815	2013-06-15 14:50:18.872815
199	test comment #199	12	67	2013-06-15 14:50:18.87797	2013-06-15 14:50:18.87797
200	test comment #200	14	67	2013-06-15 14:50:18.882778	2013-06-15 14:50:18.882778
201	test comment #201	13	67	2013-06-15 14:50:18.887906	2013-06-15 14:50:18.887906
202	test comment #202	14	68	2013-06-15 14:50:18.892931	2013-06-15 14:50:18.892931
203	test comment #203	1	68	2013-06-15 14:50:18.897978	2013-06-15 14:50:18.897978
204	test comment #204	14	68	2013-06-15 14:50:18.902777	2013-06-15 14:50:18.902777
205	test comment #205	12	69	2013-06-15 14:50:18.907428	2013-06-15 14:50:18.907428
206	test comment #206	2	69	2013-06-15 14:50:18.912098	2013-06-15 14:50:18.912098
207	test comment #207	12	69	2013-06-15 14:50:18.918167	2013-06-15 14:50:18.918167
208	test comment #208	6	70	2013-06-15 14:50:18.923012	2013-06-15 14:50:18.923012
209	test comment #209	1	70	2013-06-15 14:50:18.927971	2013-06-15 14:50:18.927971
210	test comment #210	12	70	2013-06-15 14:50:18.932951	2013-06-15 14:50:18.932951
211	test comment #211	14	71	2013-06-15 14:50:18.938148	2013-06-15 14:50:18.938148
212	test comment #212	11	71	2013-06-15 14:50:18.943508	2013-06-15 14:50:18.943508
213	test comment #213	13	71	2013-06-15 14:50:18.948766	2013-06-15 14:50:18.948766
214	test comment #214	11	72	2013-06-15 14:50:18.954208	2013-06-15 14:50:18.954208
215	test comment #215	6	72	2013-06-15 14:50:18.987651	2013-06-15 14:50:18.987651
216	test comment #216	11	72	2013-06-15 14:50:18.989826	2013-06-15 14:50:18.989826
217	test comment #217	17	73	2013-06-15 14:50:18.992456	2013-06-15 14:50:18.992456
218	test comment #218	6	73	2013-06-15 14:50:18.994361	2013-06-15 14:50:18.994361
219	test comment #219	6	73	2013-06-15 14:50:18.9962	2013-06-15 14:50:18.9962
220	test comment #220	17	74	2013-06-15 14:50:18.998266	2013-06-15 14:50:18.998266
221	test comment #221	12	74	2013-06-15 14:50:19.000462	2013-06-15 14:50:19.000462
222	test comment #222	13	74	2013-06-15 14:50:19.002812	2013-06-15 14:50:19.002812
223	test comment #223	12	75	2013-06-15 14:50:19.005099	2013-06-15 14:50:19.005099
224	test comment #224	11	75	2013-06-15 14:50:19.008691	2013-06-15 14:50:19.008691
225	test comment #225	13	75	2013-06-15 14:50:19.013475	2013-06-15 14:50:19.013475
226	test comment #226	2	76	2013-06-15 14:50:19.016963	2013-06-15 14:50:19.016963
227	test comment #227	13	76	2013-06-15 14:50:19.020718	2013-06-15 14:50:19.020718
228	test comment #228	1	76	2013-06-15 14:50:19.023773	2013-06-15 14:50:19.023773
229	test comment #229	12	77	2013-06-15 14:50:19.027341	2013-06-15 14:50:19.027341
230	test comment #230	1	77	2013-06-15 14:50:19.03137	2013-06-15 14:50:19.03137
231	test comment #231	14	77	2013-06-15 14:50:19.035666	2013-06-15 14:50:19.035666
232	test comment #232	11	78	2013-06-15 14:50:19.039989	2013-06-15 14:50:19.039989
233	test comment #233	12	78	2013-06-15 14:50:19.043966	2013-06-15 14:50:19.043966
234	test comment #234	12	78	2013-06-15 14:50:19.047762	2013-06-15 14:50:19.047762
235	test comment #235	17	79	2013-06-15 14:50:19.051811	2013-06-15 14:50:19.051811
236	test comment #236	6	79	2013-06-15 14:50:19.055845	2013-06-15 14:50:19.055845
237	test comment #237	6	79	2013-06-15 14:50:19.060133	2013-06-15 14:50:19.060133
238	test comment #238	1	80	2013-06-15 14:50:19.064076	2013-06-15 14:50:19.064076
239	test comment #239	13	80	2013-06-15 14:50:19.068611	2013-06-15 14:50:19.068611
240	test comment #240	12	80	2013-06-15 14:50:19.073184	2013-06-15 14:50:19.073184
241	test comment #241	17	81	2013-06-15 14:50:19.077669	2013-06-15 14:50:19.077669
242	test comment #242	11	81	2013-06-15 14:50:19.081795	2013-06-15 14:50:19.081795
243	test comment #243	11	81	2013-06-15 14:50:19.086223	2013-06-15 14:50:19.086223
244	test comment #244	2	82	2013-06-15 14:50:19.090407	2013-06-15 14:50:19.090407
245	test comment #245	17	82	2013-06-15 14:50:19.094547	2013-06-15 14:50:19.094547
246	test comment #246	12	82	2013-06-15 14:50:19.098865	2013-06-15 14:50:19.098865
247	test comment #247	2	83	2013-06-15 14:50:19.102843	2013-06-15 14:50:19.102843
248	test comment #248	6	83	2013-06-15 14:50:19.106641	2013-06-15 14:50:19.106641
249	test comment #249	17	83	2013-06-15 14:50:19.110451	2013-06-15 14:50:19.110451
250	test comment #250	1	84	2013-06-15 14:50:19.114347	2013-06-15 14:50:19.114347
251	test comment #251	17	84	2013-06-15 14:50:19.118649	2013-06-15 14:50:19.118649
252	test comment #252	13	84	2013-06-15 14:50:19.122706	2013-06-15 14:50:19.122706
253	test comment #253	1	85	2013-06-15 14:50:19.127322	2013-06-15 14:50:19.127322
254	test comment #254	14	85	2013-06-15 14:50:19.132074	2013-06-15 14:50:19.132074
255	test comment #255	1	85	2013-06-15 14:50:19.136716	2013-06-15 14:50:19.136716
256	test comment #256	14	86	2013-06-15 14:50:19.14086	2013-06-15 14:50:19.14086
257	test comment #257	17	86	2013-06-15 14:50:19.144815	2013-06-15 14:50:19.144815
258	test comment #258	12	86	2013-06-15 14:50:19.148588	2013-06-15 14:50:19.148588
259	test comment #259	11	87	2013-06-15 14:50:19.152393	2013-06-15 14:50:19.152393
260	test comment #260	1	87	2013-06-15 14:50:19.156182	2013-06-15 14:50:19.156182
261	test comment #261	13	87	2013-06-15 14:50:19.160348	2013-06-15 14:50:19.160348
262	test comment #262	11	88	2013-06-15 14:50:19.164495	2013-06-15 14:50:19.164495
263	test comment #263	13	88	2013-06-15 14:50:19.168323	2013-06-15 14:50:19.168323
264	test comment #264	12	88	2013-06-15 14:50:19.172315	2013-06-15 14:50:19.172315
265	test comment #265	14	89	2013-06-15 14:50:19.176716	2013-06-15 14:50:19.176716
266	test comment #266	11	89	2013-06-15 14:50:19.1812	2013-06-15 14:50:19.1812
267	test comment #267	11	89	2013-06-15 14:50:19.185657	2013-06-15 14:50:19.185657
268	test comment #268	13	90	2013-06-15 14:50:19.19025	2013-06-15 14:50:19.19025
269	test comment #269	2	90	2013-06-15 14:50:19.194272	2013-06-15 14:50:19.194272
270	test comment #270	12	90	2013-06-15 14:50:19.198054	2013-06-15 14:50:19.198054
271	test comment #271	2	91	2013-06-15 14:50:19.201809	2013-06-15 14:50:19.201809
272	test comment #272	12	91	2013-06-15 14:50:19.206613	2013-06-15 14:50:19.206613
273	test comment #273	12	91	2013-06-15 14:50:19.211097	2013-06-15 14:50:19.211097
274	test comment #274	6	92	2013-06-15 14:50:19.215463	2013-06-15 14:50:19.215463
275	test comment #275	1	92	2013-06-15 14:50:19.219878	2013-06-15 14:50:19.219878
276	test comment #276	12	92	2013-06-15 14:50:19.224397	2013-06-15 14:50:19.224397
277	test comment #277	6	93	2013-06-15 14:50:19.228605	2013-06-15 14:50:19.228605
278	test comment #278	2	93	2013-06-15 14:50:19.232571	2013-06-15 14:50:19.232571
279	test comment #279	12	93	2013-06-15 14:50:19.236358	2013-06-15 14:50:19.236358
280	test comment #280	17	94	2013-06-15 14:50:19.240149	2013-06-15 14:50:19.240149
281	test comment #281	1	94	2013-06-15 14:50:19.243969	2013-06-15 14:50:19.243969
282	test comment #282	14	94	2013-06-15 14:50:19.247951	2013-06-15 14:50:19.247951
283	test comment #283	2	95	2013-06-15 14:50:19.252637	2013-06-15 14:50:19.252637
284	test comment #284	1	95	2013-06-15 14:50:19.256606	2013-06-15 14:50:19.256606
285	test comment #285	2	95	2013-06-15 14:50:19.260348	2013-06-15 14:50:19.260348
286	test comment #286	12	96	2013-06-15 14:50:19.264854	2013-06-15 14:50:19.264854
287	test comment #287	13	96	2013-06-15 14:50:19.268976	2013-06-15 14:50:19.268976
288	test comment #288	1	96	2013-06-15 14:50:19.273228	2013-06-15 14:50:19.273228
289	test comment #289	17	97	2013-06-15 14:50:19.277117	2013-06-15 14:50:19.277117
290	test comment #290	12	97	2013-06-15 14:50:19.281236	2013-06-15 14:50:19.281236
291	test comment #291	1	97	2013-06-15 14:50:19.285528	2013-06-15 14:50:19.285528
292	test comment #292	14	98	2013-06-15 14:50:19.289407	2013-06-15 14:50:19.289407
293	test comment #293	13	98	2013-06-15 14:50:19.293575	2013-06-15 14:50:19.293575
294	test comment #294	13	98	2013-06-15 14:50:19.297744	2013-06-15 14:50:19.297744
295	test comment #295	14	99	2013-06-15 14:50:19.301879	2013-06-15 14:50:19.301879
296	test comment #296	6	99	2013-06-15 14:50:19.306023	2013-06-15 14:50:19.306023
297	test comment #297	14	99	2013-06-15 14:50:19.31031	2013-06-15 14:50:19.31031
298	test comment #298	1	100	2013-06-15 14:50:19.314469	2013-06-15 14:50:19.314469
299	test comment #299	1	100	2013-06-15 14:50:19.318306	2013-06-15 14:50:19.318306
300	test comment #300	14	100	2013-06-15 14:50:19.322682	2013-06-15 14:50:19.322682
301	test comment #301	14	101	2013-06-15 14:50:19.326988	2013-06-15 14:50:19.326988
302	test comment #302	6	101	2013-06-15 14:50:19.330999	2013-06-15 14:50:19.330999
303	test comment #303	1	101	2013-06-15 14:50:19.334961	2013-06-15 14:50:19.334961
304	test comment #304	6	102	2013-06-15 14:50:19.338757	2013-06-15 14:50:19.338757
305	test comment #305	14	102	2013-06-15 14:50:19.34318	2013-06-15 14:50:19.34318
306	test comment #306	14	102	2013-06-15 14:50:19.347279	2013-06-15 14:50:19.347279
307	test comment #307	14	103	2013-06-15 14:50:19.351208	2013-06-15 14:50:19.351208
308	test comment #308	13	103	2013-06-15 14:50:19.355263	2013-06-15 14:50:19.355263
309	test comment #309	2	103	2013-06-15 14:50:19.359105	2013-06-15 14:50:19.359105
310	test comment #310	12	104	2013-06-15 14:50:19.362827	2013-06-15 14:50:19.362827
311	test comment #311	2	104	2013-06-15 14:50:19.366683	2013-06-15 14:50:19.366683
312	test comment #312	13	104	2013-06-15 14:50:19.370309	2013-06-15 14:50:19.370309
313	test comment #313	17	105	2013-06-15 14:50:19.372242	2013-06-15 14:50:19.372242
314	test comment #314	1	105	2013-06-15 14:50:19.374124	2013-06-15 14:50:19.374124
315	test comment #315	2	105	2013-06-15 14:50:19.37633	2013-06-15 14:50:19.37633
316	test comment #316	2	106	2013-06-15 14:50:19.378864	2013-06-15 14:50:19.378864
317	test comment #317	2	106	2013-06-15 14:50:19.381137	2013-06-15 14:50:19.381137
318	test comment #318	6	106	2013-06-15 14:50:19.382922	2013-06-15 14:50:19.382922
319	test comment #319	11	107	2013-06-15 14:50:19.384748	2013-06-15 14:50:19.384748
320	test comment #320	2	107	2013-06-15 14:50:19.386607	2013-06-15 14:50:19.386607
321	test comment #321	17	107	2013-06-15 14:50:19.388782	2013-06-15 14:50:19.388782
322	test comment #322	11	108	2013-06-15 14:50:19.391275	2013-06-15 14:50:19.391275
323	test comment #323	14	108	2013-06-15 14:50:19.393949	2013-06-15 14:50:19.393949
324	test comment #324	6	108	2013-06-15 14:50:19.395921	2013-06-15 14:50:19.395921
325	test comment #325	6	109	2013-06-15 14:50:19.398045	2013-06-15 14:50:19.398045
326	test comment #326	1	109	2013-06-15 14:50:19.399824	2013-06-15 14:50:19.399824
327	test comment #327	11	109	2013-06-15 14:50:19.401773	2013-06-15 14:50:19.401773
328	test comment #328	2	110	2013-06-15 14:50:19.403776	2013-06-15 14:50:19.403776
329	test comment #329	12	110	2013-06-15 14:50:19.40636	2013-06-15 14:50:19.40636
330	test comment #330	12	110	2013-06-15 14:50:19.409302	2013-06-15 14:50:19.409302
331	test comment #331	12	111	2013-06-15 14:50:19.412895	2013-06-15 14:50:19.412895
332	test comment #332	17	111	2013-06-15 14:50:19.416949	2013-06-15 14:50:19.416949
333	test comment #333	1	111	2013-06-15 14:50:19.420406	2013-06-15 14:50:19.420406
334	test comment #334	12	112	2013-06-15 14:50:19.424302	2013-06-15 14:50:19.424302
335	test comment #335	2	112	2013-06-15 14:50:19.428236	2013-06-15 14:50:19.428236
336	test comment #336	6	112	2013-06-15 14:50:19.432287	2013-06-15 14:50:19.432287
340	test comment #340	14	114	2013-06-15 14:50:19.448642	2013-06-15 14:50:19.448642
341	test comment #341	13	114	2013-06-15 14:50:19.452813	2013-06-15 14:50:19.452813
342	test comment #342	2	114	2013-06-15 14:50:19.457208	2013-06-15 14:50:19.457208
343	test comment #343	17	115	2013-06-15 14:50:19.461432	2013-06-15 14:50:19.461432
344	test comment #344	6	115	2013-06-15 14:50:19.465767	2013-06-15 14:50:19.465767
345	test comment #345	6	115	2013-06-15 14:50:19.469898	2013-06-15 14:50:19.469898
346	test comment #346	17	116	2013-06-15 14:50:19.473798	2013-06-15 14:50:19.473798
347	test comment #347	14	116	2013-06-15 14:50:19.477691	2013-06-15 14:50:19.477691
348	test comment #348	2	116	2013-06-15 14:50:19.481619	2013-06-15 14:50:19.481619
349	test comment #349	2	117	2013-06-15 14:50:19.485537	2013-06-15 14:50:19.485537
350	test comment #350	11	117	2013-06-15 14:50:19.489343	2013-06-15 14:50:19.489343
351	test comment #351	11	117	2013-06-15 14:50:19.493562	2013-06-15 14:50:19.493562
352	test comment #352	14	118	2013-06-15 14:50:19.497895	2013-06-15 14:50:19.497895
353	test comment #353	11	118	2013-06-15 14:50:19.502137	2013-06-15 14:50:19.502137
354	test comment #354	2	118	2013-06-15 14:50:19.5065	2013-06-15 14:50:19.5065
355	test comment #355	12	119	2013-06-15 14:50:19.511048	2013-06-15 14:50:19.511048
356	test comment #356	1	119	2013-06-15 14:50:19.515432	2013-06-15 14:50:19.515432
357	test comment #357	13	119	2013-06-15 14:50:19.519909	2013-06-15 14:50:19.519909
358	test comment #358	14	120	2013-06-15 14:50:19.524315	2013-06-15 14:50:19.524315
359	test comment #359	6	120	2013-06-15 14:50:19.528739	2013-06-15 14:50:19.528739
360	test comment #360	11	120	2013-06-15 14:50:19.533166	2013-06-15 14:50:19.533166
361	test comment #361	2	121	2013-06-15 14:50:19.537421	2013-06-15 14:50:19.537421
362	test comment #362	11	121	2013-06-15 14:50:19.541639	2013-06-15 14:50:19.541639
363	test comment #363	14	121	2013-06-15 14:50:19.54611	2013-06-15 14:50:19.54611
364	test comment #364	13	122	2013-06-15 14:50:19.550213	2013-06-15 14:50:19.550213
365	test comment #365	6	122	2013-06-15 14:50:19.554341	2013-06-15 14:50:19.554341
366	test comment #366	13	122	2013-06-15 14:50:19.558477	2013-06-15 14:50:19.558477
367	test comment #367	14	123	2013-06-15 14:50:19.562672	2013-06-15 14:50:19.562672
368	test comment #368	17	123	2013-06-15 14:50:19.566789	2013-06-15 14:50:19.566789
369	test comment #369	14	123	2013-06-15 14:50:19.570913	2013-06-15 14:50:19.570913
370	test comment #370	1	124	2013-06-15 14:50:19.594267	2013-06-15 14:50:19.594267
371	test comment #371	17	124	2013-06-15 14:50:19.597041	2013-06-15 14:50:19.597041
372	test comment #372	11	124	2013-06-15 14:50:19.599327	2013-06-15 14:50:19.599327
373	test comment #373	11	125	2013-06-15 14:50:19.601454	2013-06-15 14:50:19.601454
374	test comment #374	12	125	2013-06-15 14:50:19.60396	2013-06-15 14:50:19.60396
375	test comment #375	6	125	2013-06-15 14:50:19.606778	2013-06-15 14:50:19.606778
376	test comment #376	13	126	2013-06-15 14:50:19.610525	2013-06-15 14:50:19.610525
377	test comment #377	11	126	2013-06-15 14:50:19.614467	2013-06-15 14:50:19.614467
378	test comment #378	14	126	2013-06-15 14:50:19.617291	2013-06-15 14:50:19.617291
379	test comment #379	17	127	2013-06-15 14:50:19.621017	2013-06-15 14:50:19.621017
380	test comment #380	14	127	2013-06-15 14:50:19.624549	2013-06-15 14:50:19.624549
381	test comment #381	17	127	2013-06-15 14:50:19.629334	2013-06-15 14:50:19.629334
382	test comment #382	11	128	2013-06-15 14:50:19.634524	2013-06-15 14:50:19.634524
383	test comment #383	12	128	2013-06-15 14:50:19.639211	2013-06-15 14:50:19.639211
384	test comment #384	2	128	2013-06-15 14:50:19.643364	2013-06-15 14:50:19.643364
385	test comment #385	2	129	2013-06-15 14:50:19.646416	2013-06-15 14:50:19.646416
386	test comment #386	6	129	2013-06-15 14:50:19.648937	2013-06-15 14:50:19.648937
387	test comment #387	17	129	2013-06-15 14:50:19.652498	2013-06-15 14:50:19.652498
388	test comment #388	13	130	2013-06-15 14:50:19.654811	2013-06-15 14:50:19.654811
389	test comment #389	1	130	2013-06-15 14:50:19.657505	2013-06-15 14:50:19.657505
390	test comment #390	12	130	2013-06-15 14:50:19.661818	2013-06-15 14:50:19.661818
391	test comment #391	1	131	2013-06-15 14:50:19.665974	2013-06-15 14:50:19.665974
392	test comment #392	12	131	2013-06-15 14:50:19.670534	2013-06-15 14:50:19.670534
393	test comment #393	14	131	2013-06-15 14:50:19.674604	2013-06-15 14:50:19.674604
394	test comment #394	12	132	2013-06-15 14:50:19.678707	2013-06-15 14:50:19.678707
395	test comment #395	14	132	2013-06-15 14:50:19.683518	2013-06-15 14:50:19.683518
396	test comment #396	13	132	2013-06-15 14:50:19.688415	2013-06-15 14:50:19.688415
397	test comment #397	17	133	2013-06-15 14:50:19.693866	2013-06-15 14:50:19.693866
398	test comment #398	1	133	2013-06-15 14:50:19.699276	2013-06-15 14:50:19.699276
399	test comment #399	11	133	2013-06-15 14:50:19.704684	2013-06-15 14:50:19.704684
400	test comment #400	6	134	2013-06-15 14:50:19.710031	2013-06-15 14:50:19.710031
401	test comment #401	17	134	2013-06-15 14:50:19.71473	2013-06-15 14:50:19.71473
402	test comment #402	2	134	2013-06-15 14:50:19.719375	2013-06-15 14:50:19.719375
403	test comment #403	12	135	2013-06-15 14:50:19.724213	2013-06-15 14:50:19.724213
404	test comment #404	12	135	2013-06-15 14:50:19.72911	2013-06-15 14:50:19.72911
405	test comment #405	2	135	2013-06-15 14:50:19.734096	2013-06-15 14:50:19.734096
406	test comment #406	13	136	2013-06-15 14:50:19.739373	2013-06-15 14:50:19.739373
407	test comment #407	12	136	2013-06-15 14:50:19.745082	2013-06-15 14:50:19.745082
408	test comment #408	1	136	2013-06-15 14:50:19.749914	2013-06-15 14:50:19.749914
409	test comment #409	2	137	2013-06-15 14:50:19.755174	2013-06-15 14:50:19.755174
410	test comment #410	2	137	2013-06-15 14:50:19.759867	2013-06-15 14:50:19.759867
411	test comment #411	2	137	2013-06-15 14:50:19.764802	2013-06-15 14:50:19.764802
412	test comment #412	14	138	2013-06-15 14:50:19.770438	2013-06-15 14:50:19.770438
413	test comment #413	12	138	2013-06-15 14:50:19.775888	2013-06-15 14:50:19.775888
414	test comment #414	6	138	2013-06-15 14:50:19.780878	2013-06-15 14:50:19.780878
415	test comment #415	11	139	2013-06-15 14:50:19.785533	2013-06-15 14:50:19.785533
416	test comment #416	17	139	2013-06-15 14:50:19.790065	2013-06-15 14:50:19.790065
417	test comment #417	6	139	2013-06-15 14:50:19.795563	2013-06-15 14:50:19.795563
418	test comment #418	1	140	2013-06-15 14:50:19.801269	2013-06-15 14:50:19.801269
419	test comment #419	12	140	2013-06-15 14:50:19.806412	2013-06-15 14:50:19.806412
420	test comment #420	1	140	2013-06-15 14:50:19.811263	2013-06-15 14:50:19.811263
421	test comment #421	2	141	2013-06-15 14:50:19.816449	2013-06-15 14:50:19.816449
422	test comment #422	13	141	2013-06-15 14:50:19.821913	2013-06-15 14:50:19.821913
423	test comment #423	12	141	2013-06-15 14:50:19.827052	2013-06-15 14:50:19.827052
424	test comment #424	11	142	2013-06-15 14:50:19.832464	2013-06-15 14:50:19.832464
425	test comment #425	6	142	2013-06-15 14:50:19.837798	2013-06-15 14:50:19.837798
426	test comment #426	11	142	2013-06-15 14:50:19.843076	2013-06-15 14:50:19.843076
427	test comment #427	17	143	2013-06-15 14:50:19.848528	2013-06-15 14:50:19.848528
428	test comment #428	2	143	2013-06-15 14:50:19.85406	2013-06-15 14:50:19.85406
429	test comment #429	12	143	2013-06-15 14:50:19.859695	2013-06-15 14:50:19.859695
430	test comment #430	14	144	2013-06-15 14:50:19.865081	2013-06-15 14:50:19.865081
431	test comment #431	2	144	2013-06-15 14:50:19.869983	2013-06-15 14:50:19.869983
432	test comment #432	6	144	2013-06-15 14:50:19.87495	2013-06-15 14:50:19.87495
433	test comment #433	13	145	2013-06-15 14:50:19.88039	2013-06-15 14:50:19.88039
434	test comment #434	6	145	2013-06-15 14:50:19.885535	2013-06-15 14:50:19.885535
435	test comment #435	1	145	2013-06-15 14:50:19.890144	2013-06-15 14:50:19.890144
436	test comment #436	17	146	2013-06-15 14:50:19.895521	2013-06-15 14:50:19.895521
437	test comment #437	17	146	2013-06-15 14:50:19.900944	2013-06-15 14:50:19.900944
438	test comment #438	1	146	2013-06-15 14:50:19.906133	2013-06-15 14:50:19.906133
439	test comment #439	17	147	2013-06-15 14:50:19.911536	2013-06-15 14:50:19.911536
440	test comment #440	2	147	2013-06-15 14:50:19.916311	2013-06-15 14:50:19.916311
441	test comment #441	1	147	2013-06-15 14:50:19.921209	2013-06-15 14:50:19.921209
442	test comment #442	17	148	2013-06-15 14:50:19.926227	2013-06-15 14:50:19.926227
443	test comment #443	12	148	2013-06-15 14:50:19.931071	2013-06-15 14:50:19.931071
444	test comment #444	13	148	2013-06-15 14:50:19.935733	2013-06-15 14:50:19.935733
445	test comment #445	13	149	2013-06-15 14:50:19.940587	2013-06-15 14:50:19.940587
446	test comment #446	12	149	2013-06-15 14:50:19.94541	2013-06-15 14:50:19.94541
447	test comment #447	12	149	2013-06-15 14:50:19.950198	2013-06-15 14:50:19.950198
448	test comment #448	14	150	2013-06-15 14:50:19.955481	2013-06-15 14:50:19.955481
449	test comment #449	1	150	2013-06-15 14:50:19.960428	2013-06-15 14:50:19.960428
450	test comment #450	6	150	2013-06-15 14:50:19.965145	2013-06-15 14:50:19.965145
338	А мне мышка не нравится. Она должна быть черная, под цвет монитора))	13	113	2013-06-15 14:50:19.440062	2013-06-15 15:21:57.549522
337	Отличный компьтер, всегла за ним работаю! Я написал на нем 4(!) курсовые работы и сейчас пишу диплом.	2	113	2013-06-15 14:50:19.436229	2013-06-15 15:22:26.91476
339	Ну не знаю, может быть...\r\nМеня вот например все устраивает без всяких НО.\r\n\r\nВидели как наши админы починяют этот комп?\r\nhttp://www.youtube.com/watch?v=vh3tuL_DVsE	17	113	2013-06-15 14:50:19.444281	2013-06-15 15:23:56.485743
\.


--
-- Name: comments_id_seq; Type: SEQUENCE SET; Schema: public; Owner: ode
--

SELECT pg_catalog.setval('comments_id_seq', 450, true);


--
-- Data for Name: details; Type: TABLE DATA; Schema: public; Owner: ode
--

COPY details (id, vendor_id, device_id, subsystem_id, name, rev, serial, accepted_at, deleted_at, created_at, updated_at) FROM stdin;
2	38	38	\N	Wired Inc. Butane II (MPEG2 encoder board)	2.3	8088235	\N	\N	2013-06-15 14:49:58.937609	2013-06-15 14:49:58.937609
3	59	200	\N	LSI Logic / Symbios Logic SAS2004 PCI-Express Fusion-MPT SAS-2 [Spitfire]	2.0	7989996	\N	\N	2013-06-15 14:49:58.953109	2013-06-15 14:49:58.953109
4	46	44	\N	First International Computer, Inc. VA-502 Mainboard	1.2	6731080	\N	\N	2013-06-15 14:49:58.964802	2013-06-15 14:49:58.964802
5	54	103	\N	Compaq Computer Corporation Smart Array 6i	2.0	7203211	\N	\N	2013-06-15 14:49:58.982257	2013-06-15 14:49:58.982257
6	19	25	\N	SpeedStream 1012 PCMCIA 10/100 Ethernet Card [RTL81xx]	0.6	3776540	\N	\N	2013-06-15 14:49:59.00158	2013-06-15 14:49:59.00158
7	46	44	\N	First International Computer, Inc. VA-502 Mainboard	0.7	2870198	\N	\N	2013-06-15 14:49:59.02472	2013-06-15 14:49:59.02472
8	38	38	\N	Wired Inc. Butane II (MPEG2 encoder board)	2.0	8662883	\N	\N	2013-06-15 14:49:59.04626	2013-06-15 14:49:59.04626
9	16	23	\N	Compaq Computer Corporation HNE-300 (RealTek RTL8139c) [iPaq Networking]	1.9	7142487	\N	\N	2013-06-15 14:49:59.075931	2013-06-15 14:49:59.075931
10	33	32	\N	Sigmatel Inc. SMTP3500	2.5	3403703	\N	\N	2013-06-15 14:49:59.099383	2013-06-15 14:49:59.099383
11	34	36	\N	Dynalink ISDN Adapter (PCI Bus, D, C)	2.5	8704307	\N	\N	2013-06-15 14:49:59.122198	2013-06-15 14:49:59.122198
12	48	53	\N	Arris CM 200E Cable Modem	2.4	5892683	\N	\N	2013-06-15 14:49:59.165648	2013-06-15 14:49:59.165648
13	53	69	\N	TerraTec Electronic GmbH Cinergy T^2 DVB-T Receiver	1.4	2287879	\N	\N	2013-06-15 14:49:59.189711	2013-06-15 14:49:59.189711
14	4	2	1	PEAK-System Technik GmbH PCAN-PCI CAN-Bus controller	1.1	9704353	\N	\N	2013-06-15 14:49:59.212138	2013-06-15 14:49:59.225733
15	37	37	\N	Ubiquiti Networks, Inc. XtremeRange5	2.5	4398210	\N	\N	2013-06-15 14:49:59.242611	2013-06-15 14:49:59.242611
16	18	24	\N	Davicom Semiconductor, Inc. DM9102A(DM9102AE, SM9102AF) Ethernet 100/10 MBit(Rev 40)	0.3	3561969	\N	\N	2013-06-15 14:49:59.268551	2013-06-15 14:49:59.268551
17	4	2	2	PEAK-System Technik GmbH PCAN-PCI CAN-Bus controller	2.0	4213752	\N	\N	2013-06-15 14:49:59.293731	2013-06-15 14:49:59.306758
18	37	37	\N	Ubiquiti Networks, Inc. XtremeRange5	2.1	6590240	\N	\N	2013-06-15 14:49:59.319325	2013-06-15 14:49:59.319325
19	57	160	\N	SHF Communication Technologies AG Ethernet Powerlink Managing Node 01	0.2	1075539	\N	\N	2013-06-15 14:49:59.343519	2013-06-15 14:49:59.343519
20	57	160	\N	SHF Communication Technologies AG Ethernet Powerlink Managing Node 01	0.0	9308329	\N	\N	2013-06-15 14:49:59.367675	2013-06-15 14:49:59.367675
21	19	25	\N	SpeedStream 1012 PCMCIA 10/100 Ethernet Card [RTL81xx]	0.1	6615960	\N	\N	2013-06-15 14:49:59.389455	2013-06-15 14:49:59.389455
22	28	28	\N	IBM Corp. Remote System Administration device [RSA2]	2.1	8231005	\N	\N	2013-06-15 14:49:59.410815	2013-06-15 14:49:59.410815
23	57	160	\N	SHF Communication Technologies AG Ethernet Powerlink Managing Node 01	1.3	7701122	\N	\N	2013-06-15 14:49:59.435102	2013-06-15 14:49:59.435102
24	52	68	\N	ASCII Corporation Trance Vibrator	2.7	9752683	\N	\N	2013-06-15 14:49:59.458487	2013-06-15 14:49:59.458487
25	38	38	\N	Wired Inc. Butane II (MPEG2 encoder board)	2.0	5853340	\N	\N	2013-06-15 14:49:59.489946	2013-06-15 14:49:59.489946
26	32	30	\N	CyberDoor CBD516	2.1	2015789	\N	\N	2013-06-15 14:49:59.512376	2013-06-15 14:49:59.512376
27	19	25	\N	SpeedStream 1012 PCMCIA 10/100 Ethernet Card [RTL81xx]	2.1	9978864	\N	\N	2013-06-15 14:49:59.534254	2013-06-15 14:49:59.534254
28	38	38	\N	Wired Inc. Butane II (MPEG2 encoder board)	0.7	7690746	\N	\N	2013-06-15 14:49:59.551379	2013-06-15 14:49:59.551379
29	18	24	\N	Davicom Semiconductor, Inc. DM9102A(DM9102AE, SM9102AF) Ethernet 100/10 MBit(Rev 40)	2.8	8966404	\N	\N	2013-06-15 14:49:59.563182	2013-06-15 14:49:59.563182
30	2	1	\N	Allied Telesis, Inc AT-2500TX V3 Ethernet	0.9	9046442	\N	\N	2013-06-15 14:49:59.575235	2013-06-15 14:49:59.575235
31	4	2	2	PEAK-System Technik GmbH PCAN-PCI CAN-Bus controller	0.5	1418985	\N	\N	2013-06-15 14:49:59.595484	2013-06-15 14:49:59.628231
32	34	33	\N	Dynalink IS64PH ISDN Adapter	1.8	6235520	\N	\N	2013-06-15 14:49:59.636297	2013-06-15 14:49:59.636297
33	45	43	\N	AuthenTec [Anchor] AF-S2 FingerLoc Sensor Module	2.6	4907831	\N	\N	2013-06-15 14:49:59.655833	2013-06-15 14:49:59.655833
34	37	37	\N	Ubiquiti Networks, Inc. XtremeRange5	0.0	8903467	\N	\N	2013-06-15 14:49:59.678159	2013-06-15 14:49:59.678159
35	54	120	\N	Compaq Computer Corporation System Management Controller	1.9	8042279	\N	\N	2013-06-15 14:49:59.704652	2013-06-15 14:49:59.704652
36	38	39	\N	Wired Inc. MediaPress (MPEG2 encoder board)	0.8	6734194	\N	\N	2013-06-15 14:49:59.729689	2013-06-15 14:49:59.729689
37	10	21	\N	Silicon Image, Inc. (Wrong ID) Ultra ATA/133 IDE RAID CONTROLLER CARD	0.1	5286545	\N	\N	2013-06-15 14:49:59.751106	2013-06-15 14:49:59.751106
38	34	34	\N	Dynalink IS64PH ISDN Adapter	0.2	2708900	\N	\N	2013-06-15 14:49:59.772415	2013-06-15 14:49:59.772415
39	33	32	\N	Sigmatel Inc. SMTP3500	2.5	1337198	\N	\N	2013-06-15 14:49:59.796553	2013-06-15 14:49:59.796553
40	39	40	\N	AVerMedia Technologies Inc. Slim mobile Express DVB-T (Fujitsu)	0.6	9284770	\N	\N	2013-06-15 14:49:59.821135	2013-06-15 14:49:59.821135
41	23	26	\N	TTTech AG TTP-Monitoring Card V2.0	0.3	6387765	\N	\N	2013-06-15 14:49:59.846548	2013-06-15 14:49:59.846548
42	31	29	\N	OmniVision OV519 series	0.5	8852581	\N	\N	2013-06-15 14:49:59.877477	2013-06-15 14:49:59.877477
43	32	30	\N	CyberDoor CBD516	0.1	5234542	\N	\N	2013-06-15 14:49:59.899057	2013-06-15 14:49:59.899057
44	39	40	\N	AVerMedia Technologies Inc. Slim mobile Express DVB-T (Fujitsu)	2.1	3767340	\N	\N	2013-06-15 14:49:59.928889	2013-06-15 14:49:59.928889
45	31	29	\N	OmniVision OV519 series	0.4	4138631	\N	\N	2013-06-15 14:49:59.951218	2013-06-15 14:49:59.951218
46	61	383	\N	ATI Technologies Inc R420 JH [Radeon X800]	1.2	6708168	\N	\N	2013-06-15 14:49:59.97968	2013-06-15 14:49:59.97968
47	57	160	\N	SHF Communication Technologies AG Ethernet Powerlink Managing Node 01	1.2	7452497	\N	\N	2013-06-15 14:50:00.001487	2013-06-15 14:50:00.001487
48	31	29	\N	OmniVision OV519 series	1.1	9327334	\N	\N	2013-06-15 14:50:00.0229	2013-06-15 14:50:00.0229
49	52	68	\N	ASCII Corporation Trance Vibrator	0.9	6465137	\N	\N	2013-06-15 14:50:00.060238	2013-06-15 14:50:00.060238
50	2	1	\N	Allied Telesis, Inc AT-2500TX V3 Ethernet	1.0	1790297	\N	\N	2013-06-15 14:50:00.081175	2013-06-15 14:50:00.081175
51	8	8	\N	Hauppauge computer works Inc. WinTV PVR-250 (v1)	2.5	2161753	\N	\N	2013-06-15 14:50:00.127895	2013-06-15 14:50:00.127895
52	47	50	\N	PixArt Imaging Inc. Philips Webcam SPC500NC	0.8	9774106	\N	\N	2013-06-15 14:50:00.139369	2013-06-15 14:50:00.139369
53	46	44	\N	First International Computer, Inc. VA-502 Mainboard	0.9	3864240	\N	\N	2013-06-15 14:50:00.151989	2013-06-15 14:50:00.151989
54	19	25	\N	SpeedStream 1012 PCMCIA 10/100 Ethernet Card [RTL81xx]	2.4	9163823	\N	\N	2013-06-15 14:50:00.166829	2013-06-15 14:50:00.166829
55	45	43	\N	AuthenTec [Anchor] AF-S2 FingerLoc Sensor Module	0.8	3160693	\N	\N	2013-06-15 14:50:00.192305	2013-06-15 14:50:00.192305
56	4	2	1	PEAK-System Technik GmbH PCAN-PCI CAN-Bus controller	2.2	8856470	\N	\N	2013-06-15 14:50:00.213552	2013-06-15 14:50:00.226389
57	61	282	262	ATI Technologies Inc RV350 AR [Radeon 9600]	0.6	3764200	\N	\N	2013-06-15 14:50:00.247443	2013-06-15 14:50:00.260578
58	19	25	\N	SpeedStream 1012 PCMCIA 10/100 Ethernet Card [RTL81xx]	1.3	2015138	\N	\N	2013-06-15 14:50:00.278753	2013-06-15 14:50:00.278753
59	48	53	\N	Arris CM 200E Cable Modem	2.3	6781070	\N	\N	2013-06-15 14:50:00.300032	2013-06-15 14:50:00.300032
60	4	2	2	PEAK-System Technik GmbH PCAN-PCI CAN-Bus controller	2.8	1649330	\N	\N	2013-06-15 14:50:00.32079	2013-06-15 14:50:00.333475
61	52	68	\N	ASCII Corporation Trance Vibrator	2.2	7595116	\N	\N	2013-06-15 14:50:00.346669	2013-06-15 14:50:00.346669
62	2	1	\N	Allied Telesis, Inc AT-2500TX V3 Ethernet	0.9	2075118	\N	\N	2013-06-15 14:50:00.368251	2013-06-15 14:50:00.368251
63	19	25	\N	SpeedStream 1012 PCMCIA 10/100 Ethernet Card [RTL81xx]	2.3	1410979	\N	\N	2013-06-15 14:50:00.391986	2013-06-15 14:50:00.391986
64	57	160	\N	SHF Communication Technologies AG Ethernet Powerlink Managing Node 01	0.4	6681551	\N	\N	2013-06-15 14:50:00.418508	2013-06-15 14:50:00.418508
65	39	42	\N	AVerMedia Technologies Inc. AVerTV DVB-T Volar (USB 2.0)	1.0	2089557	\N	\N	2013-06-15 14:50:00.443338	2013-06-15 14:50:00.443338
66	33	31	\N	Sigmatel Inc. SMTP3410	2.0	5429612	\N	\N	2013-06-15 14:50:00.466281	2013-06-15 14:50:00.466281
136	45	43	\N	AuthenTec [Anchor] AF-S2 FingerLoc Sensor Module	2.4	3361812	\N	\N	2013-06-15 14:50:02.224975	2013-06-15 14:50:02.224975
67	18	24	\N	Davicom Semiconductor, Inc. DM9102A(DM9102AE, SM9102AF) Ethernet 100/10 MBit(Rev 40)	0.2	1117969	\N	\N	2013-06-15 14:50:00.493139	2013-06-15 14:50:00.493139
68	16	23	\N	Compaq Computer Corporation HNE-300 (RealTek RTL8139c) [iPaq Networking]	2.9	4492219	\N	\N	2013-06-15 14:50:00.514423	2013-06-15 14:50:00.514423
69	19	25	\N	SpeedStream 1012 PCMCIA 10/100 Ethernet Card [RTL81xx]	1.8	8422737	\N	\N	2013-06-15 14:50:00.536058	2013-06-15 14:50:00.536058
70	34	33	\N	Dynalink IS64PH ISDN Adapter	2.9	7225478	\N	\N	2013-06-15 14:50:00.559689	2013-06-15 14:50:00.559689
71	32	30	\N	CyberDoor CBD516	2.1	2889031	\N	\N	2013-06-15 14:50:00.604576	2013-06-15 14:50:00.604576
72	31	29	\N	OmniVision OV519 series	0.1	4346511	\N	\N	2013-06-15 14:50:00.624138	2013-06-15 14:50:00.624138
73	47	45	\N	PixArt Imaging Inc. Innovage Mini Digital Camera	2.4	2657765	\N	\N	2013-06-15 14:50:00.65493	2013-06-15 14:50:00.65493
74	23	26	\N	TTTech AG TTP-Monitoring Card V2.0	2.9	4371327	\N	\N	2013-06-15 14:50:00.676834	2013-06-15 14:50:00.676834
75	54	77	\N	Compaq Computer Corporation NC6770 1000BaseTX	2.2	8050078	\N	\N	2013-06-15 14:50:00.702893	2013-06-15 14:50:00.702893
76	32	30	\N	CyberDoor CBD516	0.4	4367479	\N	\N	2013-06-15 14:50:00.727629	2013-06-15 14:50:00.727629
77	15	22	\N	LevelOne FPC-0106TX misprogrammed [RTL81xx]	1.9	6352290	\N	\N	2013-06-15 14:50:00.752419	2013-06-15 14:50:00.752419
78	2	1	\N	Allied Telesis, Inc AT-2500TX V3 Ethernet	1.3	7104250	\N	\N	2013-06-15 14:50:00.773491	2013-06-15 14:50:00.773491
79	52	68	\N	ASCII Corporation Trance Vibrator	1.4	4352017	\N	\N	2013-06-15 14:50:00.795715	2013-06-15 14:50:00.795715
80	54	129	\N	Compaq Computer Corporation NorthStar CPU to PCI Bridge	2.6	5002716	\N	\N	2013-06-15 14:50:00.823244	2013-06-15 14:50:00.823244
81	45	43	\N	AuthenTec [Anchor] AF-S2 FingerLoc Sensor Module	2.4	5460697	\N	\N	2013-06-15 14:50:00.849456	2013-06-15 14:50:00.849456
82	39	41	\N	AVerMedia Technologies Inc. AVerTV 301	1.6	2876591	\N	\N	2013-06-15 14:50:00.871186	2013-06-15 14:50:00.871186
83	59	177	68	LSI Logic / Symbios Logic 53c1030 PCI-X Fusion-MPT Dual Ultra320 SCSI	0.7	5418641	\N	\N	2013-06-15 14:50:00.897215	2013-06-15 14:50:00.91053
84	48	53	\N	Arris CM 200E Cable Modem	1.3	6477303	\N	\N	2013-06-15 14:50:00.92342	2013-06-15 14:50:00.92342
85	23	26	\N	TTTech AG TTP-Monitoring Card V2.0	1.1	4877479	\N	\N	2013-06-15 14:50:00.944825	2013-06-15 14:50:00.944825
86	37	37	\N	Ubiquiti Networks, Inc. XtremeRange5	2.5	6447212	\N	\N	2013-06-15 14:50:00.971058	2013-06-15 14:50:00.971058
87	45	43	\N	AuthenTec [Anchor] AF-S2 FingerLoc Sensor Module	0.0	9714003	\N	\N	2013-06-15 14:50:00.999396	2013-06-15 14:50:00.999396
88	45	43	\N	AuthenTec [Anchor] AF-S2 FingerLoc Sensor Module	2.5	3596818	\N	\N	2013-06-15 14:50:01.022579	2013-06-15 14:50:01.022579
89	19	25	\N	SpeedStream 1012 PCMCIA 10/100 Ethernet Card [RTL81xx]	0.5	6201211	\N	\N	2013-06-15 14:50:01.04707	2013-06-15 14:50:01.04707
90	39	42	\N	AVerMedia Technologies Inc. AVerTV DVB-T Volar (USB 2.0)	2.7	9357898	\N	\N	2013-06-15 14:50:01.094502	2013-06-15 14:50:01.094502
91	47	45	\N	PixArt Imaging Inc. Innovage Mini Digital Camera	2.0	3813057	\N	\N	2013-06-15 14:50:01.109811	2013-06-15 14:50:01.109811
92	2	1	\N	Allied Telesis, Inc AT-2500TX V3 Ethernet	1.4	9287439	\N	\N	2013-06-15 14:50:01.122919	2013-06-15 14:50:01.122919
93	31	29	\N	OmniVision OV519 series	1.1	4442792	\N	\N	2013-06-15 14:50:01.141401	2013-06-15 14:50:01.141401
94	57	160	\N	SHF Communication Technologies AG Ethernet Powerlink Managing Node 01	1.8	5664121	\N	\N	2013-06-15 14:50:01.164315	2013-06-15 14:50:01.164315
95	47	47	\N	PixArt Imaging Inc. Digital Photo Viewer	0.2	9856270	\N	\N	2013-06-15 14:50:01.186121	2013-06-15 14:50:01.186121
96	33	31	\N	Sigmatel Inc. SMTP3410	1.3	8808688	\N	\N	2013-06-15 14:50:01.212294	2013-06-15 14:50:01.212294
97	45	43	\N	AuthenTec [Anchor] AF-S2 FingerLoc Sensor Module	0.8	1171443	\N	\N	2013-06-15 14:50:01.233388	2013-06-15 14:50:01.233388
98	34	34	\N	Dynalink IS64PH ISDN Adapter	0.4	9326141	\N	\N	2013-06-15 14:50:01.255399	2013-06-15 14:50:01.255399
99	53	69	\N	TerraTec Electronic GmbH Cinergy T^2 DVB-T Receiver	0.7	3330894	\N	\N	2013-06-15 14:50:01.281464	2013-06-15 14:50:01.281464
100	18	24	\N	Davicom Semiconductor, Inc. DM9102A(DM9102AE, SM9102AF) Ethernet 100/10 MBit(Rev 40)	1.8	1214728	\N	\N	2013-06-15 14:50:01.306751	2013-06-15 14:50:01.306751
101	33	31	\N	Sigmatel Inc. SMTP3410	0.8	3949812	\N	\N	2013-06-15 14:50:01.332399	2013-06-15 14:50:01.332399
102	31	29	\N	OmniVision OV519 series	2.0	2691228	\N	\N	2013-06-15 14:50:01.353649	2013-06-15 14:50:01.353649
103	39	41	\N	AVerMedia Technologies Inc. AVerTV 301	0.1	6930530	\N	\N	2013-06-15 14:50:01.376016	2013-06-15 14:50:01.376016
104	54	140	\N	Compaq Computer Corporation NC3121 Fast Ethernet NIC	2.1	7843396	\N	\N	2013-06-15 14:50:01.40165	2013-06-15 14:50:01.40165
105	38	39	\N	Wired Inc. MediaPress (MPEG2 encoder board)	0.5	5818638	\N	\N	2013-06-15 14:50:01.425118	2013-06-15 14:50:01.425118
106	38	38	\N	Wired Inc. Butane II (MPEG2 encoder board)	2.1	1313688	\N	\N	2013-06-15 14:50:01.44818	2013-06-15 14:50:01.44818
107	31	29	\N	OmniVision OV519 series	0.9	9304810	\N	\N	2013-06-15 14:50:01.473109	2013-06-15 14:50:01.473109
108	19	25	\N	SpeedStream 1012 PCMCIA 10/100 Ethernet Card [RTL81xx]	0.3	7490652	\N	\N	2013-06-15 14:50:01.495272	2013-06-15 14:50:01.495272
109	33	31	\N	Sigmatel Inc. SMTP3410	0.1	3005847	\N	\N	2013-06-15 14:50:01.51734	2013-06-15 14:50:01.51734
110	37	37	\N	Ubiquiti Networks, Inc. XtremeRange5	1.7	2264085	\N	\N	2013-06-15 14:50:01.564749	2013-06-15 14:50:01.564749
111	60	256	\N	Kolter Electronic PCI-Counter/Timer Counter Timer board	1.3	5944180	\N	\N	2013-06-15 14:50:01.584945	2013-06-15 14:50:01.584945
112	37	37	\N	Ubiquiti Networks, Inc. XtremeRange5	2.8	5312673	\N	\N	2013-06-15 14:50:01.60985	2013-06-15 14:50:01.60985
113	2	1	\N	Allied Telesis, Inc AT-2500TX V3 Ethernet	2.3	9063443	\N	\N	2013-06-15 14:50:01.630382	2013-06-15 14:50:01.630382
114	61	277	\N	ATI Technologies Inc R350 AI [Radeon 9800]	2.0	4981838	\N	\N	2013-06-15 14:50:01.661552	2013-06-15 14:50:01.661552
115	2	1	\N	Allied Telesis, Inc AT-2500TX V3 Ethernet	0.7	9667086	\N	\N	2013-06-15 14:50:01.692993	2013-06-15 14:50:01.692993
116	53	69	\N	TerraTec Electronic GmbH Cinergy T^2 DVB-T Receiver	0.7	2488632	\N	\N	2013-06-15 14:50:01.714223	2013-06-15 14:50:01.714223
117	50	57	\N	Rhino Equipment Corp. Rhino R4T1	0.5	1626025	\N	\N	2013-06-15 14:50:01.73574	2013-06-15 14:50:01.73574
118	61	414	501	ATI Technologies Inc 3D Rage LT Pro	2.0	5416497	\N	\N	2013-06-15 14:50:01.766963	2013-06-15 14:50:01.779478
119	2	1	\N	Allied Telesis, Inc AT-2500TX V3 Ethernet	0.4	7214683	\N	\N	2013-06-15 14:50:01.793875	2013-06-15 14:50:01.793875
120	47	47	\N	PixArt Imaging Inc. Digital Photo Viewer	0.3	3264058	\N	\N	2013-06-15 14:50:01.817165	2013-06-15 14:50:01.817165
121	15	22	\N	LevelOne FPC-0106TX misprogrammed [RTL81xx]	2.2	7688914	\N	\N	2013-06-15 14:50:01.837601	2013-06-15 14:50:01.837601
122	28	28	\N	IBM Corp. Remote System Administration device [RSA2]	0.4	1967017	\N	\N	2013-06-15 14:50:01.861774	2013-06-15 14:50:01.861774
123	50	67	\N	Rhino Equipment Corp. RCB672FXX 672-channel modular analog telphony card	0.8	4953580	\N	\N	2013-06-15 14:50:01.884646	2013-06-15 14:50:01.884646
124	39	42	\N	AVerMedia Technologies Inc. AVerTV DVB-T Volar (USB 2.0)	0.4	7256207	\N	\N	2013-06-15 14:50:01.905702	2013-06-15 14:50:01.905702
125	57	160	\N	SHF Communication Technologies AG Ethernet Powerlink Managing Node 01	0.2	9747997	\N	\N	2013-06-15 14:50:01.928619	2013-06-15 14:50:01.928619
126	2	1	\N	Allied Telesis, Inc AT-2500TX V3 Ethernet	2.9	9993242	\N	\N	2013-06-15 14:50:01.952338	2013-06-15 14:50:01.952338
127	39	41	\N	AVerMedia Technologies Inc. AVerTV 301	2.0	4423424	\N	\N	2013-06-15 14:50:01.974367	2013-06-15 14:50:01.974367
128	4	2	1	PEAK-System Technik GmbH PCAN-PCI CAN-Bus controller	1.5	7447180	\N	\N	2013-06-15 14:50:01.999825	2013-06-15 14:50:02.011859
129	23	26	\N	TTTech AG TTP-Monitoring Card V2.0	0.2	7472769	\N	\N	2013-06-15 14:50:02.05427	2013-06-15 14:50:02.05427
130	61	320	310	ATI Technologies Inc IXP SB400 USB Host Controller	2.5	8709091	\N	\N	2013-06-15 14:50:02.080923	2013-06-15 14:50:02.092556
131	34	35	\N	Dynalink ISDN Adapter (PCI Bus, DV, W)	1.5	4867922	\N	\N	2013-06-15 14:50:02.111354	2013-06-15 14:50:02.111354
132	52	68	\N	ASCII Corporation Trance Vibrator	2.0	4820906	\N	\N	2013-06-15 14:50:02.134158	2013-06-15 14:50:02.134158
133	53	69	\N	TerraTec Electronic GmbH Cinergy T^2 DVB-T Receiver	1.7	7299597	\N	\N	2013-06-15 14:50:02.155141	2013-06-15 14:50:02.155141
134	8	16	\N	Hauppauge computer works Inc. WinTV PVR-150	1.6	8070364	\N	\N	2013-06-15 14:50:02.176692	2013-06-15 14:50:02.176692
135	37	37	\N	Ubiquiti Networks, Inc. XtremeRange5	0.4	9207361	\N	\N	2013-06-15 14:50:02.197975	2013-06-15 14:50:02.197975
137	61	325	326	ATI Technologies Inc IXP SB400 Serial ATA Controller	1.4	1066015	\N	\N	2013-06-15 14:50:02.258348	2013-06-15 14:50:02.271525
138	53	69	\N	TerraTec Electronic GmbH Cinergy T^2 DVB-T Receiver	1.8	7515707	\N	\N	2013-06-15 14:50:02.290863	2013-06-15 14:50:02.290863
139	37	37	\N	Ubiquiti Networks, Inc. XtremeRange5	1.3	6589897	\N	\N	2013-06-15 14:50:02.312656	2013-06-15 14:50:02.312656
140	57	160	\N	SHF Communication Technologies AG Ethernet Powerlink Managing Node 01	0.2	4222834	\N	\N	2013-06-15 14:50:02.336395	2013-06-15 14:50:02.336395
141	50	55	\N	Rhino Equipment Corp. Rhino R4FXO	2.6	1527916	\N	\N	2013-06-15 14:50:02.35935	2013-06-15 14:50:02.35935
142	60	260	\N	Kolter Electronic INI-9100/9100W SCSI Host	1.0	3929268	\N	\N	2013-06-15 14:50:02.387267	2013-06-15 14:50:02.387267
143	28	28	\N	IBM Corp. Remote System Administration device [RSA2]	1.0	4073957	\N	\N	2013-06-15 14:50:02.409665	2013-06-15 14:50:02.409665
144	2	1	\N	Allied Telesis, Inc AT-2500TX V3 Ethernet	2.8	6703895	\N	\N	2013-06-15 14:50:02.434195	2013-06-15 14:50:02.434195
145	59	198	\N	LSI Logic / Symbios Logic SAS2116 PCI-Express Fusion-MPT SAS-2 [Meteor]	2.6	5601576	\N	\N	2013-06-15 14:50:02.459838	2013-06-15 14:50:02.459838
146	8	5	\N	Hauppauge computer works Inc. WinTV PVR-150	0.8	4427556	\N	\N	2013-06-15 14:50:02.485924	2013-06-15 14:50:02.485924
147	26	27	\N	SCM Microsystems, Inc. Pluto2 DVB-T Receiver for PCMCIA [EasyWatch MobilSet]	1.9	9441294	\N	\N	2013-06-15 14:50:02.507953	2013-06-15 14:50:02.507953
148	31	29	\N	OmniVision OV519 series	2.6	4767125	\N	\N	2013-06-15 14:50:02.55341	2013-06-15 14:50:02.55341
149	37	37	\N	Ubiquiti Networks, Inc. XtremeRange5	1.1	3607763	\N	\N	2013-06-15 14:50:02.569681	2013-06-15 14:50:02.569681
150	28	28	\N	IBM Corp. Remote System Administration device [RSA2]	2.7	7191811	\N	\N	2013-06-15 14:50:02.590273	2013-06-15 14:50:02.590273
151	2	1	\N	Allied Telesis, Inc AT-2500TX V3 Ethernet	1.6	5078048	\N	\N	2013-06-15 14:50:02.617645	2013-06-15 14:50:02.617645
152	19	25	\N	SpeedStream 1012 PCMCIA 10/100 Ethernet Card [RTL81xx]	1.0	5351182	\N	\N	2013-06-15 14:50:02.639095	2013-06-15 14:50:02.639095
153	47	46	\N	PixArt Imaging Inc. SDC-300 Webcam	2.3	2402306	\N	\N	2013-06-15 14:50:02.660456	2013-06-15 14:50:02.660456
154	57	160	\N	SHF Communication Technologies AG Ethernet Powerlink Managing Node 01	1.5	3706244	\N	\N	2013-06-15 14:50:02.684457	2013-06-15 14:50:02.684457
155	54	120	\N	Compaq Computer Corporation System Management Controller	2.9	9115890	\N	\N	2013-06-15 14:50:02.710006	2013-06-15 14:50:02.710006
156	32	30	\N	CyberDoor CBD516	1.0	9893928	\N	\N	2013-06-15 14:50:02.731912	2013-06-15 14:50:02.731912
157	32	30	\N	CyberDoor CBD516	2.5	4949128	\N	\N	2013-06-15 14:50:02.75304	2013-06-15 14:50:02.75304
158	53	69	\N	TerraTec Electronic GmbH Cinergy T^2 DVB-T Receiver	2.0	3471458	\N	\N	2013-06-15 14:50:02.774919	2013-06-15 14:50:02.774919
159	19	25	\N	SpeedStream 1012 PCMCIA 10/100 Ethernet Card [RTL81xx]	0.8	8930147	\N	\N	2013-06-15 14:50:02.801165	2013-06-15 14:50:02.801165
160	34	33	\N	Dynalink IS64PH ISDN Adapter	1.6	8173753	\N	\N	2013-06-15 14:50:02.822043	2013-06-15 14:50:02.822043
161	45	43	\N	AuthenTec [Anchor] AF-S2 FingerLoc Sensor Module	0.4	3572647	\N	\N	2013-06-15 14:50:02.844582	2013-06-15 14:50:02.844582
162	4	2	2	PEAK-System Technik GmbH PCAN-PCI CAN-Bus controller	1.3	5260089	\N	\N	2013-06-15 14:50:02.866122	2013-06-15 14:50:02.877817
163	28	28	\N	IBM Corp. Remote System Administration device [RSA2]	0.6	2360870	\N	\N	2013-06-15 14:50:02.895311	2013-06-15 14:50:02.895311
164	39	41	\N	AVerMedia Technologies Inc. AVerTV 301	0.7	4544770	\N	\N	2013-06-15 14:50:02.917084	2013-06-15 14:50:02.917084
166	10	21	\N	Silicon Image, Inc. (Wrong ID) Ultra ATA/133 IDE RAID CONTROLLER CARD	2.5	8706309	\N	\N	2013-06-15 14:50:02.96286	2013-06-15 14:50:02.96286
167	54	94	\N	Compaq Computer Corporation Integrated Array	1.0	3355924	\N	\N	2013-06-15 14:50:02.988133	2013-06-15 14:50:02.988133
168	61	377	468	ATI Technologies Inc 3D Rage IIC AGP	2.0	4808028	\N	\N	2013-06-15 14:50:03.04002	2013-06-15 14:50:03.052057
169	28	28	\N	IBM Corp. Remote System Administration device [RSA2]	0.6	1307178	\N	\N	2013-06-15 14:50:03.067663	2013-06-15 14:50:03.067663
170	39	40	\N	AVerMedia Technologies Inc. Slim mobile Express DVB-T (Fujitsu)	1.4	8283882	\N	\N	2013-06-15 14:50:03.086241	2013-06-15 14:50:03.086241
171	34	34	\N	Dynalink IS64PH ISDN Adapter	2.3	3193120	\N	\N	2013-06-15 14:50:03.110423	2013-06-15 14:50:03.110423
172	60	259	\N	Kolter Electronic PROTO-3 PCI Prototyping board	2.6	4947815	\N	\N	2013-06-15 14:50:03.132044	2013-06-15 14:50:03.132044
173	45	43	\N	AuthenTec [Anchor] AF-S2 FingerLoc Sensor Module	0.5	7809767	\N	\N	2013-06-15 14:50:03.1532	2013-06-15 14:50:03.1532
174	59	165	\N	LSI Logic / Symbios Logic 53c810AP	2.8	9826284	\N	\N	2013-06-15 14:50:03.179851	2013-06-15 14:50:03.179851
175	59	248	\N	LSI Logic / Symbios Logic 61C102	1.6	7582725	\N	\N	2013-06-15 14:50:03.207794	2013-06-15 14:50:03.207794
176	19	25	\N	SpeedStream 1012 PCMCIA 10/100 Ethernet Card [RTL81xx]	2.5	2525601	\N	\N	2013-06-15 14:50:03.238591	2013-06-15 14:50:03.238591
177	28	28	\N	IBM Corp. Remote System Administration device [RSA2]	2.5	6737083	\N	\N	2013-06-15 14:50:03.260931	2013-06-15 14:50:03.260931
178	37	37	\N	Ubiquiti Networks, Inc. XtremeRange5	1.6	7639803	\N	\N	2013-06-15 14:50:03.28662	2013-06-15 14:50:03.28662
179	54	155	\N	Compaq Computer Corporation Integrated Lights Out Controller	0.4	4924475	\N	\N	2013-06-15 14:50:03.312339	2013-06-15 14:50:03.312339
180	52	68	\N	ASCII Corporation Trance Vibrator	1.3	5289267	\N	\N	2013-06-15 14:50:03.333986	2013-06-15 14:50:03.333986
181	26	27	\N	SCM Microsystems, Inc. Pluto2 DVB-T Receiver for PCMCIA [EasyWatch MobilSet]	1.3	2184041	\N	\N	2013-06-15 14:50:03.357398	2013-06-15 14:50:03.357398
182	54	158	\N	Compaq Computer Corporation NetFlex-3/P ThunderLAN 1.0	2.7	3630515	\N	\N	2013-06-15 14:50:03.379339	2013-06-15 14:50:03.379339
183	15	22	\N	LevelOne FPC-0106TX misprogrammed [RTL81xx]	1.5	3510924	\N	\N	2013-06-15 14:50:03.391986	2013-06-15 14:50:03.391986
184	15	22	\N	LevelOne FPC-0106TX misprogrammed [RTL81xx]	1.6	7507930	\N	\N	2013-06-15 14:50:03.403582	2013-06-15 14:50:03.403582
185	31	29	\N	OmniVision OV519 series	0.6	5356817	\N	\N	2013-06-15 14:50:03.420276	2013-06-15 14:50:03.420276
186	37	37	\N	Ubiquiti Networks, Inc. XtremeRange5	0.9	5481822	\N	\N	2013-06-15 14:50:03.441924	2013-06-15 14:50:03.441924
187	60	253	\N	Kolter Electronic OPTO-PCI Opto-Isolated digital I/O board	1.2	4164243	\N	\N	2013-06-15 14:50:03.491419	2013-06-15 14:50:03.491419
188	54	73	\N	Compaq Computer Corporation NC7132 Gigabit Upgrade Module	0.6	9858145	\N	\N	2013-06-15 14:50:03.513781	2013-06-15 14:50:03.513781
189	59	187	87	LSI Logic / Symbios Logic M1064E MegaRAID SAS	1.8	8522635	\N	\N	2013-06-15 14:50:03.537712	2013-06-15 14:50:03.550559
190	45	43	\N	AuthenTec [Anchor] AF-S2 FingerLoc Sensor Module	2.9	4713863	\N	\N	2013-06-15 14:50:03.563794	2013-06-15 14:50:03.563794
191	53	69	\N	TerraTec Electronic GmbH Cinergy T^2 DVB-T Receiver	1.7	8063766	\N	\N	2013-06-15 14:50:03.587019	2013-06-15 14:50:03.587019
192	47	45	\N	PixArt Imaging Inc. Innovage Mini Digital Camera	1.2	2800257	\N	\N	2013-06-15 14:50:03.608918	2013-06-15 14:50:03.608918
193	19	25	\N	SpeedStream 1012 PCMCIA 10/100 Ethernet Card [RTL81xx]	2.9	4155931	\N	\N	2013-06-15 14:50:03.630333	2013-06-15 14:50:03.630333
194	23	26	\N	TTTech AG TTP-Monitoring Card V2.0	0.5	5952599	\N	\N	2013-06-15 14:50:03.6528	2013-06-15 14:50:03.6528
195	38	39	\N	Wired Inc. MediaPress (MPEG2 encoder board)	1.6	4689905	\N	\N	2013-06-15 14:50:03.6761	2013-06-15 14:50:03.6761
196	34	33	\N	Dynalink IS64PH ISDN Adapter	2.3	8619030	\N	\N	2013-06-15 14:50:03.698209	2013-06-15 14:50:03.698209
197	33	31	\N	Sigmatel Inc. SMTP3410	1.7	8148518	\N	\N	2013-06-15 14:50:03.719511	2013-06-15 14:50:03.719511
198	16	23	\N	Compaq Computer Corporation HNE-300 (RealTek RTL8139c) [iPaq Networking]	0.1	3569790	\N	\N	2013-06-15 14:50:03.74229	2013-06-15 14:50:03.74229
199	53	69	\N	TerraTec Electronic GmbH Cinergy T^2 DVB-T Receiver	1.0	9075195	\N	\N	2013-06-15 14:50:03.763568	2013-06-15 14:50:03.763568
200	57	160	\N	SHF Communication Technologies AG Ethernet Powerlink Managing Node 01	0.4	7066380	\N	\N	2013-06-15 14:50:03.790863	2013-06-15 14:50:03.790863
201	57	160	\N	SHF Communication Technologies AG Ethernet Powerlink Managing Node 01	0.4	8015212	\N	\N	2013-06-15 14:50:03.812379	2013-06-15 14:50:03.812379
202	60	254	\N	Kolter Electronic PCI-AD/DA Analogue I/O board	0.2	4898753	\N	\N	2013-06-15 14:50:03.835892	2013-06-15 14:50:03.835892
335	31	29	\N	OmniVision OV519 series	0.6	3601547	\N	\N	2013-06-15 14:50:07.153698	2013-06-15 14:50:07.153698
203	16	23	\N	Compaq Computer Corporation HNE-300 (RealTek RTL8139c) [iPaq Networking]	0.6	1423931	\N	\N	2013-06-15 14:50:03.857354	2013-06-15 14:50:03.857354
204	57	160	\N	SHF Communication Technologies AG Ethernet Powerlink Managing Node 01	0.6	6429262	\N	\N	2013-06-15 14:50:03.882421	2013-06-15 14:50:03.882421
205	37	37	\N	Ubiquiti Networks, Inc. XtremeRange5	1.9	2255685	\N	\N	2013-06-15 14:50:03.9072	2013-06-15 14:50:03.9072
206	61	278	\N	ATI Technologies Inc R350 AJ [Radeon 9800]	0.7	8632436	\N	\N	2013-06-15 14:50:03.937162	2013-06-15 14:50:03.937162
207	4	2	2	PEAK-System Technik GmbH PCAN-PCI CAN-Bus controller	2.1	1707352	\N	\N	2013-06-15 14:50:03.996749	2013-06-15 14:50:04.009778
208	48	53	\N	Arris CM 200E Cable Modem	0.2	5987289	\N	\N	2013-06-15 14:50:04.026611	2013-06-15 14:50:04.026611
209	16	23	\N	Compaq Computer Corporation HNE-300 (RealTek RTL8139c) [iPaq Networking]	1.2	3898200	\N	\N	2013-06-15 14:50:04.048876	2013-06-15 14:50:04.048876
210	59	167	22	LSI Logic / Symbios Logic 53c1510	0.9	9481908	\N	\N	2013-06-15 14:50:04.084156	2013-06-15 14:50:04.096749
211	60	257	\N	Kolter Electronic PCI-DAC416 Analogue output board	2.9	2906676	\N	\N	2013-06-15 14:50:04.1102	2013-06-15 14:50:04.1102
212	32	30	\N	CyberDoor CBD516	2.6	2667396	\N	\N	2013-06-15 14:50:04.131873	2013-06-15 14:50:04.131873
213	33	31	\N	Sigmatel Inc. SMTP3410	0.9	6350362	\N	\N	2013-06-15 14:50:04.155106	2013-06-15 14:50:04.155106
214	10	21	\N	Silicon Image, Inc. (Wrong ID) Ultra ATA/133 IDE RAID CONTROLLER CARD	1.4	5815658	\N	\N	2013-06-15 14:50:04.178491	2013-06-15 14:50:04.178491
215	53	69	\N	TerraTec Electronic GmbH Cinergy T^2 DVB-T Receiver	0.1	1407424	\N	\N	2013-06-15 14:50:04.200049	2013-06-15 14:50:04.200049
216	61	372	\N	ATI Technologies Inc 3D Rage II+ 215GTB [Mach64 GTB]	2.2	8390286	\N	\N	2013-06-15 14:50:04.23189	2013-06-15 14:50:04.23189
217	31	29	\N	OmniVision OV519 series	0.2	1326719	\N	\N	2013-06-15 14:50:04.255582	2013-06-15 14:50:04.255582
218	31	29	\N	OmniVision OV519 series	1.1	5094674	\N	\N	2013-06-15 14:50:04.28211	2013-06-15 14:50:04.28211
219	61	366	435	ATI Technologies Inc Rage XL	0.6	9040721	\N	\N	2013-06-15 14:50:04.311781	2013-06-15 14:50:04.324898
220	10	21	\N	Silicon Image, Inc. (Wrong ID) Ultra ATA/133 IDE RAID CONTROLLER CARD	2.1	1472128	\N	\N	2013-06-15 14:50:04.337559	2013-06-15 14:50:04.337559
221	18	24	\N	Davicom Semiconductor, Inc. DM9102A(DM9102AE, SM9102AF) Ethernet 100/10 MBit(Rev 40)	1.2	8606972	\N	\N	2013-06-15 14:50:04.358902	2013-06-15 14:50:04.358902
222	23	26	\N	TTTech AG TTP-Monitoring Card V2.0	1.2	6928003	\N	\N	2013-06-15 14:50:04.377994	2013-06-15 14:50:04.377994
223	23	26	\N	TTTech AG TTP-Monitoring Card V2.0	2.3	7972445	\N	\N	2013-06-15 14:50:04.38944	2013-06-15 14:50:04.38944
224	46	44	\N	First International Computer, Inc. VA-502 Mainboard	1.2	5585780	\N	\N	2013-06-15 14:50:04.402597	2013-06-15 14:50:04.402597
225	52	68	\N	ASCII Corporation Trance Vibrator	2.0	2700239	\N	\N	2013-06-15 14:50:04.418257	2013-06-15 14:50:04.418257
226	60	259	\N	Kolter Electronic PROTO-3 PCI Prototyping board	2.1	7457284	\N	\N	2013-06-15 14:50:04.45543	2013-06-15 14:50:04.45543
227	4	2	2	PEAK-System Technik GmbH PCAN-PCI CAN-Bus controller	1.9	8071691	\N	\N	2013-06-15 14:50:04.473593	2013-06-15 14:50:04.486101
228	18	24	\N	Davicom Semiconductor, Inc. DM9102A(DM9102AE, SM9102AF) Ethernet 100/10 MBit(Rev 40)	1.3	5474162	\N	\N	2013-06-15 14:50:04.502756	2013-06-15 14:50:04.502756
229	53	69	\N	TerraTec Electronic GmbH Cinergy T^2 DVB-T Receiver	1.3	4782229	\N	\N	2013-06-15 14:50:04.52393	2013-06-15 14:50:04.52393
230	59	205	\N	LSI Logic / Symbios Logic SAS2108 PCI-Express Fusion-MPT SAS-2 [Liberator]	2.0	3979472	\N	\N	2013-06-15 14:50:04.550472	2013-06-15 14:50:04.550472
231	16	23	\N	Compaq Computer Corporation HNE-300 (RealTek RTL8139c) [iPaq Networking]	1.0	4833979	\N	\N	2013-06-15 14:50:04.572604	2013-06-15 14:50:04.572604
232	45	43	\N	AuthenTec [Anchor] AF-S2 FingerLoc Sensor Module	2.5	1657875	\N	\N	2013-06-15 14:50:04.595746	2013-06-15 14:50:04.595746
233	59	196	131	LSI Logic / Symbios Logic SAS1078 PCI-Express Fusion-MPT SAS	2.4	4571141	\N	\N	2013-06-15 14:50:04.621874	2013-06-15 14:50:04.635441
234	60	256	\N	Kolter Electronic PCI-Counter/Timer Counter Timer board	0.3	3219757	\N	\N	2013-06-15 14:50:04.65022	2013-06-15 14:50:04.65022
235	60	253	\N	Kolter Electronic OPTO-PCI Opto-Isolated digital I/O board	1.6	3275597	\N	\N	2013-06-15 14:50:04.672426	2013-06-15 14:50:04.672426
236	26	27	\N	SCM Microsystems, Inc. Pluto2 DVB-T Receiver for PCMCIA [EasyWatch MobilSet]	0.7	4978778	\N	\N	2013-06-15 14:50:04.693783	2013-06-15 14:50:04.693783
237	34	35	\N	Dynalink ISDN Adapter (PCI Bus, DV, W)	0.4	4093312	\N	\N	2013-06-15 14:50:04.714572	2013-06-15 14:50:04.714572
238	2	1	\N	Allied Telesis, Inc AT-2500TX V3 Ethernet	1.2	7349777	\N	\N	2013-06-15 14:50:04.73898	2013-06-15 14:50:04.73898
239	18	24	\N	Davicom Semiconductor, Inc. DM9102A(DM9102AE, SM9102AF) Ethernet 100/10 MBit(Rev 40)	1.3	2804750	\N	\N	2013-06-15 14:50:04.761895	2013-06-15 14:50:04.761895
240	46	44	\N	First International Computer, Inc. VA-502 Mainboard	2.4	3324043	\N	\N	2013-06-15 14:50:04.787984	2013-06-15 14:50:04.787984
241	53	69	\N	TerraTec Electronic GmbH Cinergy T^2 DVB-T Receiver	2.4	1008882	\N	\N	2013-06-15 14:50:04.810856	2013-06-15 14:50:04.810856
242	46	44	\N	First International Computer, Inc. VA-502 Mainboard	2.1	8410566	\N	\N	2013-06-15 14:50:04.832477	2013-06-15 14:50:04.832477
243	18	24	\N	Davicom Semiconductor, Inc. DM9102A(DM9102AE, SM9102AF) Ethernet 100/10 MBit(Rev 40)	2.7	8505983	\N	\N	2013-06-15 14:50:04.854054	2013-06-15 14:50:04.854054
244	15	22	\N	LevelOne FPC-0106TX misprogrammed [RTL81xx]	0.1	9392008	\N	\N	2013-06-15 14:50:04.874905	2013-06-15 14:50:04.874905
245	52	68	\N	ASCII Corporation Trance Vibrator	1.8	3234211	\N	\N	2013-06-15 14:50:04.897226	2013-06-15 14:50:04.897226
246	50	62	\N	Rhino Equipment Corp. Rhino R2T1	0.1	3444469	\N	\N	2013-06-15 14:50:04.942706	2013-06-15 14:50:04.942706
247	38	39	\N	Wired Inc. MediaPress (MPEG2 encoder board)	0.0	8972544	\N	\N	2013-06-15 14:50:04.961404	2013-06-15 14:50:04.961404
248	47	52	\N	PixArt Imaging Inc. C3 Tech Mod. 153	0.3	5970817	\N	\N	2013-06-15 14:50:04.982582	2013-06-15 14:50:04.982582
249	15	22	\N	LevelOne FPC-0106TX misprogrammed [RTL81xx]	0.0	1512456	\N	\N	2013-06-15 14:50:05.004296	2013-06-15 14:50:05.004296
250	2	1	\N	Allied Telesis, Inc AT-2500TX V3 Ethernet	1.8	4557350	\N	\N	2013-06-15 14:50:05.029164	2013-06-15 14:50:05.029164
251	57	160	\N	SHF Communication Technologies AG Ethernet Powerlink Managing Node 01	1.8	8972901	\N	\N	2013-06-15 14:50:05.050053	2013-06-15 14:50:05.050053
252	26	27	\N	SCM Microsystems, Inc. Pluto2 DVB-T Receiver for PCMCIA [EasyWatch MobilSet]	0.9	7777954	\N	\N	2013-06-15 14:50:05.073175	2013-06-15 14:50:05.073175
253	53	69	\N	TerraTec Electronic GmbH Cinergy T^2 DVB-T Receiver	0.5	4478018	\N	\N	2013-06-15 14:50:05.097659	2013-06-15 14:50:05.097659
254	57	160	\N	SHF Communication Technologies AG Ethernet Powerlink Managing Node 01	1.8	3854753	\N	\N	2013-06-15 14:50:05.119584	2013-06-15 14:50:05.119584
255	47	46	\N	PixArt Imaging Inc. SDC-300 Webcam	1.0	8609255	\N	\N	2013-06-15 14:50:05.143984	2013-06-15 14:50:05.143984
256	10	21	\N	Silicon Image, Inc. (Wrong ID) Ultra ATA/133 IDE RAID CONTROLLER CARD	0.5	9920105	\N	\N	2013-06-15 14:50:05.165845	2013-06-15 14:50:05.165845
257	53	69	\N	TerraTec Electronic GmbH Cinergy T^2 DVB-T Receiver	2.9	5969226	\N	\N	2013-06-15 14:50:05.189166	2013-06-15 14:50:05.189166
258	50	62	\N	Rhino Equipment Corp. Rhino R2T1	1.1	4669447	\N	\N	2013-06-15 14:50:05.211643	2013-06-15 14:50:05.211643
259	19	25	\N	SpeedStream 1012 PCMCIA 10/100 Ethernet Card [RTL81xx]	1.9	4531299	\N	\N	2013-06-15 14:50:05.234917	2013-06-15 14:50:05.234917
260	23	26	\N	TTTech AG TTP-Monitoring Card V2.0	2.9	8575464	\N	\N	2013-06-15 14:50:05.260473	2013-06-15 14:50:05.260473
261	34	35	\N	Dynalink ISDN Adapter (PCI Bus, DV, W)	1.6	3312856	\N	\N	2013-06-15 14:50:05.281744	2013-06-15 14:50:05.281744
262	61	419	508	ATI Technologies Inc Radeon Mobility M7 LW [Radeon Mobility 7500]	2.6	8137061	\N	\N	2013-06-15 14:50:05.312184	2013-06-15 14:50:05.324799
263	2	1	\N	Allied Telesis, Inc AT-2500TX V3 Ethernet	2.0	2504538	\N	\N	2013-06-15 14:50:05.337664	2013-06-15 14:50:05.337664
264	34	35	\N	Dynalink ISDN Adapter (PCI Bus, DV, W)	2.8	9893208	\N	\N	2013-06-15 14:50:05.360563	2013-06-15 14:50:05.360563
265	59	182	\N	LSI Logic / Symbios Logic 53C1035ZC PCI-X Fusion-MPT Dual Ultra320 SCSI	0.7	6847172	\N	\N	2013-06-15 14:50:05.40999	2013-06-15 14:50:05.40999
266	38	39	\N	Wired Inc. MediaPress (MPEG2 encoder board)	0.6	3930249	\N	\N	2013-06-15 14:50:05.429864	2013-06-15 14:50:05.429864
267	15	22	\N	LevelOne FPC-0106TX misprogrammed [RTL81xx]	0.2	1974739	\N	\N	2013-06-15 14:50:05.451624	2013-06-15 14:50:05.451624
268	4	2	1	PEAK-System Technik GmbH PCAN-PCI CAN-Bus controller	2.8	6884579	\N	\N	2013-06-15 14:50:05.477278	2013-06-15 14:50:05.489963
269	15	22	\N	LevelOne FPC-0106TX misprogrammed [RTL81xx]	1.5	7309748	\N	\N	2013-06-15 14:50:05.503468	2013-06-15 14:50:05.503468
270	37	37	\N	Ubiquiti Networks, Inc. XtremeRange5	2.1	1943521	\N	\N	2013-06-15 14:50:05.524984	2013-06-15 14:50:05.524984
271	53	69	\N	TerraTec Electronic GmbH Cinergy T^2 DVB-T Receiver	2.2	7393381	\N	\N	2013-06-15 14:50:05.545881	2013-06-15 14:50:05.545881
272	2	1	\N	Allied Telesis, Inc AT-2500TX V3 Ethernet	2.8	1129475	\N	\N	2013-06-15 14:50:05.567559	2013-06-15 14:50:05.567559
273	15	22	\N	LevelOne FPC-0106TX misprogrammed [RTL81xx]	2.2	6340248	\N	\N	2013-06-15 14:50:05.588832	2013-06-15 14:50:05.588832
274	18	24	\N	Davicom Semiconductor, Inc. DM9102A(DM9102AE, SM9102AF) Ethernet 100/10 MBit(Rev 40)	2.0	8849499	\N	\N	2013-06-15 14:50:05.610476	2013-06-15 14:50:05.610476
275	48	53	\N	Arris CM 200E Cable Modem	1.2	5241734	\N	\N	2013-06-15 14:50:05.631745	2013-06-15 14:50:05.631745
276	45	43	\N	AuthenTec [Anchor] AF-S2 FingerLoc Sensor Module	0.6	5797657	\N	\N	2013-06-15 14:50:05.653092	2013-06-15 14:50:05.653092
277	4	2	1	PEAK-System Technik GmbH PCAN-PCI CAN-Bus controller	1.9	7988767	\N	\N	2013-06-15 14:50:05.676634	2013-06-15 14:50:05.68962
278	54	144	\N	Compaq Computer Corporation NC6133 Gigabit Module	1.2	4096001	\N	\N	2013-06-15 14:50:05.709881	2013-06-15 14:50:05.709881
279	57	160	\N	SHF Communication Technologies AG Ethernet Powerlink Managing Node 01	0.4	9390953	\N	\N	2013-06-15 14:50:05.736215	2013-06-15 14:50:05.736215
280	50	57	\N	Rhino Equipment Corp. Rhino R4T1	1.4	2722397	\N	\N	2013-06-15 14:50:05.75881	2013-06-15 14:50:05.75881
281	59	170	\N	LSI Logic / Symbios Logic 53c885	1.7	6985403	\N	\N	2013-06-15 14:50:05.786585	2013-06-15 14:50:05.786585
282	15	22	\N	LevelOne FPC-0106TX misprogrammed [RTL81xx]	1.3	7878552	\N	\N	2013-06-15 14:50:05.80834	2013-06-15 14:50:05.80834
283	10	21	\N	Silicon Image, Inc. (Wrong ID) Ultra ATA/133 IDE RAID CONTROLLER CARD	0.7	9642408	\N	\N	2013-06-15 14:50:05.83183	2013-06-15 14:50:05.83183
284	18	24	\N	Davicom Semiconductor, Inc. DM9102A(DM9102AE, SM9102AF) Ethernet 100/10 MBit(Rev 40)	0.2	2214591	\N	\N	2013-06-15 14:50:05.857411	2013-06-15 14:50:05.857411
285	50	54	\N	Rhino Equipment Corp. Rhino R1T1	0.9	2956723	\N	\N	2013-06-15 14:50:05.906357	2013-06-15 14:50:05.906357
286	23	26	\N	TTTech AG TTP-Monitoring Card V2.0	1.3	7140549	\N	\N	2013-06-15 14:50:05.928181	2013-06-15 14:50:05.928181
287	54	135	\N	Compaq Computer Corporation Netelligent 10/100 TX UTP	1.7	3588095	\N	\N	2013-06-15 14:50:05.954637	2013-06-15 14:50:05.954637
288	46	44	\N	First International Computer, Inc. VA-502 Mainboard	1.3	8306165	\N	\N	2013-06-15 14:50:05.976848	2013-06-15 14:50:05.976848
289	19	25	\N	SpeedStream 1012 PCMCIA 10/100 Ethernet Card [RTL81xx]	2.3	3316897	\N	\N	2013-06-15 14:50:05.998301	2013-06-15 14:50:05.998301
290	8	5	\N	Hauppauge computer works Inc. WinTV PVR-150	2.5	6822223	\N	\N	2013-06-15 14:50:06.020881	2013-06-15 14:50:06.020881
291	59	188	92	LSI Logic / Symbios Logic SAS1068E PCI-Express Fusion-MPT SAS	1.1	4937751	\N	\N	2013-06-15 14:50:06.047062	2013-06-15 14:50:06.060103
292	57	160	\N	SHF Communication Technologies AG Ethernet Powerlink Managing Node 01	0.1	2384206	\N	\N	2013-06-15 14:50:06.073173	2013-06-15 14:50:06.073173
293	32	30	\N	CyberDoor CBD516	2.2	4052615	\N	\N	2013-06-15 14:50:06.096159	2013-06-15 14:50:06.096159
294	48	53	\N	Arris CM 200E Cable Modem	2.0	4572043	\N	\N	2013-06-15 14:50:06.121002	2013-06-15 14:50:06.121002
295	38	38	\N	Wired Inc. Butane II (MPEG2 encoder board)	1.8	1563716	\N	\N	2013-06-15 14:50:06.143102	2013-06-15 14:50:06.143102
296	39	42	\N	AVerMedia Technologies Inc. AVerTV DVB-T Volar (USB 2.0)	0.3	7041909	\N	\N	2013-06-15 14:50:06.16413	2013-06-15 14:50:06.16413
297	10	21	\N	Silicon Image, Inc. (Wrong ID) Ultra ATA/133 IDE RAID CONTROLLER CARD	0.3	7410444	\N	\N	2013-06-15 14:50:06.185451	2013-06-15 14:50:06.185451
298	31	29	\N	OmniVision OV519 series	2.3	3494133	\N	\N	2013-06-15 14:50:06.217858	2013-06-15 14:50:06.217858
299	18	24	\N	Davicom Semiconductor, Inc. DM9102A(DM9102AE, SM9102AF) Ethernet 100/10 MBit(Rev 40)	0.2	3695647	\N	\N	2013-06-15 14:50:06.240912	2013-06-15 14:50:06.240912
300	2	1	\N	Allied Telesis, Inc AT-2500TX V3 Ethernet	2.2	8363114	\N	\N	2013-06-15 14:50:06.264048	2013-06-15 14:50:06.264048
301	32	30	\N	CyberDoor CBD516	0.4	3480992	\N	\N	2013-06-15 14:50:06.288214	2013-06-15 14:50:06.288214
302	32	30	\N	CyberDoor CBD516	1.1	8403394	\N	\N	2013-06-15 14:50:06.309942	2013-06-15 14:50:06.309942
303	50	57	\N	Rhino Equipment Corp. Rhino R4T1	0.6	1948987	\N	\N	2013-06-15 14:50:06.337777	2013-06-15 14:50:06.337777
304	52	68	\N	ASCII Corporation Trance Vibrator	1.4	3712267	\N	\N	2013-06-15 14:50:06.359185	2013-06-15 14:50:06.359185
305	59	192	\N	LSI Logic / Symbios Logic SAS1064A PCI-X Fusion-MPT SAS	1.9	5186425	\N	\N	2013-06-15 14:50:06.410571	2013-06-15 14:50:06.410571
306	50	55	\N	Rhino Equipment Corp. Rhino R4FXO	2.4	7308201	\N	\N	2013-06-15 14:50:06.439492	2013-06-15 14:50:06.439492
307	39	40	\N	AVerMedia Technologies Inc. Slim mobile Express DVB-T (Fujitsu)	0.4	3153197	\N	\N	2013-06-15 14:50:06.463129	2013-06-15 14:50:06.463129
308	57	160	\N	SHF Communication Technologies AG Ethernet Powerlink Managing Node 01	1.7	5366828	\N	\N	2013-06-15 14:50:06.491618	2013-06-15 14:50:06.491618
309	39	40	\N	AVerMedia Technologies Inc. Slim mobile Express DVB-T (Fujitsu)	1.9	8580197	\N	\N	2013-06-15 14:50:06.513474	2013-06-15 14:50:06.513474
310	61	301	287	ATI Technologies Inc Radeon IGP 330M/340M/350M	2.1	1787222	\N	\N	2013-06-15 14:50:06.544881	2013-06-15 14:50:06.557165
311	45	43	\N	AuthenTec [Anchor] AF-S2 FingerLoc Sensor Module	2.3	2206334	\N	\N	2013-06-15 14:50:06.57168	2013-06-15 14:50:06.57168
312	8	5	\N	Hauppauge computer works Inc. WinTV PVR-150	1.7	5474115	\N	\N	2013-06-15 14:50:06.601072	2013-06-15 14:50:06.601072
313	19	25	\N	SpeedStream 1012 PCMCIA 10/100 Ethernet Card [RTL81xx]	0.5	5824799	\N	\N	2013-06-15 14:50:06.621638	2013-06-15 14:50:06.621638
314	46	44	\N	First International Computer, Inc. VA-502 Mainboard	2.9	2298210	\N	\N	2013-06-15 14:50:06.642618	2013-06-15 14:50:06.642618
315	32	30	\N	CyberDoor CBD516	0.0	5496904	\N	\N	2013-06-15 14:50:06.664461	2013-06-15 14:50:06.664461
316	52	68	\N	ASCII Corporation Trance Vibrator	1.0	8928353	\N	\N	2013-06-15 14:50:06.689705	2013-06-15 14:50:06.689705
317	8	17	\N	Hauppauge computer works Inc. WinTV-HVR-4400-HD model 1278	0.2	4967859	\N	\N	2013-06-15 14:50:06.713621	2013-06-15 14:50:06.713621
318	57	160	\N	SHF Communication Technologies AG Ethernet Powerlink Managing Node 01	0.5	5946457	\N	\N	2013-06-15 14:50:06.734903	2013-06-15 14:50:06.734903
319	2	1	\N	Allied Telesis, Inc AT-2500TX V3 Ethernet	1.3	1378773	\N	\N	2013-06-15 14:50:06.756179	2013-06-15 14:50:06.756179
320	60	256	\N	Kolter Electronic PCI-Counter/Timer Counter Timer board	2.7	3057032	\N	\N	2013-06-15 14:50:06.778067	2013-06-15 14:50:06.778067
321	47	46	\N	PixArt Imaging Inc. SDC-300 Webcam	1.6	9960537	\N	\N	2013-06-15 14:50:06.801956	2013-06-15 14:50:06.801956
322	45	43	\N	AuthenTec [Anchor] AF-S2 FingerLoc Sensor Module	1.8	7082202	\N	\N	2013-06-15 14:50:06.824294	2013-06-15 14:50:06.824294
323	32	30	\N	CyberDoor CBD516	2.9	8995541	\N	\N	2013-06-15 14:50:06.847401	2013-06-15 14:50:06.847401
324	57	160	\N	SHF Communication Technologies AG Ethernet Powerlink Managing Node 01	1.0	2148506	\N	\N	2013-06-15 14:50:06.897183	2013-06-15 14:50:06.897183
325	18	24	\N	Davicom Semiconductor, Inc. DM9102A(DM9102AE, SM9102AF) Ethernet 100/10 MBit(Rev 40)	2.4	6102310	\N	\N	2013-06-15 14:50:06.93071	2013-06-15 14:50:06.93071
326	33	31	\N	Sigmatel Inc. SMTP3410	1.3	1730747	\N	\N	2013-06-15 14:50:06.955655	2013-06-15 14:50:06.955655
327	37	37	\N	Ubiquiti Networks, Inc. XtremeRange5	1.9	2643712	\N	\N	2013-06-15 14:50:06.97727	2013-06-15 14:50:06.97727
328	48	53	\N	Arris CM 200E Cable Modem	2.3	2622176	\N	\N	2013-06-15 14:50:06.998376	2013-06-15 14:50:06.998376
329	52	68	\N	ASCII Corporation Trance Vibrator	1.4	6226293	\N	\N	2013-06-15 14:50:07.019931	2013-06-15 14:50:07.019931
330	39	40	\N	AVerMedia Technologies Inc. Slim mobile Express DVB-T (Fujitsu)	1.7	3095533	\N	\N	2013-06-15 14:50:07.041355	2013-06-15 14:50:07.041355
331	8	6	\N	Hauppauge computer works Inc. WinTV PVR-150	2.5	9573263	\N	\N	2013-06-15 14:50:07.063591	2013-06-15 14:50:07.063591
332	47	48	\N	PixArt Imaging Inc. CIF Single Chip	1.5	3580390	\N	\N	2013-06-15 14:50:07.087716	2013-06-15 14:50:07.087716
333	32	30	\N	CyberDoor CBD516	1.7	8841023	\N	\N	2013-06-15 14:50:07.11035	2013-06-15 14:50:07.11035
334	34	35	\N	Dynalink ISDN Adapter (PCI Bus, DV, W)	1.3	6487943	\N	\N	2013-06-15 14:50:07.131884	2013-06-15 14:50:07.131884
336	34	35	\N	Dynalink ISDN Adapter (PCI Bus, DV, W)	2.4	2181675	\N	\N	2013-06-15 14:50:07.17496	2013-06-15 14:50:07.17496
337	48	53	\N	Arris CM 200E Cable Modem	1.1	6776030	\N	\N	2013-06-15 14:50:07.199564	2013-06-15 14:50:07.199564
338	46	44	\N	First International Computer, Inc. VA-502 Mainboard	0.0	8638511	\N	\N	2013-06-15 14:50:07.22093	2013-06-15 14:50:07.22093
339	15	22	\N	LevelOne FPC-0106TX misprogrammed [RTL81xx]	2.4	9422008	\N	\N	2013-06-15 14:50:07.247864	2013-06-15 14:50:07.247864
340	4	2	1	PEAK-System Technik GmbH PCAN-PCI CAN-Bus controller	1.1	7077101	\N	\N	2013-06-15 14:50:07.280547	2013-06-15 14:50:07.293111
341	52	68	\N	ASCII Corporation Trance Vibrator	1.1	8390593	\N	\N	2013-06-15 14:50:07.305828	2013-06-15 14:50:07.305828
342	45	43	\N	AuthenTec [Anchor] AF-S2 FingerLoc Sensor Module	2.8	1344551	\N	\N	2013-06-15 14:50:07.328194	2013-06-15 14:50:07.328194
343	19	25	\N	SpeedStream 1012 PCMCIA 10/100 Ethernet Card [RTL81xx]	1.7	4500968	\N	\N	2013-06-15 14:50:07.349999	2013-06-15 14:50:07.349999
344	2	1	\N	Allied Telesis, Inc AT-2500TX V3 Ethernet	1.1	7776447	\N	\N	2013-06-15 14:50:07.389679	2013-06-15 14:50:07.389679
345	46	44	\N	First International Computer, Inc. VA-502 Mainboard	1.3	9493234	\N	\N	2013-06-15 14:50:07.411241	2013-06-15 14:50:07.411241
346	34	36	\N	Dynalink ISDN Adapter (PCI Bus, D, C)	0.5	4612716	\N	\N	2013-06-15 14:50:07.433589	2013-06-15 14:50:07.433589
347	4	2	1	PEAK-System Technik GmbH PCAN-PCI CAN-Bus controller	0.9	7823166	\N	\N	2013-06-15 14:50:07.456719	2013-06-15 14:50:07.468723
348	16	23	\N	Compaq Computer Corporation HNE-300 (RealTek RTL8139c) [iPaq Networking]	2.5	4924040	\N	\N	2013-06-15 14:50:07.481062	2013-06-15 14:50:07.481062
349	33	31	\N	Sigmatel Inc. SMTP3410	0.6	2453171	\N	\N	2013-06-15 14:50:07.511593	2013-06-15 14:50:07.511593
350	60	260	\N	Kolter Electronic INI-9100/9100W SCSI Host	1.8	4736449	\N	\N	2013-06-15 14:50:07.560892	2013-06-15 14:50:07.560892
351	18	24	\N	Davicom Semiconductor, Inc. DM9102A(DM9102AE, SM9102AF) Ethernet 100/10 MBit(Rev 40)	0.6	6173057	\N	\N	2013-06-15 14:50:07.584553	2013-06-15 14:50:07.584553
352	26	27	\N	SCM Microsystems, Inc. Pluto2 DVB-T Receiver for PCMCIA [EasyWatch MobilSet]	1.5	1255098	\N	\N	2013-06-15 14:50:07.605498	2013-06-15 14:50:07.605498
353	61	356	\N	ATI Technologies Inc Radeon Mobility 7000 IGP	2.2	8950386	\N	\N	2013-06-15 14:50:07.63832	2013-06-15 14:50:07.63832
354	57	160	\N	SHF Communication Technologies AG Ethernet Powerlink Managing Node 01	1.5	4381539	\N	\N	2013-06-15 14:50:07.66235	2013-06-15 14:50:07.66235
355	45	43	\N	AuthenTec [Anchor] AF-S2 FingerLoc Sensor Module	2.8	7200608	\N	\N	2013-06-15 14:50:07.689206	2013-06-15 14:50:07.689206
356	28	28	\N	IBM Corp. Remote System Administration device [RSA2]	2.2	4246986	\N	\N	2013-06-15 14:50:07.710931	2013-06-15 14:50:07.710931
357	2	1	\N	Allied Telesis, Inc AT-2500TX V3 Ethernet	0.9	7049036	\N	\N	2013-06-15 14:50:07.733563	2013-06-15 14:50:07.733563
358	26	27	\N	SCM Microsystems, Inc. Pluto2 DVB-T Receiver for PCMCIA [EasyWatch MobilSet]	2.1	7477420	\N	\N	2013-06-15 14:50:07.75831	2013-06-15 14:50:07.75831
359	46	44	\N	First International Computer, Inc. VA-502 Mainboard	2.7	7827918	\N	\N	2013-06-15 14:50:07.779053	2013-06-15 14:50:07.779053
360	26	27	\N	SCM Microsystems, Inc. Pluto2 DVB-T Receiver for PCMCIA [EasyWatch MobilSet]	1.3	9392097	\N	\N	2013-06-15 14:50:07.801188	2013-06-15 14:50:07.801188
361	31	29	\N	OmniVision OV519 series	2.4	1880557	\N	\N	2013-06-15 14:50:07.813745	2013-06-15 14:50:07.813745
362	34	34	\N	Dynalink IS64PH ISDN Adapter	1.2	4255626	\N	\N	2013-06-15 14:50:07.827924	2013-06-15 14:50:07.827924
363	15	22	\N	LevelOne FPC-0106TX misprogrammed [RTL81xx]	1.9	9466208	\N	\N	2013-06-15 14:50:07.869812	2013-06-15 14:50:07.869812
364	61	363	\N	ATI Technologies Inc Rage XC	2.3	8024401	\N	\N	2013-06-15 14:50:07.894865	2013-06-15 14:50:07.894865
365	48	53	\N	Arris CM 200E Cable Modem	1.0	8007152	\N	\N	2013-06-15 14:50:07.907872	2013-06-15 14:50:07.907872
366	8	18	\N	Hauppauge computer works Inc. WinTV PVR-150	2.3	7263789	\N	\N	2013-06-15 14:50:07.94102	2013-06-15 14:50:07.94102
367	50	61	\N	Rhino Equipment Corp. RCB24FXS 24-Channel FXS analog telphony card	0.3	2823496	\N	\N	2013-06-15 14:50:07.963195	2013-06-15 14:50:07.963195
368	26	27	\N	SCM Microsystems, Inc. Pluto2 DVB-T Receiver for PCMCIA [EasyWatch MobilSet]	2.6	7909071	\N	\N	2013-06-15 14:50:07.985659	2013-06-15 14:50:07.985659
369	57	160	\N	SHF Communication Technologies AG Ethernet Powerlink Managing Node 01	0.5	8322986	\N	\N	2013-06-15 14:50:08.009318	2013-06-15 14:50:08.009318
370	60	259	\N	Kolter Electronic PROTO-3 PCI Prototyping board	1.1	2766896	\N	\N	2013-06-15 14:50:08.035153	2013-06-15 14:50:08.035153
371	53	69	\N	TerraTec Electronic GmbH Cinergy T^2 DVB-T Receiver	2.8	6581054	\N	\N	2013-06-15 14:50:08.057263	2013-06-15 14:50:08.057263
372	54	137	\N	Compaq Computer Corporation Smart Array 5300 Controller	2.4	6135108	\N	\N	2013-06-15 14:50:08.083261	2013-06-15 14:50:08.083261
373	53	69	\N	TerraTec Electronic GmbH Cinergy T^2 DVB-T Receiver	1.7	6054873	\N	\N	2013-06-15 14:50:08.104612	2013-06-15 14:50:08.104612
374	4	2	1	PEAK-System Technik GmbH PCAN-PCI CAN-Bus controller	2.6	2078509	\N	\N	2013-06-15 14:50:08.130575	2013-06-15 14:50:08.143617
375	39	42	\N	AVerMedia Technologies Inc. AVerTV DVB-T Volar (USB 2.0)	0.4	4643951	\N	\N	2013-06-15 14:50:08.156482	2013-06-15 14:50:08.156482
377	59	176	59	LSI Logic / Symbios Logic 53c1010 66MHz  Ultra3 SCSI Adapter	0.0	2278697	\N	\N	2013-06-15 14:50:08.220385	2013-06-15 14:50:08.233903
378	46	44	\N	First International Computer, Inc. VA-502 Mainboard	1.8	9690675	\N	\N	2013-06-15 14:50:08.24887	2013-06-15 14:50:08.24887
379	45	43	\N	AuthenTec [Anchor] AF-S2 FingerLoc Sensor Module	0.7	7579235	\N	\N	2013-06-15 14:50:08.271149	2013-06-15 14:50:08.271149
380	31	29	\N	OmniVision OV519 series	0.8	8294367	\N	\N	2013-06-15 14:50:08.29337	2013-06-15 14:50:08.29337
381	26	27	\N	SCM Microsystems, Inc. Pluto2 DVB-T Receiver for PCMCIA [EasyWatch MobilSet]	1.6	4010281	\N	\N	2013-06-15 14:50:08.316967	2013-06-15 14:50:08.316967
382	18	24	\N	Davicom Semiconductor, Inc. DM9102A(DM9102AE, SM9102AF) Ethernet 100/10 MBit(Rev 40)	2.2	8380897	\N	\N	2013-06-15 14:50:08.36791	2013-06-15 14:50:08.36791
383	53	69	\N	TerraTec Electronic GmbH Cinergy T^2 DVB-T Receiver	1.8	4451398	\N	\N	2013-06-15 14:50:08.37877	2013-06-15 14:50:08.37877
384	8	13	\N	Hauppauge computer works Inc. WinTV HVR-1600	2.5	6170248	\N	\N	2013-06-15 14:50:08.390407	2013-06-15 14:50:08.390407
385	19	25	\N	SpeedStream 1012 PCMCIA 10/100 Ethernet Card [RTL81xx]	0.5	2724897	\N	\N	2013-06-15 14:50:08.408673	2013-06-15 14:50:08.408673
386	61	390	\N	ATI Technologies Inc Radeon X800 SE (R420) (AGP)	0.7	1564135	\N	\N	2013-06-15 14:50:08.439972	2013-06-15 14:50:08.439972
387	45	43	\N	AuthenTec [Anchor] AF-S2 FingerLoc Sensor Module	1.1	7776749	\N	\N	2013-06-15 14:50:08.463877	2013-06-15 14:50:08.463877
388	60	257	\N	Kolter Electronic PCI-DAC416 Analogue output board	1.0	8614420	\N	\N	2013-06-15 14:50:08.479384	2013-06-15 14:50:08.479384
389	2	1	\N	Allied Telesis, Inc AT-2500TX V3 Ethernet	1.3	2453908	\N	\N	2013-06-15 14:50:08.490366	2013-06-15 14:50:08.490366
390	19	25	\N	SpeedStream 1012 PCMCIA 10/100 Ethernet Card [RTL81xx]	2.4	5396994	\N	\N	2013-06-15 14:50:08.503328	2013-06-15 14:50:08.503328
391	59	236	\N	LSI Logic / Symbios Logic FC929X LAN	0.2	9295170	\N	\N	2013-06-15 14:50:08.517548	2013-06-15 14:50:08.517548
392	38	38	\N	Wired Inc. Butane II (MPEG2 encoder board)	2.6	6516336	\N	\N	2013-06-15 14:50:08.528851	2013-06-15 14:50:08.528851
393	4	2	2	PEAK-System Technik GmbH PCAN-PCI CAN-Bus controller	1.6	7558156	\N	\N	2013-06-15 14:50:08.540851	2013-06-15 14:50:08.546889
394	31	29	\N	OmniVision OV519 series	0.8	1621067	\N	\N	2013-06-15 14:50:08.553256	2013-06-15 14:50:08.553256
395	28	28	\N	IBM Corp. Remote System Administration device [RSA2]	2.0	9832492	\N	\N	2013-06-15 14:50:08.564024	2013-06-15 14:50:08.564024
396	48	53	\N	Arris CM 200E Cable Modem	2.5	7139851	\N	\N	2013-06-15 14:50:08.574752	2013-06-15 14:50:08.574752
397	28	28	\N	IBM Corp. Remote System Administration device [RSA2]	2.6	9019345	\N	\N	2013-06-15 14:50:08.586785	2013-06-15 14:50:08.586785
398	8	15	\N	Hauppauge computer works Inc. WinTV PVR-150	0.2	7521833	\N	\N	2013-06-15 14:50:08.602341	2013-06-15 14:50:08.602341
399	33	32	\N	Sigmatel Inc. SMTP3500	2.5	9047766	\N	\N	2013-06-15 14:50:08.618598	2013-06-15 14:50:08.618598
400	38	38	\N	Wired Inc. Butane II (MPEG2 encoder board)	0.7	9892581	\N	\N	2013-06-15 14:50:08.628667	2013-06-15 14:50:08.628667
401	23	26	\N	TTTech AG TTP-Monitoring Card V2.0	1.2	8338301	\N	\N	2013-06-15 14:50:08.639847	2013-06-15 14:50:08.639847
402	18	24	\N	Davicom Semiconductor, Inc. DM9102A(DM9102AE, SM9102AF) Ethernet 100/10 MBit(Rev 40)	2.9	8309791	\N	\N	2013-06-15 14:50:08.680881	2013-06-15 14:50:08.680881
403	57	160	\N	SHF Communication Technologies AG Ethernet Powerlink Managing Node 01	2.7	6871504	\N	\N	2013-06-15 14:50:08.692485	2013-06-15 14:50:08.692485
404	60	257	\N	Kolter Electronic PCI-DAC416 Analogue output board	2.1	3756307	\N	\N	2013-06-15 14:50:08.71637	2013-06-15 14:50:08.71637
405	23	26	\N	TTTech AG TTP-Monitoring Card V2.0	1.7	4051359	\N	\N	2013-06-15 14:50:08.737967	2013-06-15 14:50:08.737967
406	8	17	\N	Hauppauge computer works Inc. WinTV-HVR-4400-HD model 1278	0.3	1660388	\N	\N	2013-06-15 14:50:08.759413	2013-06-15 14:50:08.759413
407	48	53	\N	Arris CM 200E Cable Modem	1.3	8405186	\N	\N	2013-06-15 14:50:08.781262	2013-06-15 14:50:08.781262
408	33	31	\N	Sigmatel Inc. SMTP3410	2.8	9751471	\N	\N	2013-06-15 14:50:08.8033	2013-06-15 14:50:08.8033
409	47	50	\N	PixArt Imaging Inc. Philips Webcam SPC500NC	2.1	5230698	\N	\N	2013-06-15 14:50:08.825508	2013-06-15 14:50:08.825508
410	52	68	\N	ASCII Corporation Trance Vibrator	2.8	2080882	\N	\N	2013-06-15 14:50:08.854563	2013-06-15 14:50:08.854563
411	39	40	\N	AVerMedia Technologies Inc. Slim mobile Express DVB-T (Fujitsu)	0.6	8244954	\N	\N	2013-06-15 14:50:08.875797	2013-06-15 14:50:08.875797
412	15	22	\N	LevelOne FPC-0106TX misprogrammed [RTL81xx]	2.7	3343973	\N	\N	2013-06-15 14:50:08.898129	2013-06-15 14:50:08.898129
413	61	322	321	ATI Technologies Inc IXP SB400 PCI-ISA Bridge	1.7	6563957	\N	\N	2013-06-15 14:50:08.927247	2013-06-15 14:50:08.939848
414	2	1	\N	Allied Telesis, Inc AT-2500TX V3 Ethernet	1.9	6292247	\N	\N	2013-06-15 14:50:08.954611	2013-06-15 14:50:08.954611
415	39	41	\N	AVerMedia Technologies Inc. AVerTV 301	0.1	7270000	\N	\N	2013-06-15 14:50:08.979615	2013-06-15 14:50:08.979615
416	31	29	\N	OmniVision OV519 series	0.3	4143309	\N	\N	2013-06-15 14:50:09.00054	2013-06-15 14:50:09.00054
417	52	68	\N	ASCII Corporation Trance Vibrator	0.9	1238534	\N	\N	2013-06-15 14:50:09.025737	2013-06-15 14:50:09.025737
418	59	222	\N	LSI Logic / Symbios Logic SAS3108 PCI-Express Fusion-MPT SAS-3	1.7	4481995	\N	\N	2013-06-15 14:50:09.052371	2013-06-15 14:50:09.052371
419	4	2	1	PEAK-System Technik GmbH PCAN-PCI CAN-Bus controller	0.1	6383751	\N	\N	2013-06-15 14:50:09.074548	2013-06-15 14:50:09.08685
420	8	7	\N	Hauppauge computer works Inc. WinTV PVR-350	2.1	2890543	\N	\N	2013-06-15 14:50:09.102643	2013-06-15 14:50:09.102643
421	15	22	\N	LevelOne FPC-0106TX misprogrammed [RTL81xx]	0.8	3536152	\N	\N	2013-06-15 14:50:09.150328	2013-06-15 14:50:09.150328
422	47	49	\N	PixArt Imaging Inc. PAC7311	0.5	8974083	\N	\N	2013-06-15 14:50:09.16096	2013-06-15 14:50:09.16096
423	31	29	\N	OmniVision OV519 series	1.1	5590096	\N	\N	2013-06-15 14:50:09.171579	2013-06-15 14:50:09.171579
424	38	38	\N	Wired Inc. Butane II (MPEG2 encoder board)	1.1	5124303	\N	\N	2013-06-15 14:50:09.182245	2013-06-15 14:50:09.182245
425	61	305	\N	ATI Technologies Inc OHCI USB Controller #1	1.2	2429984	\N	\N	2013-06-15 14:50:09.208971	2013-06-15 14:50:09.208971
426	8	4	\N	Hauppauge computer works Inc. WinTV PVR-150	1.1	2611753	\N	\N	2013-06-15 14:50:09.231701	2013-06-15 14:50:09.231701
427	54	141	\N	Compaq Computer Corporation NC3131 Fast Ethernet NIC	1.1	4387262	\N	\N	2013-06-15 14:50:09.258677	2013-06-15 14:50:09.258677
428	4	2	2	PEAK-System Technik GmbH PCAN-PCI CAN-Bus controller	2.8	8653576	\N	\N	2013-06-15 14:50:09.282575	2013-06-15 14:50:09.294782
429	33	32	\N	Sigmatel Inc. SMTP3500	1.0	1344390	\N	\N	2013-06-15 14:50:09.309494	2013-06-15 14:50:09.309494
430	31	29	\N	OmniVision OV519 series	0.0	3826361	\N	\N	2013-06-15 14:50:09.33469	2013-06-15 14:50:09.33469
431	4	2	2	PEAK-System Technik GmbH PCAN-PCI CAN-Bus controller	1.5	5596536	\N	\N	2013-06-15 14:50:09.356604	2013-06-15 14:50:09.369391
432	57	160	\N	SHF Communication Technologies AG Ethernet Powerlink Managing Node 01	0.8	1564352	\N	\N	2013-06-15 14:50:09.382852	2013-06-15 14:50:09.382852
433	16	23	\N	Compaq Computer Corporation HNE-300 (RealTek RTL8139c) [iPaq Networking]	2.4	6068042	\N	\N	2013-06-15 14:50:09.40654	2013-06-15 14:50:09.40654
434	38	39	\N	Wired Inc. MediaPress (MPEG2 encoder board)	1.8	7206755	\N	\N	2013-06-15 14:50:09.429705	2013-06-15 14:50:09.429705
435	54	130	\N	Compaq Computer Corporation Netelligent 10/100 TX Embedded UTP	0.0	9290172	\N	\N	2013-06-15 14:50:09.457976	2013-06-15 14:50:09.457976
436	52	68	\N	ASCII Corporation Trance Vibrator	2.3	7772602	\N	\N	2013-06-15 14:50:09.479225	2013-06-15 14:50:09.479225
437	45	43	\N	AuthenTec [Anchor] AF-S2 FingerLoc Sensor Module	0.7	9336624	\N	\N	2013-06-15 14:50:09.501043	2013-06-15 14:50:09.501043
438	54	80	\N	Compaq Computer Corporation NC7760	2.8	2577126	\N	\N	2013-06-15 14:50:09.528824	2013-06-15 14:50:09.528824
439	16	23	\N	Compaq Computer Corporation HNE-300 (RealTek RTL8139c) [iPaq Networking]	2.3	5042059	\N	\N	2013-06-15 14:50:09.555461	2013-06-15 14:50:09.555461
440	46	44	\N	First International Computer, Inc. VA-502 Mainboard	0.2	8996779	\N	\N	2013-06-15 14:50:09.577707	2013-06-15 14:50:09.577707
441	2	1	\N	Allied Telesis, Inc AT-2500TX V3 Ethernet	0.9	8702142	\N	\N	2013-06-15 14:50:09.620543	2013-06-15 14:50:09.620543
442	60	255	\N	Kolter Electronic PCI-OPTO-RELAIS Digital I/O board with relay outputs	2.8	1795625	\N	\N	2013-06-15 14:50:09.637968	2013-06-15 14:50:09.637968
443	23	26	\N	TTTech AG TTP-Monitoring Card V2.0	1.3	4481080	\N	\N	2013-06-15 14:50:09.660758	2013-06-15 14:50:09.660758
444	33	31	\N	Sigmatel Inc. SMTP3410	2.7	2381398	\N	\N	2013-06-15 14:50:09.683644	2013-06-15 14:50:09.683644
445	61	324	325	ATI Technologies Inc IXP SB400 Serial ATA Controller	2.8	6065039	\N	\N	2013-06-15 14:50:09.714789	2013-06-15 14:50:09.72733
446	60	252	\N	Kolter Electronic PCI 1616 Measurement card with 32 digital I/O lines	2.9	9198724	\N	\N	2013-06-15 14:50:09.744257	2013-06-15 14:50:09.744257
447	46	44	\N	First International Computer, Inc. VA-502 Mainboard	2.0	9027676	\N	\N	2013-06-15 14:50:09.769327	2013-06-15 14:50:09.769327
448	46	44	\N	First International Computer, Inc. VA-502 Mainboard	0.4	8556709	\N	\N	2013-06-15 14:50:09.791813	2013-06-15 14:50:09.791813
449	61	303	\N	ATI Technologies Inc IXP200 3COM 3C920B Ethernet Controller	2.6	9979807	\N	\N	2013-06-15 14:50:09.823384	2013-06-15 14:50:09.823384
450	16	23	\N	Compaq Computer Corporation HNE-300 (RealTek RTL8139c) [iPaq Networking]	0.6	3625698	\N	\N	2013-06-15 14:50:09.847406	2013-06-15 14:50:09.847406
451	60	255	\N	Kolter Electronic PCI-OPTO-RELAIS Digital I/O board with relay outputs	2.0	7485829	\N	\N	2013-06-15 14:50:09.869168	2013-06-15 14:50:09.869168
452	28	28	\N	IBM Corp. Remote System Administration device [RSA2]	0.7	2908832	\N	\N	2013-06-15 14:50:09.890511	2013-06-15 14:50:09.890511
453	15	22	\N	LevelOne FPC-0106TX misprogrammed [RTL81xx]	1.2	2843775	\N	\N	2013-06-15 14:50:09.913273	2013-06-15 14:50:09.913273
454	47	51	\N	PixArt Imaging Inc. Maxell MaxCam RotaWeb	2.3	6322755	\N	\N	2013-06-15 14:50:09.937441	2013-06-15 14:50:09.937441
455	52	68	\N	ASCII Corporation Trance Vibrator	2.2	6545410	\N	\N	2013-06-15 14:50:09.958931	2013-06-15 14:50:09.958931
456	34	36	\N	Dynalink ISDN Adapter (PCI Bus, D, C)	1.7	2071979	\N	\N	2013-06-15 14:50:09.980855	2013-06-15 14:50:09.980855
457	18	24	\N	Davicom Semiconductor, Inc. DM9102A(DM9102AE, SM9102AF) Ethernet 100/10 MBit(Rev 40)	1.7	8299172	\N	\N	2013-06-15 14:50:10.007505	2013-06-15 14:50:10.007505
458	31	29	\N	OmniVision OV519 series	2.6	4866466	\N	\N	2013-06-15 14:50:10.029585	2013-06-15 14:50:10.029585
459	10	21	\N	Silicon Image, Inc. (Wrong ID) Ultra ATA/133 IDE RAID CONTROLLER CARD	2.3	1852275	\N	\N	2013-06-15 14:50:10.053798	2013-06-15 14:50:10.053798
460	8	7	\N	Hauppauge computer works Inc. WinTV PVR-350	0.9	2046222	\N	\N	2013-06-15 14:50:10.104235	2013-06-15 14:50:10.104235
461	31	29	\N	OmniVision OV519 series	1.9	2665715	\N	\N	2013-06-15 14:50:10.124895	2013-06-15 14:50:10.124895
462	45	43	\N	AuthenTec [Anchor] AF-S2 FingerLoc Sensor Module	2.7	1572452	\N	\N	2013-06-15 14:50:10.146925	2013-06-15 14:50:10.146925
463	18	24	\N	Davicom Semiconductor, Inc. DM9102A(DM9102AE, SM9102AF) Ethernet 100/10 MBit(Rev 40)	1.0	8018363	\N	\N	2013-06-15 14:50:10.168631	2013-06-15 14:50:10.168631
464	52	68	\N	ASCII Corporation Trance Vibrator	0.3	7572820	\N	\N	2013-06-15 14:50:10.193991	2013-06-15 14:50:10.193991
465	61	274	\N	ATI Technologies Inc R300 AF [Radeon 9700 Pro]	1.7	2729287	\N	\N	2013-06-15 14:50:10.223295	2013-06-15 14:50:10.223295
466	46	44	\N	First International Computer, Inc. VA-502 Mainboard	0.6	5487037	\N	\N	2013-06-15 14:50:10.24575	2013-06-15 14:50:10.24575
467	15	22	\N	LevelOne FPC-0106TX misprogrammed [RTL81xx]	0.0	7144211	\N	\N	2013-06-15 14:50:10.271571	2013-06-15 14:50:10.271571
468	16	23	\N	Compaq Computer Corporation HNE-300 (RealTek RTL8139c) [iPaq Networking]	0.3	5345233	\N	\N	2013-06-15 14:50:10.293398	2013-06-15 14:50:10.293398
469	18	24	\N	Davicom Semiconductor, Inc. DM9102A(DM9102AE, SM9102AF) Ethernet 100/10 MBit(Rev 40)	1.2	2021226	\N	\N	2013-06-15 14:50:10.31553	2013-06-15 14:50:10.31553
470	59	210	\N	LSI Logic / Symbios Logic SAS2208 PCI-Express Fusion-MPT SAS-2	1.1	9791673	\N	\N	2013-06-15 14:50:10.344069	2013-06-15 14:50:10.344069
471	8	16	\N	Hauppauge computer works Inc. WinTV PVR-150	0.1	9055929	\N	\N	2013-06-15 14:50:10.368072	2013-06-15 14:50:10.368072
472	23	26	\N	TTTech AG TTP-Monitoring Card V2.0	2.0	1355359	\N	\N	2013-06-15 14:50:10.385839	2013-06-15 14:50:10.385839
473	60	259	\N	Kolter Electronic PROTO-3 PCI Prototyping board	0.2	6051107	\N	\N	2013-06-15 14:50:10.407752	2013-06-15 14:50:10.407752
474	39	42	\N	AVerMedia Technologies Inc. AVerTV DVB-T Volar (USB 2.0)	0.3	4983645	\N	\N	2013-06-15 14:50:10.430659	2013-06-15 14:50:10.430659
475	16	23	\N	Compaq Computer Corporation HNE-300 (RealTek RTL8139c) [iPaq Networking]	0.6	9764981	\N	\N	2013-06-15 14:50:10.453245	2013-06-15 14:50:10.453245
476	31	29	\N	OmniVision OV519 series	2.4	2687104	\N	\N	2013-06-15 14:50:10.476693	2013-06-15 14:50:10.476693
477	37	37	\N	Ubiquiti Networks, Inc. XtremeRange5	2.9	3448418	\N	\N	2013-06-15 14:50:10.498187	2013-06-15 14:50:10.498187
478	46	44	\N	First International Computer, Inc. VA-502 Mainboard	0.5	5445836	\N	\N	2013-06-15 14:50:10.519678	2013-06-15 14:50:10.519678
479	47	48	\N	PixArt Imaging Inc. CIF Single Chip	1.7	3589802	\N	\N	2013-06-15 14:50:10.541033	2013-06-15 14:50:10.541033
480	52	68	\N	ASCII Corporation Trance Vibrator	2.4	1390482	\N	\N	2013-06-15 14:50:10.583739	2013-06-15 14:50:10.583739
481	47	48	\N	PixArt Imaging Inc. CIF Single Chip	2.9	9151614	\N	\N	2013-06-15 14:50:10.597272	2013-06-15 14:50:10.597272
482	54	148	\N	Compaq Computer Corporation NC3162 Fast Ethernet NIC	1.0	2359653	\N	\N	2013-06-15 14:50:10.620857	2013-06-15 14:50:10.620857
483	10	21	\N	Silicon Image, Inc. (Wrong ID) Ultra ATA/133 IDE RAID CONTROLLER CARD	1.9	4644497	\N	\N	2013-06-15 14:50:10.64272	2013-06-15 14:50:10.64272
484	45	43	\N	AuthenTec [Anchor] AF-S2 FingerLoc Sensor Module	2.9	2479908	\N	\N	2013-06-15 14:50:10.664877	2013-06-15 14:50:10.664877
485	60	256	\N	Kolter Electronic PCI-Counter/Timer Counter Timer board	2.7	8094393	\N	\N	2013-06-15 14:50:10.690006	2013-06-15 14:50:10.690006
486	10	21	\N	Silicon Image, Inc. (Wrong ID) Ultra ATA/133 IDE RAID CONTROLLER CARD	0.9	3878579	\N	\N	2013-06-15 14:50:10.713532	2013-06-15 14:50:10.713532
487	4	2	1	PEAK-System Technik GmbH PCAN-PCI CAN-Bus controller	0.5	1900487	\N	\N	2013-06-15 14:50:10.736879	2013-06-15 14:50:10.74911
488	53	69	\N	TerraTec Electronic GmbH Cinergy T^2 DVB-T Receiver	0.8	8388098	\N	\N	2013-06-15 14:50:10.763841	2013-06-15 14:50:10.763841
489	18	24	\N	Davicom Semiconductor, Inc. DM9102A(DM9102AE, SM9102AF) Ethernet 100/10 MBit(Rev 40)	2.0	3812009	\N	\N	2013-06-15 14:50:10.787339	2013-06-15 14:50:10.787339
490	16	23	\N	Compaq Computer Corporation HNE-300 (RealTek RTL8139c) [iPaq Networking]	1.0	2078574	\N	\N	2013-06-15 14:50:10.809496	2013-06-15 14:50:10.809496
491	16	23	\N	Compaq Computer Corporation HNE-300 (RealTek RTL8139c) [iPaq Networking]	2.5	9421193	\N	\N	2013-06-15 14:50:10.835278	2013-06-15 14:50:10.835278
492	46	44	\N	First International Computer, Inc. VA-502 Mainboard	0.7	3725239	\N	\N	2013-06-15 14:50:10.857001	2013-06-15 14:50:10.857001
493	33	32	\N	Sigmatel Inc. SMTP3500	1.9	7218726	\N	\N	2013-06-15 14:50:10.878801	2013-06-15 14:50:10.878801
494	60	259	\N	Kolter Electronic PROTO-3 PCI Prototyping board	0.5	3391164	\N	\N	2013-06-15 14:50:10.900702	2013-06-15 14:50:10.900702
495	45	43	\N	AuthenTec [Anchor] AF-S2 FingerLoc Sensor Module	2.8	1501615	\N	\N	2013-06-15 14:50:10.923714	2013-06-15 14:50:10.923714
496	53	69	\N	TerraTec Electronic GmbH Cinergy T^2 DVB-T Receiver	0.0	1353333	\N	\N	2013-06-15 14:50:10.950297	2013-06-15 14:50:10.950297
497	50	54	\N	Rhino Equipment Corp. Rhino R1T1	0.5	9386141	\N	\N	2013-06-15 14:50:10.972608	2013-06-15 14:50:10.972608
498	59	250	245	LSI Logic / Symbios Logic MegaRAID	0.4	8434331	\N	\N	2013-06-15 14:50:11.000524	2013-06-15 14:50:11.013795
499	59	164	\N	LSI Logic / Symbios Logic 53c815	0.2	5895927	\N	\N	2013-06-15 14:50:11.055877	2013-06-15 14:50:11.055877
500	37	37	\N	Ubiquiti Networks, Inc. XtremeRange5	1.2	7693198	\N	\N	2013-06-15 14:50:11.074753	2013-06-15 14:50:11.074753
376	4	2	44	PEAK-System Technik GmbH PCAN-PCI CAN-Bus controller	0.2	8353077	\N	\N	2013-06-15 14:50:08.189824	2013-06-15 15:57:21.229123
1	8	7	\N	Hauppauge computer works Inc. WinTV PVR-350	2.7	92-20-33-9a-ef	\N	\N	2013-06-15 14:49:58.923403	2013-06-15 15:58:29.589045
165	52	414	480	ASCII Corporation 3D Rage LT Pro	1.7	4578035	\N	\N	2013-06-15 14:50:02.940209	2013-06-15 16:17:14.181898
\.


--
-- Data for Name: details_equipment; Type: TABLE DATA; Schema: public; Owner: ode
--

COPY details_equipment (detail_id, equipment_id) FROM stdin;
253	1
355	1
249	1
318	1
479	1
143	1
80	1
196	1
341	1
157	2
280	2
180	3
144	4
436	5
437	5
312	5
356	5
489	5
424	5
195	5
232	5
61	5
187	5
269	6
212	7
256	7
237	7
64	7
180	7
468	7
479	7
162	8
163	8
202	8
291	8
236	8
323	9
98	9
484	9
313	9
294	9
461	9
112	10
392	10
214	10
109	10
156	10
43	10
269	11
493	11
99	12
4	12
245	12
160	12
224	12
60	12
62	12
254	13
421	13
453	13
499	13
264	13
136	13
263	13
19	13
139	14
141	14
491	14
10	14
478	14
233	15
373	15
358	15
461	15
398	15
215	15
253	15
226	15
321	15
267	15
82	16
116	16
353	17
334	18
176	18
325	18
82	18
262	18
460	18
463	18
26	18
478	18
240	19
99	19
385	19
489	19
415	19
160	20
199	21
365	21
295	21
215	21
389	21
398	21
36	21
78	21
355	21
314	21
410	22
401	23
339	23
373	23
182	23
421	23
343	24
322	24
54	25
38	25
51	25
394	25
301	25
131	25
477	26
423	26
282	26
9	26
233	26
19	27
414	27
353	27
416	27
416	27
124	27
343	28
165	28
389	28
320	29
59	29
253	29
362	29
468	29
467	29
333	29
67	29
368	29
50	29
448	30
400	30
235	30
281	31
495	31
394	31
201	32
325	32
184	32
474	32
348	32
117	32
144	32
354	32
112	32
115	33
35	33
123	34
363	35
25	35
34	35
256	35
276	35
482	35
160	35
271	36
153	36
178	36
126	36
347	36
448	36
190	36
171	37
38	37
443	37
25	37
300	37
316	37
456	37
394	38
402	38
295	38
72	38
222	38
62	38
395	39
115	39
26	39
331	40
105	40
190	40
119	40
465	40
324	40
469	40
155	41
341	41
109	41
71	41
327	41
283	41
475	41
158	42
374	42
134	42
432	42
239	42
318	42
296	42
191	43
348	43
239	43
309	43
56	44
7	44
207	44
266	44
427	45
208	45
478	45
147	45
195	45
278	45
322	45
484	45
454	45
172	46
61	46
118	46
203	46
474	46
377	46
427	46
497	47
155	47
252	47
306	47
160	47
306	47
466	47
121	47
322	47
115	47
202	48
409	48
295	48
489	48
121	48
146	49
72	49
282	49
256	49
242	49
242	49
172	49
141	49
407	49
38	50
258	50
172	50
296	50
218	50
258	51
45	51
300	51
281	51
270	51
477	51
438	51
145	52
92	52
253	52
69	52
128	52
199	52
230	53
290	53
92	53
85	53
282	53
487	53
385	53
224	53
117	53
129	54
104	54
34	54
302	54
69	54
221	54
388	54
380	54
351	54
336	54
449	55
368	55
256	55
230	55
230	56
216	56
66	56
162	57
451	57
26	57
250	57
219	57
319	58
449	59
396	59
484	59
122	59
25	59
210	59
436	59
288	59
65	59
413	59
164	60
205	60
186	61
65	61
400	61
163	61
94	61
451	61
379	61
470	62
464	62
389	62
411	62
72	62
304	62
288	62
116	62
23	62
172	63
81	63
195	63
287	63
353	63
15	63
2	63
364	64
266	64
364	64
169	64
70	64
185	64
31	64
5	64
430	64
449	65
211	65
151	65
202	66
22	67
175	67
282	67
343	67
83	68
464	68
364	68
310	68
174	68
168	68
490	68
498	68
203	68
1	69
236	69
254	69
195	69
362	69
119	70
229	70
430	70
57	70
488	70
137	70
380	71
347	71
287	71
219	71
201	71
298	71
177	71
86	71
13	71
295	71
340	72
181	72
29	72
233	73
158	73
51	73
140	73
381	73
499	73
99	73
361	74
321	74
310	74
179	74
86	74
242	74
207	74
91	74
450	74
95	75
209	75
294	75
191	75
62	75
474	75
314	76
91	76
223	76
233	76
261	76
13	76
13	76
218	77
226	77
104	77
157	77
318	77
187	78
103	78
188	79
328	79
139	79
398	80
48	80
180	80
124	80
186	80
305	80
391	81
157	81
244	81
403	81
226	82
499	82
181	83
49	83
74	83
313	83
261	83
463	83
438	83
338	83
431	83
353	84
26	84
327	84
231	84
463	84
214	84
241	85
273	85
467	85
23	85
83	85
499	85
464	86
205	86
231	86
133	86
61	86
473	86
45	86
13	86
455	86
147	86
174	87
382	87
93	87
371	87
366	88
218	88
192	88
13	88
469	88
122	89
415	89
71	90
441	90
120	90
140	91
72	91
80	91
365	91
252	91
299	91
496	91
456	91
103	91
288	92
73	92
72	92
273	92
475	92
234	92
108	92
288	93
11	94
149	94
81	94
441	94
407	94
4	94
1	95
112	95
456	95
23	95
105	95
412	95
116	96
100	97
320	97
256	97
133	97
448	97
63	97
220	97
307	97
458	97
129	98
261	98
162	98
50	98
166	99
230	99
277	99
49	99
364	99
378	100
40	100
338	100
97	100
417	100
284	100
243	100
196	100
311	100
480	101
86	102
164	102
3	102
120	102
369	103
275	103
48	103
132	103
82	103
215	103
135	103
470	103
413	103
443	103
348	104
500	104
79	104
162	104
421	104
383	104
85	104
408	104
425	104
198	105
119	105
119	105
480	105
109	106
241	106
204	106
372	106
176	106
25	106
24	106
42	106
447	107
379	107
389	107
500	107
82	107
320	107
182	107
140	108
22	108
458	108
474	108
210	108
152	108
34	108
67	108
61	109
302	109
28	109
342	109
49	109
44	109
208	109
315	110
495	110
288	111
36	111
183	111
212	111
365	111
349	111
247	111
107	111
455	111
307	111
100	112
73	112
500	112
415	112
244	112
490	112
223	112
138	112
10	112
316	113
151	113
155	113
326	113
375	113
81	113
18	113
116	113
438	114
457	114
499	115
2	115
490	115
307	115
101	115
267	115
431	116
101	116
195	116
449	116
134	117
37	117
36	117
376	117
333	117
38	117
257	117
331	117
32	118
409	118
129	118
345	119
323	119
427	119
134	119
375	119
479	119
99	119
486	119
32	120
363	121
235	121
264	121
205	121
362	121
490	122
136	123
331	124
172	124
418	124
136	124
18	124
347	124
108	124
8	124
45	124
330	125
157	125
500	126
231	126
485	126
144	126
268	127
364	127
407	127
74	127
443	127
72	127
133	127
169	128
244	128
428	128
30	128
85	128
198	128
105	128
185	128
380	128
84	128
132	129
465	129
343	129
369	129
399	129
2	129
182	129
42	129
83	130
185	130
214	130
209	130
75	130
358	130
300	130
262	131
223	131
217	131
231	131
69	131
82	131
463	131
336	132
449	132
455	132
392	132
112	132
388	132
493	132
329	132
356	133
241	133
289	134
316	134
302	134
442	134
274	135
18	135
162	135
493	135
232	135
279	135
12	135
181	135
185	135
281	135
197	136
39	136
405	136
234	136
369	136
473	137
198	137
200	138
239	138
197	138
443	138
127	138
67	138
403	138
64	139
103	140
274	140
225	140
355	140
143	140
321	141
178	141
289	141
234	142
86	142
338	142
22	142
366	142
477	142
124	143
248	143
418	143
239	143
211	143
215	143
474	143
474	143
436	143
188	143
499	144
37	144
472	144
336	144
107	144
134	144
253	145
141	145
381	145
356	145
91	145
231	145
151	145
146	146
418	146
96	146
455	147
298	148
3	148
197	148
148	148
340	148
143	148
134	148
122	149
87	149
74	149
180	149
252	149
164	149
45	150
349	150
318	150
411	150
420	150
197	150
55	150
456	150
146	150
279	150
\.


--
-- Name: details_id_seq; Type: SEQUENCE SET; Schema: public; Owner: ode
--

SELECT pg_catalog.setval('details_id_seq', 500, true);


--
-- Data for Name: devices; Type: TABLE DATA; Schema: public; Owner: ode
--

COPY devices (id, device_hex, vendor_id, name) FROM stdin;
1	0x8139	2	AT-2500TX V3 Ethernet
2	0x0001	4	PCAN-PCI CAN-Bus controller
3	0x0003	8	WinTV PVR-250
4	0x0009	8	WinTV PVR-150
5	0x0801	8	WinTV PVR-150
6	0x0807	8	WinTV PVR-150
7	0x4000	8	WinTV PVR-350
8	0x4001	8	WinTV PVR-250 (v1)
9	0x4009	8	WinTV PVR-250
10	0x4800	8	WinTV PVR-350
11	0x4801	8	WinTV PVR-250 MCE
12	0x4803	8	WinTV PVR-250
13	0x7444	8	WinTV HVR-1600
14	0x7801	8	WinTV HVR-1800 MCE
15	0x8003	8	WinTV PVR-150
16	0x8801	8	WinTV PVR-150
17	0xc108	8	WinTV-HVR-4400-HD model 1278
18	0xc801	8	WinTV PVR-150
19	0xe807	8	WinTV PVR-500 MCE (1st tuner)
20	0xe817	8	WinTV PVR-500 MCE (2nd tuner)
21	0x0680	10	Ultra ATA/133 IDE RAID CONTROLLER CARD
22	0x0106	15	FPC-0106TX misprogrammed [RTL81xx]
23	0x8139	16	HNE-300 (RealTek RTL8139c) [iPaq Networking]
24	0x8212	18	DM9102A(DM9102AE, SM9102AF) Ethernet 100/10 MBit(Rev 40)
25	0x1012	19	1012 PCMCIA 10/100 Ethernet Card [RTL81xx]
26	0x000a	23	TTP-Monitoring Card V2.0
27	0x0001	26	Pluto2 DVB-T Receiver for PCMCIA [EasyWatch MobilSet]
28	0x4001	28	Remote System Administration device [RSA2]
29	0x8519	31	OV519 series
30	0x0701	32	CBD516
31	0x3410	33	SMTP3410
32	0x3500	33	SMTP3500
33	0x1700	34	IS64PH ISDN Adapter
34	0x1702	34	IS64PH ISDN Adapter
35	0x1703	34	ISDN Adapter (PCI Bus, DV, W)
36	0x1704	34	ISDN Adapter (PCI Bus, D, C)
37	0x3005	37	XtremeRange5
38	0x6663	38	Butane II (MPEG2 encoder board)
39	0x6666	38	MediaPress (MPEG2 encoder board)
40	0x534a	39	Slim mobile Express DVB-T (Fujitsu)
41	0xa301	39	AVerTV 301
42	0xb808	39	AVerTV DVB-T Volar (USB 2.0)
43	0xafe4	45	[Anchor] AF-S2 FingerLoc Sensor Module
44	0x1234	46	VA-502 Mainboard
45	0x010e	47	Innovage Mini Digital Camera
46	0x010f	47	SDC-300 Webcam
47	0x020f	47	Digital Photo Viewer
48	0x2468	47	CIF Single Chip
49	0x2600	47	PAC7311
50	0x2603	47	Philips Webcam SPC500NC
51	0x2608	47	Maxell MaxCam RotaWeb
52	0x2620	47	C3 Tech Mod. 153
53	0x0704	48	CM 200E Cable Modem
54	0x0105	50	Rhino R1T1
55	0x0205	50	Rhino R4FXO
56	0x0206	50	RCB4FXO 4-channel FXO analog telphony card
57	0x0305	50	Rhino R4T1
58	0x0405	50	Rhino R8FXX
59	0x0406	50	RCB8FXX 8-channel modular analog telphony card
60	0x0505	50	Rhino R24FXX
61	0x0506	50	RCB24FXS 24-Channel FXS analog telphony card
62	0x0605	50	Rhino R2T1
63	0x0705	50	Rhino R24FXS
64	0x0706	50	RCB24FXO 24-Channel FXO analog telphony card
65	0x0905	50	R1T3 Single T3 Digital Telephony Card
66	0x0906	50	RCB24FXX 24-channel modular analog telphony card
67	0x0a06	50	RCB672FXX 672-channel modular analog telphony card
68	0x064f	52	Trance Vibrator
69	0x0038	53	Cinergy T^2 DVB-T Receiver
70	0x0001	54	PCI to EISA Bridge
71	0x0002	54	PCI to ISA Bridge
72	0x0046	54	Smart Array 64xx
73	0x0049	54	NC7132 Gigabit Upgrade Module
74	0x004a	54	NC6136 Gigabit Server Adapter
75	0x005a	54	Remote Insight II board - Lights-Out
76	0x007c	54	NC7770 1000BaseTX
77	0x007d	54	NC6770 1000BaseTX
78	0x0085	54	NC7780 1000BaseTX
79	0x00b1	54	Remote Insight II board - PCI device
80	0x00bb	54	NC7760
81	0x00ca	54	NC7771
82	0x00cb	54	NC7781
83	0x00cf	54	NC7772
84	0x00d0	54	NC7782
85	0x00d1	54	NC7783
86	0x00e3	54	NC7761
87	0x0508	54	Netelligent 4/16 Token Ring
88	0x1000	54	Triflex/Pentium Bridge, Model 1000
89	0x2000	54	Triflex/Pentium Bridge, Model 2000
90	0x3032	54	QVision 1280/p
91	0x3033	54	QVision 1280/p
92	0x3034	54	QVision 1280/p
93	0x4000	54	4000 [Triflex]
94	0x4040	54	Integrated Array
95	0x4048	54	Compaq Raid LC2
96	0x4050	54	Smart Array 4200
97	0x4051	54	Smart Array 4250ES
98	0x4058	54	Smart Array 431
99	0x4070	54	Smart Array 5300
100	0x4080	54	Smart Array 5i
101	0x4082	54	Smart Array 532
102	0x4083	54	Smart Array 5312
103	0x4091	54	Smart Array 6i
104	0x409a	54	Smart Array 641
105	0x409b	54	Smart Array 642
106	0x409c	54	Smart Array 6400
107	0x409d	54	Smart Array 6400 EM
108	0x6010	54	HotPlug PCI Bridge 6010
109	0x7020	54	USB Controller
110	0xa0ec	54	Fibre Channel Host Controller
111	0xa0f0	54	Advanced System Management Controller
112	0xa0f3	54	Triflex PCI to ISA Bridge
113	0xa0f7	54	PCI Hotplug Controller
114	0xa0f8	54	ZFMicro Chipset USB
115	0xa0fc	54	FibreChannel HBA Tachyon
116	0xae10	54	Smart-2/P RAID Controller
117	0xae29	54	MIS-L
118	0xae2a	54	MPC
119	0xae2b	54	MIS-E
120	0xae31	54	System Management Controller
121	0xae32	54	Netelligent 10/100 TX PCI UTP
122	0xae33	54	Triflex Dual EIDE Controller
123	0xae34	54	Netelligent 10 T PCI UTP
124	0xae35	54	Integrated NetFlex-3/P
125	0xae40	54	Netelligent Dual 10/100 TX PCI UTP
126	0xae43	54	Netelligent Integrated 10/100 TX UTP
127	0xae69	54	CETUS-L
128	0xae6c	54	Northstar
129	0xae6d	54	NorthStar CPU to PCI Bridge
130	0xb011	54	Netelligent 10/100 TX Embedded UTP
131	0xb012	54	Netelligent 10 T/2 PCI UTP/Coax
132	0xb01e	54	NC3120 Fast Ethernet NIC
133	0xb01f	54	NC3122 Fast Ethernet NIC
134	0xb02f	54	NC1120 Ethernet NIC
135	0xb030	54	Netelligent 10/100 TX UTP
136	0xb04a	54	10/100 TX PCI Intel WOL UTP Controller
137	0xb060	54	Smart Array 5300 Controller
138	0xb0c6	54	NC3161 Fast Ethernet NIC
139	0xb0c7	54	NC3160 Fast Ethernet NIC
140	0xb0d7	54	NC3121 Fast Ethernet NIC
141	0xb0dd	54	NC3131 Fast Ethernet NIC
142	0xb0de	54	NC3132 Fast Ethernet Module
143	0xb0df	54	NC6132 Gigabit Module
144	0xb0e0	54	NC6133 Gigabit Module
145	0xb0e1	54	NC3133 Fast Ethernet Module
146	0xb123	54	NC6134 Gigabit NIC
147	0xb134	54	NC3163 Fast Ethernet NIC
148	0xb13c	54	NC3162 Fast Ethernet NIC
149	0xb144	54	NC3123 Fast Ethernet NIC
150	0xb163	54	NC3134 Fast Ethernet NIC
151	0xb164	54	NC3165 Fast Ethernet Upgrade Module
152	0xb178	54	Smart Array 5i/532
153	0xb1a4	54	NC7131 Gigabit Server Adapter
154	0xb200	54	Memory Hot-Plug Controller
155	0xb203	54	Integrated Lights Out Controller
156	0xb204	54	Integrated Lights Out  Processor
157	0xc000	54	Remote Insight Lights-Out Edition
158	0xf130	54	NetFlex-3/P ThunderLAN 1.0
159	0xf150	54	NetFlex-3/P ThunderLAN 2.3
160	0x0008	57	Ethernet Powerlink Managing Node 01
161	0x0001	59	53c810
162	0x0002	59	53c820
163	0x0003	59	53c825
164	0x0004	59	53c815
165	0x0005	59	53c810AP
166	0x0006	59	53c860
167	0x000a	59	53c1510
168	0x000b	59	53C896/897
169	0x000c	59	53c895
170	0x000d	59	53c885
171	0x000f	59	53c875
172	0x0010	59	53C1510
173	0x0012	59	53c895a
174	0x0013	59	53c875a
175	0x0020	59	53c1010 Ultra3 SCSI Adapter
176	0x0021	59	53c1010 66MHz  Ultra3 SCSI Adapter
177	0x0030	59	53c1030 PCI-X Fusion-MPT Dual Ultra320 SCSI
178	0x0031	59	53c1030ZC PCI-X Fusion-MPT Dual Ultra320 SCSI
179	0x0032	59	53c1035 PCI-X Fusion-MPT Dual Ultra320 SCSI
180	0x0033	59	1030ZC_53c1035 PCI-X Fusion-MPT Dual Ultra320 SCSI
181	0x0040	59	53c1035 PCI-X Fusion-MPT Dual Ultra320 SCSI
182	0x0041	59	53C1035ZC PCI-X Fusion-MPT Dual Ultra320 SCSI
183	0x0050	59	SAS1064 PCI-X Fusion-MPT SAS
184	0x0054	59	SAS1068 PCI-X Fusion-MPT SAS
185	0x0055	59	SAS1068 PCI-X Fusion-MPT SAS
186	0x0056	59	SAS1064ET PCI-Express Fusion-MPT SAS
187	0x0057	59	M1064E MegaRAID SAS
188	0x0058	59	SAS1068E PCI-Express Fusion-MPT SAS
189	0x0059	59	MegaRAID SAS 8208ELP/8208ELP
190	0x005a	59	SAS1066E PCI-Express Fusion-MPT SAS
191	0x005b	59	MegaRAID SAS 2208 [Thunderbolt]
192	0x005c	59	SAS1064A PCI-X Fusion-MPT SAS
193	0x005d	59	MegaRAID SAS-3 3108 [Invader]
194	0x005e	59	SAS1066 PCI-X Fusion-MPT SAS
195	0x0060	59	MegaRAID SAS 1078
196	0x0062	59	SAS1078 PCI-Express Fusion-MPT SAS
197	0x0064	59	SAS2116 PCI-Express Fusion-MPT SAS-2 [Meteor]
198	0x0065	59	SAS2116 PCI-Express Fusion-MPT SAS-2 [Meteor]
199	0x006e	59	SAS2308 PCI-Express Fusion-MPT SAS-2
200	0x0070	59	SAS2004 PCI-Express Fusion-MPT SAS-2 [Spitfire]
201	0x0071	59	MR SAS HBA
202	0x0072	59	SAS2008 PCI-Express Fusion-MPT SAS-2 [Falcon]
203	0x0073	59	MegaRAID SAS 9240
204	0x0074	59	SAS2108 PCI-Express Fusion-MPT SAS-2 [Liberator]
205	0x0076	59	SAS2108 PCI-Express Fusion-MPT SAS-2 [Liberator]
206	0x0077	59	SAS2108 PCI-Express Fusion-MPT SAS-2 [Liberator]
207	0x0079	59	MegaRAID SAS 2108 [Liberator]
208	0x007c	59	MegaRAID SAS 1078DE
209	0x007e	59	SSS6200 PCI-Express Flash SSD
210	0x0080	59	SAS2208 PCI-Express Fusion-MPT SAS-2
211	0x0081	59	SAS2208 PCI-Express Fusion-MPT SAS-2
212	0x0082	59	SAS2208 PCI-Express Fusion-MPT SAS-2
213	0x0083	59	SAS2208 PCI-Express Fusion-MPT SAS-2
214	0x0084	59	SAS2208 PCI-Express Fusion-MPT SAS-2
215	0x0085	59	SAS2208 PCI-Express Fusion-MPT SAS-2
216	0x0086	59	SAS2308 PCI-Express Fusion-MPT SAS-2
217	0x0087	59	SAS2308 PCI-Express Fusion-MPT SAS-2
218	0x008f	59	53c875J
219	0x0090	59	SAS3108 PCI-Express Fusion-MPT SAS-3
220	0x0091	59	SAS3108 PCI-Express Fusion-MPT SAS-3
221	0x0094	59	SAS3108 PCI-Express Fusion-MPT SAS-3
222	0x0095	59	SAS3108 PCI-Express Fusion-MPT SAS-3
223	0x0096	59	SAS3004 PCI-Express Fusion-MPT SAS-3
224	0x0097	59	SAS3008 PCI-Express Fusion-MPT SAS-3
225	0x0407	59	MegaRAID
226	0x0408	59	MegaRAID
227	0x0409	59	MegaRAID
228	0x0411	59	MegaRAID SAS
229	0x0413	59	MegaRAID SAS Verde ZCR
230	0x0621	59	FC909 Fibre Channel Adapter
231	0x0622	59	FC929 Fibre Channel Adapter
232	0x0623	59	FC929 LAN
233	0x0624	59	FC919 Fibre Channel Adapter
234	0x0625	59	FC919 LAN
235	0x0626	59	FC929X Fibre Channel Adapter
236	0x0627	59	FC929X LAN
237	0x0628	59	FC919X Fibre Channel Adapter
238	0x0629	59	FC919X LAN
239	0x0640	59	FC949X Fibre Channel Adapter
240	0x0642	59	FC939X Fibre Channel Adapter
241	0x0646	59	FC949ES Fibre Channel Adapter
242	0x0701	59	83C885 NT50 DigitalScape Fast Ethernet
243	0x0702	59	Yellowfin G-NIC gigabit ethernet
244	0x0804	59	SA2010
245	0x0805	59	SA2010ZC
246	0x0806	59	SA2020
247	0x0807	59	SA2020ZC
248	0x0901	59	61C102
249	0x1000	59	63C815
250	0x1960	59	MegaRAID
251	0x6001	59	DX1 Multiformat Broadcast HD/SD Encoder/Decoder
252	0x0010	60	PCI 1616 Measurement card with 32 digital I/O lines
253	0x0011	60	OPTO-PCI Opto-Isolated digital I/O board
254	0x0012	60	PCI-AD/DA Analogue I/O board
255	0x0013	60	PCI-OPTO-RELAIS Digital I/O board with relay outputs
256	0x0014	60	PCI-Counter/Timer Counter Timer board
257	0x0015	60	PCI-DAC416 Analogue output board
258	0x0016	60	PCI-MFB Analogue I/O board
259	0x0017	60	PROTO-3 PCI Prototyping board
260	0x9100	60	INI-9100/9100W SCSI Host
261	0x1314	61	Wrestler HDMI Audio [Radeon HD 6250/6310]
262	0x3150	61	M24 1P [Radeon Mobility X600]
263	0x3151	61	M24 [FireMV 2400]
264	0x3152	61	M22 [Radeon Mobility X300]
265	0x3154	61	M24GL [Mobility FireGL V3200]
266	0x3171	61	M24 [FireMV 2400] (Secondary)
267	0x3e50	61	RV380 0x3e50 [Radeon X600]
268	0x3e54	61	RV380 0x3e54 [FireGL V3200]
269	0x3e70	61	RV380 [Radeon X600] (Secondary)
270	0x4136	61	Radeon IGP 320 M
271	0x4137	61	Radeon IGP330/340/350
272	0x4144	61	R300 AD [Radeon 9500 Pro]
273	0x4145	61	R300 AE [Radeon 9700 Pro]
274	0x4146	61	R300 AF [Radeon 9700 Pro]
275	0x4147	61	R300 AG [FireGL Z1/X1]
276	0x4148	61	R350 AH [Radeon 9800]
277	0x4149	61	R350 AI [Radeon 9800]
278	0x414a	61	R350 AJ [Radeon 9800]
279	0x414b	61	R350 AK [FireGL X2]
280	0x4150	61	RV350 AP [Radeon 9600]
281	0x4151	61	RV350 AQ [Radeon 9600]
282	0x4152	61	RV350 AR [Radeon 9600]
283	0x4153	61	RV350 AS [Radeon 9550]
284	0x4154	61	RV350 AT [FireGL T2]
285	0x4155	61	RV350 AU [FireGL T2]
286	0x4156	61	RV350 AV [FireGL T2]
287	0x4157	61	RV350 AW [FireGL T2]
288	0x4158	61	68800AX [Mach32]
289	0x4164	61	R300 AD [Radeon 9500 Pro] (Secondary)
290	0x4165	61	R300 AE [Radeon 9700 Pro] (Secondary)
291	0x4166	61	R300 AF [Radeon 9700 Pro] (Secondary)
292	0x4168	61	Radeon R350 [Radeon 9800] (Secondary)
293	0x4170	61	RV350 AP [Radeon 9600] (Secondary)
294	0x4171	61	RV350 AQ [Radeon 9600] (Secondary)
295	0x4172	61	RV350 AR [Radeon 9600] (Secondary)
296	0x4173	61	RV350 AS [Radeon 9550] (Secondary)
297	0x4237	61	Radeon 7000 IGP
298	0x4242	61	R200 BB [Radeon All in Wonder 8500DV]
299	0x4243	61	R200 BC [Radeon All in Wonder 8500]
300	0x4336	61	Radeon Mobility U1
301	0x4337	61	Radeon IGP 330M/340M/350M
302	0x4341	61	IXP150 AC'97 Audio Controller
303	0x4342	61	IXP200 3COM 3C920B Ethernet Controller
304	0x4345	61	EHCI USB Controller
305	0x4347	61	OHCI USB Controller #1
306	0x4348	61	OHCI USB Controller #2
307	0x4349	61	Dual Channel Bus Master PCI IDE Controller
308	0x434d	61	IXP AC'97 Modem
309	0x4353	61	SMBus
310	0x4354	61	215CT [Mach64 CT]
311	0x4358	61	210888CX [Mach64 CX]
312	0x4361	61	IXP SB300 AC'97 Audio Controller
313	0x4363	61	SMBus
314	0x436e	61	436E Serial ATA Controller
315	0x4370	61	IXP SB400 AC'97 Audio Controller
316	0x4371	61	IXP SB400 PCI-PCI Bridge
317	0x4372	61	IXP SB400 SMBus Controller
318	0x4373	61	IXP SB400 USB2 Host Controller
319	0x4374	61	IXP SB400 USB Host Controller
320	0x4375	61	IXP SB400 USB Host Controller
321	0x4376	61	IXP SB400 IDE Controller
322	0x4377	61	IXP SB400 PCI-ISA Bridge
323	0x4378	61	SB400 AC'97 Modem Controller
324	0x4379	61	IXP SB400 Serial ATA Controller
325	0x437a	61	IXP SB400 Serial ATA Controller
326	0x437b	61	IXP SB4x0 High Definition Audio Controller
327	0x4380	61	SB600 Non-Raid-5 SATA
328	0x4381	61	SB600 Raid-5 SATA
329	0x4382	61	SB600 AC97 Audio
330	0x4383	61	SBx00 Azalia (Intel HDA)
331	0x4384	61	SBx00 PCI to PCI Bridge
332	0x4385	61	SBx00 SMBus Controller
333	0x4386	61	SB600 USB Controller (EHCI)
334	0x4387	61	SB600 USB (OHCI0)
335	0x4388	61	SB600 USB (OHCI1)
336	0x4389	61	SB600 USB (OHCI2)
337	0x438a	61	SB600 USB (OHCI3)
338	0x438b	61	SB600 USB (OHCI4)
339	0x438c	61	SB600 IDE
340	0x438d	61	SB600 PCI to LPC Bridge
341	0x438e	61	SB600 AC97 Modem
342	0x4390	61	SB7x0/SB8x0/SB9x0 SATA Controller [IDE mode]
343	0x4391	61	SB7x0/SB8x0/SB9x0 SATA Controller [AHCI mode]
344	0x4392	61	SB7x0/SB8x0/SB9x0 SATA Controller [Non-RAID5 mode]
345	0x4393	61	SB7x0/SB8x0/SB9x0 SATA Controller [RAID5 mode]
346	0x4394	61	SB7x0/SB8x0/SB9x0 SATA Controller [AHCI mode]
347	0x4395	61	SB8x0/SB9x0 SATA Controller [Storage mode]
348	0x4396	61	SB7x0/SB8x0/SB9x0 USB EHCI Controller
349	0x4397	61	SB7x0/SB8x0/SB9x0 USB OHCI0 Controller
350	0x4398	61	SB7x0 USB OHCI1 Controller
351	0x4399	61	SB7x0/SB8x0/SB9x0 USB OHCI2 Controller
352	0x439c	61	SB7x0/SB8x0/SB9x0 IDE Controller
353	0x439d	61	SB7x0/SB8x0/SB9x0 LPC host controller
354	0x43a0	61	SB700/SB800 PCI to PCI bridge (PCIE port 0)
355	0x43a1	61	SB700/SB800 PCI to PCI bridge (PCIE port 1)
356	0x4437	61	Radeon Mobility 7000 IGP
357	0x4554	61	210888ET [Mach64 ET]
358	0x4654	61	Mach64 VT
359	0x4742	61	3D Rage Pro AGP 1X/2X
360	0x4744	61	3D Rage Pro AGP 1X
361	0x4747	61	3D Rage Pro
362	0x4749	61	3D Rage Pro
363	0x474c	61	Rage XC
364	0x474d	61	Rage XL AGP 2X
365	0x474e	61	Rage XC AGP
366	0x474f	61	Rage XL
367	0x4750	61	3D Rage Pro 215GP
368	0x4751	61	3D Rage Pro 215GQ
369	0x4752	61	Rage XL
370	0x4753	61	Rage XC
371	0x4754	61	3D Rage I/II 215GT [Mach64 GT]
372	0x4755	61	3D Rage II+ 215GTB [Mach64 GTB]
373	0x4756	61	3D Rage IIC 215IIC [Mach64 GT IIC]
374	0x4757	61	3D Rage IIC AGP
375	0x4758	61	210888GX [Mach64 GX]
376	0x4759	61	3D Rage IIC
377	0x475a	61	3D Rage IIC AGP
378	0x4964	61	Radeon RV250 Id [Radeon 9000]
379	0x4965	61	Radeon RV250 Ie [Radeon 9000]
380	0x4966	61	Radeon RV250 If [Radeon 9000]
381	0x4967	61	Radeon RV250 Ig [Radeon 9000]
382	0x496e	61	Radeon RV250 [Radeon 9000] (Secondary)
383	0x4a48	61	R420 JH [Radeon X800]
384	0x4a49	61	R420 JI [Radeon X800PRO]
385	0x4a4a	61	R420 JJ [Radeon X800SE]
386	0x4a4b	61	R420 JK [Radeon X800]
387	0x4a4c	61	R420 JL [Radeon X800]
388	0x4a4d	61	R420 JM [FireGL X3]
389	0x4a4e	61	M18 JN [Radeon Mobility 9800]
390	0x4a4f	61	Radeon X800 SE (R420) (AGP)
391	0x4a50	61	R420 JP [Radeon X800XT]
392	0x4a54	61	R420 [Radeon X800 VE]
393	0x4a69	61	R420 [Radeon X800 PRO/GTO] (Secondary)
394	0x4a6a	61	R420 [Radeon X800] (Secondary)
395	0x4a6b	61	R420 [Radeon X800] (Secondary)
396	0x4a70	61	R420 [X800XT-PE] (Secondary)
397	0x4a74	61	R420 [Radeon X800 VE] (Secondary)
398	0x4b48	61	Radeon X850 Consumer (R481)
399	0x4b49	61	R480 [Radeon X850XT]
400	0x4b4a	61	Radeon X850 SE (R480) (AGP)
401	0x4b4b	61	R480 [Radeon X850Pro]
402	0x4b4c	61	R481 [Radeon X850XT-PE]
403	0x4b69	61	R480 [Radeon X850XT] (Secondary)
404	0x4b6b	61	R480 [Radeon X850Pro] (Secondary)
405	0x4b6c	61	R481 [Radeon X850XT-PE] (Secondary)
406	0x4c42	61	3D Rage LT Pro AGP-133
407	0x4c44	61	3D Rage LT Pro AGP-66
408	0x4c45	61	Rage Mobility M3 AGP
409	0x4c46	61	Rage Mobility M3 AGP 2x
410	0x4c47	61	3D Rage LT-G 215LG
411	0x4c49	61	3D Rage LT Pro
412	0x4c4d	61	Rage Mobility P/M AGP 2x
413	0x4c4e	61	Rage Mobility L AGP 2x
414	0x4c50	61	3D Rage LT Pro
415	0x4c51	61	3D Rage LT Pro
416	0x4c52	61	Rage Mobility P/M
417	0x4c53	61	Rage Mobility L
418	0x4c54	61	264LT [Mach64 LT]
419	0x4c57	61	Radeon Mobility M7 LW [Radeon Mobility 7500]
\.


--
-- Name: devices_id_seq; Type: SEQUENCE SET; Schema: public; Owner: ode
--

SELECT pg_catalog.setval('devices_id_seq', 419, true);


--
-- Data for Name: equipment; Type: TABLE DATA; Schema: public; Owner: ode
--

COPY equipment (id, inventory_id, room_id, responsible_id, domain_name, md5sum, accepted_at, deleted_at, allow_del_at, created_at, updated_at) FROM stdin;
1	1	7	17	lib 13	\N	\N	2013-06-15 14:50:11.191621	\N	2013-06-15 14:50:11.151464	2013-06-15 14:50:11.196917
2	20	3	14	fire 4	\N	\N	2013-06-15 14:50:11.230821	\N	2013-06-15 14:50:11.224865	2013-06-15 14:50:11.23247
4	31	10	13	mars 18	\N	2013-06-15 14:50:11.266112	\N	\N	2013-06-15 14:50:11.255673	2013-06-15 14:50:11.269563
5	8	10	1	mars 5	\N	\N	2013-06-15 14:50:11.328466	\N	2013-06-15 14:50:11.30483	2013-06-15 14:50:11.332152
6	26	4	6	stone 5	\N	2013-06-15 14:50:11.356783	2013-06-15 14:50:11.357132	\N	2013-06-15 14:50:11.346024	2013-06-15 14:50:11.360348
7	20	6	1	fire 3	\N	\N	2013-06-15 14:50:11.397167	\N	2013-06-15 14:50:11.382309	2013-06-15 14:50:11.400091
8	13	9	1	gorynich 18	\N	\N	2013-06-15 14:50:11.440759	\N	2013-06-15 14:50:11.423941	2013-06-15 14:50:11.444311
9	48	7	2	stone 3	\N	2013-06-15 14:50:11.488737	2013-06-15 14:50:11.489109	\N	2013-06-15 14:50:11.470573	2013-06-15 14:50:11.492443
10	26	5	14	gorynich 20	\N	2013-06-15 14:50:11.528189	\N	\N	2013-06-15 14:50:11.518283	2013-06-15 14:50:11.530006
11	18	1	2	stone 20	\N	\N	2013-06-15 14:50:11.546732	\N	2013-06-15 14:50:11.539409	2013-06-15 14:50:11.549862
12	11	5	11	mars 17	\N	\N	\N	\N	2013-06-15 14:50:11.577274	2013-06-15 14:50:11.577274
13	2	7	1	mars 23	\N	2013-06-15 14:50:11.644396	\N	\N	2013-06-15 14:50:11.623909	2013-06-15 14:50:11.648022
14	11	4	14	ghost 4	\N	\N	2013-06-15 14:50:11.68737	\N	2013-06-15 14:50:11.67075	2013-06-15 14:50:11.690953
15	7	1	2	gorynich 10	\N	\N	2013-06-15 14:50:11.750569	\N	2013-06-15 14:50:11.726769	2013-06-15 14:50:11.754222
16	45	7	6	ghost 1	\N	\N	2013-06-15 14:50:11.782386	\N	2013-06-15 14:50:11.77057	2013-06-15 14:50:11.785774
17	8	10	17	ice 21	\N	\N	2013-06-15 14:50:11.832338	\N	2013-06-15 14:50:11.826351	2013-06-15 14:50:11.834343
18	40	9	14	fire 9	\N	\N	2013-06-15 14:50:11.882254	\N	2013-06-15 14:50:11.8619	2013-06-15 14:50:11.885863
19	31	7	2	monster 18	\N	2013-06-15 14:50:11.925904	2013-06-15 14:50:11.926284	\N	2013-06-15 14:50:11.908941	2013-06-15 14:50:11.929697
20	43	8	12	gorynich 16	\N	\N	2013-06-15 14:50:11.954954	\N	2013-06-15 14:50:11.943979	2013-06-15 14:50:11.958521
21	42	5	17	monster 8	\N	2013-06-15 14:50:12.017092	\N	\N	2013-06-15 14:50:11.993419	2013-06-15 14:50:12.020712
22	48	6	11	gorynich 1	\N	\N	2013-06-15 14:50:12.045384	\N	2013-06-15 14:50:12.034886	2013-06-15 14:50:12.048759
23	6	3	2	lib 17	\N	\N	\N	\N	2013-06-15 14:50:12.072275	2013-06-15 14:50:12.072275
24	7	7	12	fire 8	\N	2013-06-15 14:50:12.11577	2013-06-15 14:50:12.116121	\N	2013-06-15 14:50:12.103714	2013-06-15 14:50:12.119531
25	25	2	13	gorynich 13	\N	2013-06-15 14:50:12.163568	2013-06-15 14:50:12.163937	\N	2013-06-15 14:50:12.144946	2013-06-15 14:50:12.167285
26	11	11	14	fire 10	\N	\N	\N	\N	2013-06-15 14:50:12.190895	2013-06-15 14:50:12.190895
27	37	3	1	stone 23	\N	2013-06-15 14:50:12.249762	\N	\N	2013-06-15 14:50:12.230951	2013-06-15 14:50:12.253447
29	14	1	14	mars 17	\N	\N	2013-06-15 14:50:12.34478	\N	2013-06-15 14:50:12.319464	2013-06-15 14:50:12.348373
30	20	6	13	stone 12	\N	2013-06-15 14:50:12.381754	2013-06-15 14:50:12.382116	\N	2013-06-15 14:50:12.367249	2013-06-15 14:50:12.385592
31	30	5	14	fire 12	\N	2013-06-15 14:50:12.417674	2013-06-15 14:50:12.418024	\N	2013-06-15 14:50:12.404433	2013-06-15 14:50:12.4213
32	38	11	13	lib 19	\N	2013-06-15 14:50:12.497161	\N	\N	2013-06-15 14:50:12.453529	2013-06-15 14:50:12.500725
33	46	2	12	ghost 4	\N	2013-06-15 14:50:12.529763	\N	\N	2013-06-15 14:50:12.517486	2013-06-15 14:50:12.533308
34	34	11	6	mars 15	\N	\N	\N	\N	2013-06-15 14:50:12.548288	2013-06-15 14:50:12.548288
35	40	3	6	fire 3	\N	\N	2013-06-15 14:50:12.605366	\N	2013-06-15 14:50:12.585257	2013-06-15 14:50:12.608987
36	15	3	6	ice 13	\N	\N	2013-06-15 14:50:12.657625	\N	2013-06-15 14:50:12.637739	2013-06-15 14:50:12.661319
37	49	8	14	gorynich 23	\N	\N	2013-06-15 14:50:12.709393	\N	2013-06-15 14:50:12.689766	2013-06-15 14:50:12.713069
38	39	1	13	gorynich 13	\N	\N	\N	\N	2013-06-15 14:50:12.738417	2013-06-15 14:50:12.738417
39	33	9	14	mars 20	\N	2013-06-15 14:50:12.786743	\N	\N	2013-06-15 14:50:12.772502	2013-06-15 14:50:12.790199
40	32	11	11	ghost 23	\N	2013-06-15 14:50:12.838153	\N	\N	2013-06-15 14:50:12.818591	2013-06-15 14:50:12.84179
41	8	7	6	stone 18	\N	2013-06-15 14:50:12.890634	\N	\N	2013-06-15 14:50:12.870478	2013-06-15 14:50:12.894261
42	17	7	6	mars 4	\N	\N	2013-06-15 14:50:12.941679	\N	2013-06-15 14:50:12.922523	2013-06-15 14:50:12.945151
43	47	5	17	lib 8	\N	\N	2013-06-15 14:50:12.981296	\N	2013-06-15 14:50:12.9668	2013-06-15 14:50:12.984686
44	6	11	17	fire 21	\N	2013-06-15 14:50:13.020444	\N	\N	2013-06-15 14:50:13.006027	2013-06-15 14:50:13.023889
45	37	7	12	ice 7	\N	\N	2013-06-15 14:50:13.07838	\N	2013-06-15 14:50:13.056458	2013-06-15 14:50:13.081977
46	27	9	11	mars 23	\N	\N	\N	\N	2013-06-15 14:50:13.110195	2013-06-15 14:50:13.110195
47	23	7	6	fire 19	\N	2013-06-15 14:50:13.201745	2013-06-15 14:50:13.202741	\N	2013-06-15 14:50:13.181656	2013-06-15 14:50:13.206144
48	38	11	13	ghost 13	\N	\N	2013-06-15 14:50:13.243098	\N	2013-06-15 14:50:13.227935	2013-06-15 14:50:13.246708
49	20	8	6	fire 6	\N	\N	\N	\N	2013-06-15 14:50:13.279375	2013-06-15 14:50:13.279375
50	24	4	14	ghost 12	\N	\N	2013-06-15 14:50:13.339289	\N	2013-06-15 14:50:13.322058	2013-06-15 14:50:13.342823
51	32	8	13	fire 7	\N	2013-06-15 14:50:13.381238	2013-06-15 14:50:13.381427	\N	2013-06-15 14:50:13.369987	2013-06-15 14:50:13.383066
53	7	2	6	ice 22	\N	\N	\N	\N	2013-06-15 14:50:13.440664	2013-06-15 14:50:13.440664
54	36	5	13	stone 1	\N	\N	2013-06-15 14:50:13.519399	\N	2013-06-15 14:50:13.495514	2013-06-15 14:50:13.523087
55	26	12	2	gorynich 7	\N	2013-06-15 14:50:13.560474	2013-06-15 14:50:13.560868	\N	2013-06-15 14:50:13.544702	2013-06-15 14:50:13.564264
56	4	12	13	fire 5	\N	2013-06-15 14:50:13.596885	2013-06-15 14:50:13.597231	\N	2013-06-15 14:50:13.583213	2013-06-15 14:50:13.600587
57	38	9	1	stone 12	\N	2013-06-15 14:50:13.641148	\N	\N	2013-06-15 14:50:13.62465	2013-06-15 14:50:13.64466
58	11	4	6	ghost 21	\N	\N	\N	\N	2013-06-15 14:50:13.658549	2013-06-15 14:50:13.658549
59	30	4	2	ice 24	\N	\N	\N	\N	2013-06-15 14:50:13.701322	2013-06-15 14:50:13.701322
60	34	9	13	mars 20	\N	2013-06-15 14:50:13.751958	\N	\N	2013-06-15 14:50:13.739962	2013-06-15 14:50:13.755305
61	40	11	6	ghost 20	\N	2013-06-15 14:50:13.840398	\N	\N	2013-06-15 14:50:13.8003	2013-06-15 14:50:13.843841
62	44	6	1	mars 16	\N	2013-06-15 14:50:13.897423	\N	\N	2013-06-15 14:50:13.875474	2013-06-15 14:50:13.900992
63	32	7	6	gorynich 1	\N	2013-06-15 14:50:13.949194	\N	\N	2013-06-15 14:50:13.929726	2013-06-15 14:50:13.952793
64	2	7	11	fire 14	\N	\N	2013-06-15 14:50:14.009958	\N	2013-06-15 14:50:13.986529	2013-06-15 14:50:14.013645
65	7	1	1	stone 8	\N	\N	2013-06-15 14:50:14.046938	\N	2013-06-15 14:50:14.032872	2013-06-15 14:50:14.050523
66	5	8	1	fire 9	\N	2013-06-15 14:50:14.075646	2013-06-15 14:50:14.076008	\N	2013-06-15 14:50:14.065123	2013-06-15 14:50:14.079372
67	15	1	11	ghost 19	\N	2013-06-15 14:50:14.116462	2013-06-15 14:50:14.116861	\N	2013-06-15 14:50:14.100881	2013-06-15 14:50:14.120172
68	37	1	2	monster 13	\N	\N	2013-06-15 14:50:14.174186	\N	2013-06-15 14:50:14.153166	2013-06-15 14:50:14.177672
69	1	11	12	gorynich 21	\N	\N	\N	\N	2013-06-15 14:50:14.200501	2013-06-15 14:50:14.200501
70	47	4	12	lib 18	\N	2013-06-15 14:50:14.258336	2013-06-15 14:50:14.258701	\N	2013-06-15 14:50:14.240215	2013-06-15 14:50:14.262109
71	41	5	6	ice 19	\N	\N	2013-06-15 14:50:14.323255	\N	2013-06-15 14:50:14.298042	2013-06-15 14:50:14.326858
72	10	12	6	monster 9	\N	2013-06-15 14:50:14.360338	2013-06-15 14:50:14.360739	\N	2013-06-15 14:50:14.34613	2013-06-15 14:50:14.364157
73	31	10	11	ghost 20	\N	2013-06-15 14:50:14.4126	\N	\N	2013-06-15 14:50:14.392543	2013-06-15 14:50:14.416109
74	41	11	17	fire 18	\N	\N	2013-06-15 14:50:14.471295	\N	2013-06-15 14:50:14.448622	2013-06-15 14:50:14.474861
76	30	1	17	ghost 9	\N	2013-06-15 14:50:14.595554	2013-06-15 14:50:14.595925	\N	2013-06-15 14:50:14.576859	2013-06-15 14:50:14.599314
77	25	6	17	stone 22	\N	\N	2013-06-15 14:50:14.638959	\N	2013-06-15 14:50:14.621679	2013-06-15 14:50:14.64251
78	36	11	2	gorynich 7	\N	2013-06-15 14:50:14.671657	\N	\N	2013-06-15 14:50:14.658888	2013-06-15 14:50:14.675172
79	38	6	14	ghost 21	\N	2013-06-15 14:50:14.709108	2013-06-15 14:50:14.709487	\N	2013-06-15 14:50:14.694815	2013-06-15 14:50:14.712917
80	37	3	2	fire 4	\N	\N	\N	\N	2013-06-15 14:50:14.739813	2013-06-15 14:50:14.739813
81	10	6	17	ghost 10	\N	2013-06-15 14:50:14.790846	2013-06-15 14:50:14.791198	\N	2013-06-15 14:50:14.776062	2013-06-15 14:50:14.794437
82	32	5	6	monster 14	\N	2013-06-15 14:50:14.823227	2013-06-15 14:50:14.823571	\N	2013-06-15 14:50:14.810948	2013-06-15 14:50:14.826825
83	22	8	11	ice 15	\N	\N	\N	\N	2013-06-15 14:50:14.858992	2013-06-15 14:50:14.858992
84	41	3	12	mars 8	\N	2013-06-15 14:50:14.920815	\N	\N	2013-06-15 14:50:14.903118	2013-06-15 14:50:14.924506
85	25	12	14	mars 18	\N	2013-06-15 14:50:14.968061	\N	\N	2013-06-15 14:50:14.949049	2013-06-15 14:50:14.971588
86	24	4	12	ghost 7	\N	\N	\N	\N	2013-06-15 14:50:15.006915	2013-06-15 14:50:15.006915
87	37	7	2	lib 8	\N	2013-06-15 14:50:15.06429	2013-06-15 14:50:15.064676	\N	2013-06-15 14:50:15.049268	2013-06-15 14:50:15.067992
88	9	8	13	ghost 19	\N	2013-06-15 14:50:15.106697	2013-06-15 14:50:15.107045	\N	2013-06-15 14:50:15.090577	2013-06-15 14:50:15.110341
89	38	11	17	gorynich 12	\N	\N	2013-06-15 14:50:15.140275	\N	2013-06-15 14:50:15.127583	2013-06-15 14:50:15.143701
90	24	10	17	stone 12	\N	2013-06-15 14:50:15.164049	\N	\N	2013-06-15 14:50:15.154256	2013-06-15 14:50:15.167238
91	34	6	17	monster 5	\N	\N	2013-06-15 14:50:15.24471	\N	2013-06-15 14:50:15.223502	2013-06-15 14:50:15.248412
92	7	2	2	mars 24	\N	2013-06-15 14:50:15.297267	2013-06-15 14:50:15.297621	\N	2013-06-15 14:50:15.277867	2013-06-15 14:50:15.301015
93	3	4	1	lib 3	\N	\N	2013-06-15 14:50:15.326538	\N	2013-06-15 14:50:15.315393	2013-06-15 14:50:15.330793
94	9	9	14	mars 15	\N	2013-06-15 14:50:15.374004	2013-06-15 14:50:15.374364	\N	2013-06-15 14:50:15.356199	2013-06-15 14:50:15.378014
95	4	4	11	stone 2	\N	\N	\N	\N	2013-06-15 14:50:15.404481	2013-06-15 14:50:15.404481
3	12	9	13	ghost 1	\N	\N	2013-06-15 15:09:46.107865	\N	2013-06-15 14:50:11.240684	2013-06-15 15:09:46.118175
75	22	7	11	mars 24	\N	2013-06-15 16:54:07.767741	\N	\N	2013-06-15 14:50:14.518862	2013-06-15 16:54:07.769741
52	23	6	17	monster 5	\N	2013-06-15 16:54:11.671294	\N	\N	2013-06-15 14:50:13.398555	2013-06-15 16:54:11.673354
96	44	12	11	fire 12	\N	\N	2013-06-15 14:50:15.444827	\N	2013-06-15 14:50:15.43366	2013-06-15 14:50:15.448252
97	45	3	6	mars 12	\N	2013-06-15 14:50:15.502875	\N	\N	2013-06-15 14:50:15.480789	2013-06-15 14:50:15.506434
98	26	11	1	stone 13	\N	2013-06-15 14:50:15.542327	\N	\N	2013-06-15 14:50:15.527405	2013-06-15 14:50:15.545867
99	28	8	6	stone 22	\N	\N	2013-06-15 14:50:15.586417	\N	2013-06-15 14:50:15.569138	2013-06-15 14:50:15.58991
100	26	4	12	stone 9	\N	2013-06-15 14:50:15.64262	\N	\N	2013-06-15 14:50:15.620875	2013-06-15 14:50:15.646149
101	49	5	13	lib 21	\N	2013-06-15 14:50:15.671885	\N	\N	2013-06-15 14:50:15.660928	2013-06-15 14:50:15.675227
102	18	4	14	monster 7	\N	2013-06-15 14:50:15.712444	2013-06-15 14:50:15.712844	\N	2013-06-15 14:50:15.696663	2013-06-15 14:50:15.71627
103	15	4	14	gorynich 2	\N	\N	\N	\N	2013-06-15 14:50:15.752507	2013-06-15 14:50:15.752507
104	18	5	17	ice 19	\N	\N	2013-06-15 14:50:15.827738	\N	2013-06-15 14:50:15.804883	2013-06-15 14:50:15.831286
105	35	12	12	gorynich 8	\N	2013-06-15 14:50:15.899479	2013-06-15 14:50:15.899861	\N	2013-06-15 14:50:15.861594	2013-06-15 14:50:15.90211
106	5	3	17	fire 23	\N	\N	2013-06-15 14:50:15.950572	\N	2013-06-15 14:50:15.92963	2013-06-15 14:50:15.954038
107	47	12	13	ghost 14	\N	\N	2013-06-15 14:50:16.002693	\N	2013-06-15 14:50:15.983243	2013-06-15 14:50:16.006624
108	31	9	12	mars 10	\N	\N	\N	\N	2013-06-15 14:50:16.037984	2013-06-15 14:50:16.037984
109	5	9	14	ice 20	\N	\N	2013-06-15 14:50:16.104745	\N	2013-06-15 14:50:16.0849	2013-06-15 14:50:16.108264
110	3	11	14	monster 11	\N	\N	2013-06-15 14:50:16.136627	\N	2013-06-15 14:50:16.124671	2013-06-15 14:50:16.139969
111	17	11	14	monster 7	\N	\N	2013-06-15 14:50:16.197636	\N	2013-06-15 14:50:16.174501	2013-06-15 14:50:16.201248
112	26	8	14	ghost 14	\N	2013-06-15 14:50:16.255902	2013-06-15 14:50:16.256265	\N	2013-06-15 14:50:16.233467	2013-06-15 14:50:16.259776
113	39	5	1	gorynich 3	\N	2013-06-15 14:50:16.310676	\N	\N	2013-06-15 14:50:16.28932	2013-06-15 14:50:16.314353
114	39	6	13	lib 22	\N	2013-06-15 14:50:16.343955	\N	\N	2013-06-15 14:50:16.331549	2013-06-15 14:50:16.34738
115	14	2	14	ice 10	\N	\N	2013-06-15 14:50:16.387051	\N	2013-06-15 14:50:16.372633	2013-06-15 14:50:16.390143
116	23	11	14	fire 9	\N	2013-06-15 14:50:16.410347	2013-06-15 14:50:16.410523	\N	2013-06-15 14:50:16.401872	2013-06-15 14:50:16.412167
117	49	9	2	monster 7	\N	\N	2013-06-15 14:50:16.464093	\N	2013-06-15 14:50:16.442513	2013-06-15 14:50:16.467659
118	15	3	11	fire 3	\N	2013-06-15 14:50:16.500604	\N	\N	2013-06-15 14:50:16.486558	2013-06-15 14:50:16.504042
119	32	1	12	stone 24	\N	\N	\N	\N	2013-06-15 14:50:16.555322	2013-06-15 14:50:16.555322
120	27	2	12	mars 22	\N	\N	\N	\N	2013-06-15 14:50:16.614258	2013-06-15 14:50:16.614258
121	21	1	13	mars 4	\N	\N	\N	\N	2013-06-15 14:50:16.641918	2013-06-15 14:50:16.641918
122	30	8	6	fire 4	\N	\N	2013-06-15 14:50:16.681466	\N	2013-06-15 14:50:16.670816	2013-06-15 14:50:16.685095
123	49	11	6	monster 18	\N	2013-06-15 14:50:16.710923	2013-06-15 14:50:16.711279	\N	2013-06-15 14:50:16.69967	2013-06-15 14:50:16.714615
124	38	12	2	ghost 23	\N	2013-06-15 14:50:16.769099	2013-06-15 14:50:16.769449	\N	2013-06-15 14:50:16.746924	2013-06-15 14:50:16.773062
125	24	1	14	ghost 9	\N	2013-06-15 14:50:16.802093	2013-06-15 14:50:16.802436	\N	2013-06-15 14:50:16.789848	2013-06-15 14:50:16.805701
127	15	11	2	stone 11	\N	2013-06-15 14:50:16.879415	2013-06-15 14:50:16.879612	\N	2013-06-15 14:50:16.866505	2013-06-15 14:50:16.881289
128	24	9	2	ghost 15	\N	\N	2013-06-15 14:50:16.91605	\N	2013-06-15 14:50:16.897924	2013-06-15 14:50:16.919523
129	11	2	11	ice 21	\N	2013-06-15 14:50:16.968557	2013-06-15 14:50:16.968901	\N	2013-06-15 14:50:16.948169	2013-06-15 14:50:16.972232
130	13	5	2	fire 17	\N	\N	2013-06-15 14:50:17.018637	\N	2013-06-15 14:50:16.999154	2013-06-15 14:50:17.022088
131	23	6	12	stone 21	\N	\N	2013-06-15 14:50:17.08017	\N	2013-06-15 14:50:17.060245	2013-06-15 14:50:17.083649
132	22	1	13	ice 6	\N	2013-06-15 14:50:17.134051	2013-06-15 14:50:17.134418	\N	2013-06-15 14:50:17.112718	2013-06-15 14:50:17.137914
133	33	12	12	mars 21	\N	\N	\N	\N	2013-06-15 14:50:17.154788	2013-06-15 14:50:17.154788
134	20	2	13	gorynich 8	\N	2013-06-15 14:50:17.200614	\N	\N	2013-06-15 14:50:17.185323	2013-06-15 14:50:17.204095
135	6	1	14	ice 9	\N	2013-06-15 14:50:17.282401	\N	\N	2013-06-15 14:50:17.262836	2013-06-15 14:50:17.286065
136	38	8	12	lib 1	\N	\N	\N	\N	2013-06-15 14:50:17.309191	2013-06-15 14:50:17.309191
137	18	9	14	mars 13	\N	2013-06-15 14:50:17.351493	\N	\N	2013-06-15 14:50:17.339334	2013-06-15 14:50:17.354973
138	33	3	2	stone 15	\N	\N	\N	\N	2013-06-15 14:50:17.383279	2013-06-15 14:50:17.383279
139	17	1	17	ghost 20	\N	\N	\N	\N	2013-06-15 14:50:17.414729	2013-06-15 14:50:17.414729
140	10	9	2	lib 14	\N	\N	\N	\N	2013-06-15 14:50:17.44572	2013-06-15 14:50:17.44572
142	36	11	17	ghost 14	\N	2013-06-15 14:50:17.532078	2013-06-15 14:50:17.532437	\N	2013-06-15 14:50:17.515129	2013-06-15 14:50:17.535786
143	46	6	6	gorynich 9	\N	2013-06-15 14:50:17.593437	2013-06-15 14:50:17.593789	\N	2013-06-15 14:50:17.569942	2013-06-15 14:50:17.59715
144	42	2	14	monster 20	\N	2013-06-15 14:50:17.640588	\N	\N	2013-06-15 14:50:17.622248	2013-06-15 14:50:17.644092
145	34	11	2	gorynich 20	\N	2013-06-15 14:50:17.691988	\N	\N	2013-06-15 14:50:17.672724	2013-06-15 14:50:17.695444
146	23	2	1	lib 6	\N	\N	\N	\N	2013-06-15 14:50:17.714151	2013-06-15 14:50:17.714151
147	36	11	13	stone 9	\N	2013-06-15 14:50:17.750654	\N	\N	2013-06-15 14:50:17.739858	2013-06-15 14:50:17.753994
148	10	1	6	lib 20	\N	\N	\N	\N	2013-06-15 14:50:17.781435	2013-06-15 14:50:17.781435
149	8	1	11	lib 9	\N	\N	\N	\N	2013-06-15 14:50:17.823401	2013-06-15 14:50:17.823401
150	42	6	2	ghost 1	\N	\N	\N	\N	2013-06-15 14:50:17.891309	2013-06-15 14:50:17.891309
28	17	10	6	monster 17	\N	2013-06-15 16:54:01.806652	\N	\N	2013-06-15 14:50:12.27303	2013-06-15 16:54:01.809507
126	43	10	13	ghost 12	\N	2013-06-15 16:54:05.683659	\N	\N	2013-06-15 14:50:16.826548	2013-06-15 16:54:05.685629
141	5	7	14	gorynich 10	\N	2013-06-15 16:54:09.669294	\N	\N	2013-06-15 14:50:17.47855	2013-06-15 16:54:09.671381
\.


--
-- Name: equipment_id_seq; Type: SEQUENCE SET; Schema: public; Owner: ode
--

SELECT pg_catalog.setval('equipment_id_seq', 150, true);


--
-- Data for Name: inventories; Type: TABLE DATA; Schema: public; Owner: ode
--

COPY inventories (id, inv_num, act_num, act_type_id, accept_date, body, created_at, updated_at) FROM stdin;
1	1	46803808	5	2013-06-15	some text #1	2013-06-15 14:49:49.210896	2013-06-15 14:49:49.210896
2	2	54043488	1	2013-06-15	some text #2	2013-06-15 14:49:49.222855	2013-06-15 14:49:49.222855
3	3	8323690	11	2013-06-15	some text #3	2013-06-15 14:49:49.232325	2013-06-15 14:49:49.232325
4	4	7905211	9	2013-06-15	some text #4	2013-06-15 14:49:49.242694	2013-06-15 14:49:49.242694
5	5	48239300	4	2013-06-15	some text #5	2013-06-15 14:49:49.258032	2013-06-15 14:49:49.258032
6	6	41304192	8	2013-06-15	some text #6	2013-06-15 14:49:49.274425	2013-06-15 14:49:49.274425
7	7	43792356	3	2013-06-15	some text #7	2013-06-15 14:49:49.289898	2013-06-15 14:49:49.289898
8	8	34145401	6	2013-06-15	some text #8	2013-06-15 14:49:49.305258	2013-06-15 14:49:49.305258
9	9	76637418	3	2013-06-15	some text #9	2013-06-15 14:49:49.342203	2013-06-15 14:49:49.342203
10	10	81389841	12	2013-06-15	some text #10	2013-06-15 14:49:49.350935	2013-06-15 14:49:49.350935
11	11	87000561	13	2013-06-15	some text #11	2013-06-15 14:49:49.360477	2013-06-15 14:49:49.360477
12	12	26117911	11	2013-06-15	some text #12	2013-06-15 14:49:49.370334	2013-06-15 14:49:49.370334
13	13	65629924	13	2013-06-15	some text #13	2013-06-15 14:49:49.37895	2013-06-15 14:49:49.37895
14	14	44826423	13	2013-06-15	some text #14	2013-06-15 14:49:49.387564	2013-06-15 14:49:49.387564
15	15	52590151	11	2013-06-15	some text #15	2013-06-15 14:49:49.399916	2013-06-15 14:49:49.399916
16	16	58223749	9	2013-06-15	some text #16	2013-06-15 14:49:49.415649	2013-06-15 14:49:49.415649
17	17	26700469	12	2013-06-15	some text #17	2013-06-15 14:49:49.431375	2013-06-15 14:49:49.431375
18	18	72128812	13	2013-06-15	some text #18	2013-06-15 14:49:49.447303	2013-06-15 14:49:49.447303
19	19	51139570	3	2013-06-15	some text #19	2013-06-15 14:49:49.462224	2013-06-15 14:49:49.462224
20	20	25429518	1	2013-06-15	some text #20	2013-06-15 14:49:49.477465	2013-06-15 14:49:49.477465
21	21	61284938	6	2013-06-15	some text #21	2013-06-15 14:49:49.492416	2013-06-15 14:49:49.492416
22	22	74203981	2	2013-06-15	some text #22	2013-06-15 14:49:49.508265	2013-06-15 14:49:49.508265
23	23	36751579	11	2013-06-15	some text #23	2013-06-15 14:49:49.524133	2013-06-15 14:49:49.524133
24	24	25779438	1	2013-06-15	some text #24	2013-06-15 14:49:49.539559	2013-06-15 14:49:49.539559
25	25	73472948	13	2013-06-15	some text #25	2013-06-15 14:49:49.555185	2013-06-15 14:49:49.555185
26	26	38681460	2	2013-06-15	some text #26	2013-06-15 14:49:49.571294	2013-06-15 14:49:49.571294
27	27	56407962	4	2013-06-15	some text #27	2013-06-15 14:49:49.586687	2013-06-15 14:49:49.586687
28	28	12392722	6	2013-06-15	some text #28	2013-06-15 14:49:49.602013	2013-06-15 14:49:49.602013
29	29	43370056	2	2013-06-15	some text #29	2013-06-15 14:49:49.617211	2013-06-15 14:49:49.617211
30	30	33736776	7	2013-06-15	some text #30	2013-06-15 14:49:49.63323	2013-06-15 14:49:49.63323
31	31	83901317	10	2013-06-15	some text #31	2013-06-15 14:49:49.648538	2013-06-15 14:49:49.648538
32	32	84844039	12	2013-06-15	some text #32	2013-06-15 14:49:49.690334	2013-06-15 14:49:49.690334
33	33	89298207	7	2013-06-15	some text #33	2013-06-15 14:49:49.703682	2013-06-15 14:49:49.703682
34	34	6545026	3	2013-06-15	some text #34	2013-06-15 14:49:49.719831	2013-06-15 14:49:49.719831
35	35	34052105	2	2013-06-15	some text #35	2013-06-15 14:49:49.735292	2013-06-15 14:49:49.735292
36	36	81671193	13	2013-06-15	some text #36	2013-06-15 14:49:49.75086	2013-06-15 14:49:49.75086
37	37	20568398	5	2013-06-15	some text #37	2013-06-15 14:49:49.76657	2013-06-15 14:49:49.76657
38	38	28849348	5	2013-06-15	some text #38	2013-06-15 14:49:49.782431	2013-06-15 14:49:49.782431
39	39	83194214	4	2013-06-15	some text #39	2013-06-15 14:49:49.798378	2013-06-15 14:49:49.798378
40	40	21482597	4	2013-06-15	some text #40	2013-06-15 14:49:49.814321	2013-06-15 14:49:49.814321
41	41	70088965	4	2013-06-15	some text #41	2013-06-15 14:49:49.829498	2013-06-15 14:49:49.829498
42	42	17139163	7	2013-06-15	some text #42	2013-06-15 14:49:49.845485	2013-06-15 14:49:49.845485
43	43	10907668	11	2013-06-15	some text #43	2013-06-15 14:49:49.861173	2013-06-15 14:49:49.861173
44	44	43176423	5	2013-06-15	some text #44	2013-06-15 14:49:49.877256	2013-06-15 14:49:49.877256
45	45	10239493	11	2013-06-15	some text #45	2013-06-15 14:49:49.892625	2013-06-15 14:49:49.892625
46	46	30628348	6	2013-06-15	some text #46	2013-06-15 14:49:49.902967	2013-06-15 14:49:49.902967
47	47	83928457	3	2013-06-15	some text #47	2013-06-15 14:49:49.911083	2013-06-15 14:49:49.911083
48	48	10715277	9	2013-06-15	some text #48	2013-06-15 14:49:49.919124	2013-06-15 14:49:49.919124
49	49	43112943	13	2013-06-15	some text #49	2013-06-15 14:49:49.927522	2013-06-15 14:49:49.927522
50	50	17486688	13	2013-06-15	some text #50	2013-06-15 14:49:49.939285	2013-06-15 14:49:49.939285
\.


--
-- Name: inventories_id_seq; Type: SEQUENCE SET; Schema: public; Owner: ode
--

SELECT pg_catalog.setval('inventories_id_seq', 50, true);


--
-- Data for Name: rooms; Type: TABLE DATA; Schema: public; Owner: ode
--

COPY rooms (id, name) FROM stdin;
1	2204
2	2204a
3	2205
4	2216
5	2217
6	1201
7	1202
8	1209
9	1211
10	1217
11	1310
12	1317
\.


--
-- Name: rooms_id_seq; Type: SEQUENCE SET; Schema: public; Owner: ode
--

SELECT pg_catalog.setval('rooms_id_seq', 13, true);


--
-- Data for Name: schema_migrations; Type: TABLE DATA; Schema: public; Owner: ode
--

COPY schema_migrations (version) FROM stdin;
20130408103847
20130221072648
20130221074937
20130221075259
20130221084735
20130319135331
20130310111102
20130310134618
20130221073629
20130220070746
20130221072046
20130221091924
20130220070745
\.


--
-- Data for Name: subsystems; Type: TABLE DATA; Schema: public; Owner: ode
--

COPY subsystems (id, device_id, subvendor_hex, subdevice_hex, name) FROM stdin;
1	2	0x001c	0x0004	2 Channel CAN Bus SJC1000
2	2	0x001c	0x0005	2 Channel CAN Bus SJC1000 (Optically Isolated)
3	72	0x0e11	0x4091	Smart Array 6i
4	72	0x0e11	0x409a	Smart Array 641
5	72	0x0e11	0x409b	Smart Array 642
6	72	0x0e11	0x409c	Smart Array 6400
7	72	0x0e11	0x409d	Smart Array 6400 EM
8	113	0x8086	0x002a	PCI Hotplug Controller A
9	113	0x8086	0x002b	PCI Hotplug Controller B
10	116	0x0e11	0x4030	Smart-2/P Array Controller
11	116	0x0e11	0x4031	Smart-2SL Array Controller
12	116	0x0e11	0x4032	Smart Array 3200 Controller
13	116	0x0e11	0x4033	Smart Array 3100ES Controller
14	116	0x0e11	0x4034	Smart Array 221 Controller
15	152	0x0e11	0x4080	Smart Array 5i
16	152	0x0e11	0x4082	Smart Array 532
17	152	0x0e11	0x4083	Smart Array 5312
18	161	0x1000	0x1000	LSI53C810AE PCI to SCSI I/O Processor
19	163	0x1000	0x1000	LSI53C825AE PCI to SCSI I/O Processor (Ultra Wide)
20	166	0x1000	0x1000	LSI53C860E PCI to Ultra SCSI I/O Processor
21	167	0x0e11	0xb143	Integrated Dual Channel Wide Ultra2 SCSI Controller
22	167	0x1000	0x1000	LSI53C1510 PCI to Dual Channel Wide Ultra2 SCSI Controller (Nonintelligent mode)
23	168	0x0e11	0x6004	EOB003 Series SCSI host adapter
24	168	0x1000	0x1000	LSI53C896/7 PCI to Dual Channel Ultra2 SCSI Multifunction Controller
25	168	0x1000	0x1010	LSI22910 PCI to Dual Channel Ultra2 SCSI host adapter
26	168	0x1000	0x1020	LSI21002 PCI to Dual Channel Ultra2 SCSI host adapter
27	168	0x13e9	0x1000	6221L-4U (Dual U2W SCSI, dual 10/100TX, graphics)
28	169	0x1000	0x1010	LSI8951U PCI to Ultra2 SCSI host adapter
29	169	0x1000	0x1020	LSI8952U PCI to Ultra2 SCSI host adapter
30	169	0x1de1	0x3906	DC-390U2B SCSI adapter
31	169	0x1de1	0x3907	DC-390U2W
32	171	0x0e11	0x7004	Embedded Ultra Wide SCSI Controller
33	171	0x1000	0x1000	LSI53C876/E PCI to Dual Channel SCSI Controller
34	171	0x1000	0x1010	LSI22801 PCI to Dual Channel Ultra SCSI host adapter
35	171	0x1000	0x1020	LSI22802 PCI to Dual Channel Ultra SCSI host adapter
36	171	0x1092	0x8760	FirePort 40 Dual SCSI Controller
37	171	0x1775	0x10d0	V5D Single Board Computer Wide Ultra SCSI
38	171	0x1775	0x10d1	V5D Single Board Computer Ultra SCSI
39	171	0x1de1	0x3904	DC390F/U Ultra Wide SCSI Adapter
40	171	0x4c53	0x1000	CC7/CR7/CP7/VC7/VP7/VR7 mainboard
41	171	0x4c53	0x1050	CT7 mainboard
42	172	0x0e11	0x4040	Integrated Smart Array Controller
43	172	0x0e11	0x4048	RAID LC2 Controller
44	172	0x1000	0x1000	53C1510 PCI to Dual Channel Wide Ultra2 SCSI Controller (Intelligent mode)
45	173	0x1000	0x1000	LSI53C895A PCI to Ultra2 SCSI Controller
46	174	0x1000	0x1000	LSI53C875A PCI to Ultra SCSI Controller
47	175	0x1000	0x1000	LSI53C1010-33 PCI to Dual Channel Ultra160 SCSI Controller
48	175	0x107b	0x1040	Server Onboard 53C1010-33
49	175	0x1de1	0x1020	DC-390U3W
50	176	0x1000	0x1000	LSI53C1000/1000R/1010R/1010-66 PCI to Ultra160 SCSI Controller
51	176	0x1000	0x1010	Asus TR-DLS onboard 53C1010-66
52	176	0x103c	0x1300	Ultra160 SCSI [AB306A]
53	176	0x103c	0x1310	Ultra160 SCSI [A9918A]
54	176	0x103c	0x1330	Ultra160 SCSI [A7059A]
55	176	0x103c	0x1340	Ultra160 SCSI [A7060A]
56	176	0x124b	0x1070	PMC-USCSI3
57	176	0x4c53	0x1080	CT8 mainboard
58	176	0x4c53	0x1300	P017 mezzanine (32-bit PMC)
59	176	0x4c53	0x1310	P017 mezzanine (64-bit PMC)
60	177	0x0e11	0x00da	ProLiant ML 350
61	177	0x1028	0x0123	LSI Logic 1020/1030
62	177	0x1028	0x014a	LSI Logic 1020/1030
63	177	0x1028	0x016c	PowerEdge 1850 MPT Fusion SCSI/RAID (Perc 4)
64	177	0x1028	0x0183	LSI Logic 1020/1030
65	177	0x1028	0x018a	PERC 4/IM
66	177	0x1028	0x1010	LSI U320 SCSI Controller
67	177	0x103c	0x12c5	Ultra320 SCSI [A7173A]
68	177	0x103c	0x1323	Core I/O LAN/SCSI Combo [AB314A]
69	177	0x103c	0x3108	Single Channel Ultra320 SCSI HBA G2
70	177	0x124b	0x1170	PMC-USCSI320
71	177	0x15ad	0x1976	LSI Logic Parallel SCSI Controller
72	177	0x1734	0x1052	PRIMERGY BX/RX/TX S2 series onboard SCSI(IME)
73	179	0x1000	0x1000	LSI53C1020/1030 PCI-X to Ultra320 SCSI Controller
74	181	0x1000	0x0033	MegaRAID SCSI 320-2XR
75	181	0x1000	0x0066	MegaRAID SCSI 320-2XRWS
76	183	0x1028	0x1f04	SAS 5/E
77	183	0x1028	0x1f09	SAS 5i/R
78	184	0x1028	0x1f04	SAS 5/E Adapter Controller
79	184	0x1028	0x1f05	SAS 5/i Adapter Controller
80	184	0x1028	0x1f06	SAS 5/i Integrated Controller
81	184	0x1028	0x1f07	SAS 5/iR Integrated RAID Controller
82	184	0x1028	0x1f08	SAS 5/iR Integrated RAID Controller
83	184	0x1028	0x1f09	SAS 5/iR Adapter RAID Controller
84	184	0x15ad	0x1976	SAS Controller
85	185	0x1033	0x8336	SAS1068
86	186	0x1014	0x03bb	ServeRAID BR10il SAS/SATA Controller v2
87	187	0x8086	0x346c	Embedded Software RAID Technology II (ESTRII)
88	188	0x1000	0x3140	SAS3081E-R 8-Port SAS/SATA Host Bus Adapter
89	188	0x1028	0x021d	SAS 6/iR Integrated Workstations RAID Controller
90	188	0x1028	0x1f0e	SAS 6/iR Adapter RAID Controller
91	188	0x1028	0x1f0f	SAS 6/iR Integrated Blades RAID Controller
92	188	0x1028	0x1f10	SAS 6/iR Integrated RAID Controller
93	188	0x103c	0x3229	SC44Ge Host Bus Adapter
94	191	0x1028	0x1f2d	PERC H810 Adapter
95	191	0x1028	0x1f30	PERC H710 Embedded
96	191	0x1028	0x1f31	PERC H710P Adapter
97	191	0x1028	0x1f33	PERC H710P Mini (for blades)
98	191	0x1028	0x1f34	PERC H710P Mini (for monolithics)
99	191	0x1028	0x1f35	PERC H710 Adapter
100	191	0x1028	0x1f37	PERC H710 Mini (for blades)
101	191	0x1028	0x1f38	PERC H710 Mini (for monolithics)
102	195	0x1000	0x1006	MegaRAID SAS 8888ELP
103	195	0x1000	0x100a	MegaRAID SAS 8708ELP
104	195	0x1000	0x100e	MegaRAID SAS 8884E
105	195	0x1000	0x100f	MegaRAID SAS 8708E
106	195	0x1000	0x1010	MegaRAID SATA 350-8ELP
107	195	0x1000	0x1011	MegaRAID SATA 350-4ELP
108	195	0x1000	0x1012	MegaRAID SAS 8704ELP
109	195	0x1000	0x1016	MegaRAID SAS 8880EM2
110	195	0x1014	0x0363	MegaRAID SAS PCI Express ROMB
111	195	0x1014	0x0364	SystemX MegaRAID SAS 8808E
112	195	0x1014	0x0365	SystemX MegaRAID SAS 8884E
113	195	0x1014	0x0379	SystemX MegaRAID SAS 8880EM2
114	195	0x1028	0x1f0a	PERC 6/E Adapter RAID Controller
115	195	0x1028	0x1f0b	PERC 6/i Adapter RAID Controller
116	195	0x1028	0x1f0c	PERC 6/i Integrated RAID Controller
117	195	0x1028	0x1f0d	PERC 6/i Integrated RAID Controller
118	195	0x1028	0x1f11	CERC 6/i Integrated RAID Controller
119	195	0x1033	0x835a	MegaRAID SAS PCI Express ROMB
120	195	0x1043	0x824d	MegaRAID SAS PCI Express ROMB
121	195	0x1170	0x002f	MegaRAID SAS PCI Express ROMB
122	195	0x1170	0x0036	MegaRAID SAS PCI Express ROMB
123	195	0x15d9	0xc080	MegaRAID SAS PCI Express ROMB
124	195	0x17aa	0x6b7c	MegaRAID SAS PCI Express ROMB
125	195	0x18a1	0x0003	LSI MegaRAID SAS PCI Express ROMB
126	195	0x8086	0x1006	RAID Controller SRCSAS28EP
127	195	0x8086	0x100a	RAID Controller SRCSAS28EV
128	195	0x8086	0x1010	RAID Controller SRCSATA28E
129	195	0x8086	0x34cc	Integrated RAID Controller SROMBSAS28E
130	195	0x8086	0x34cd	Integrated RAID Controller SROMBSAS28E
131	196	0x1000	0x0062	SAS1078 PCI-Express Fusion-MPT SAS
132	202	0x1028	0x1f1c	6Gbps SAS HBA Adapter
133	202	0x1028	0x1f1d	PERC H200 Adapter
134	202	0x1028	0x1f1e	PERC H200 Integrated
135	202	0x1028	0x1f1f	PERC H200 Modular
136	202	0x1028	0x1f20	PERC H200 Embedded
137	202	0x1028	0x1f22	Internal Tape Adapter
138	202	0x8086	0x350f	RMS2LL040 RAID Controller
139	203	0x1000	0x9240	MegaRAID SAS 9240-8i
140	203	0x1000	0x9241	MegaRAID SAS 9240-4i
141	203	0x1014	0x03b1	ServeRAID M1015 SAS/SATA Controller
142	203	0x1028	0x1f4e	PERC H310 Adapter
143	203	0x1028	0x1f4f	PERC H310 Integrated
144	203	0x1028	0x1f50	PERC H310 Mini Blades
145	203	0x1028	0x1f51	PERC H310 Mini Monolithics
146	203	0x1028	0x1f52	PERC H310 Embedded1
147	203	0x1028	0x1f53	PERC H310 Embedded2
148	203	0x1028	0x1f54	PERC H310 Reserved
149	203	0x1054	0x3035	LSI MegaRAID SAS 9240-8i
150	203	0x1137	0x0072	2004 iMR ROMB
151	203	0x1137	0x0073	2008 ROMB
152	203	0x15d9	0x0400	Supermicro SMC2008-iMR
153	203	0x1734	0x1177	RAID Ctrl SAS 6G 0/1 (D2607)
154	203	0x8086	0x350d	RMS2AF040 RAID Controller
155	203	0x8086	0x9240	RAID Controller RS2WC080
156	203	0x8086	0x9241	RAID Controller RS2WC040
157	207	0x1000	0x9251	MegaRAID SAS 9260-4ix
158	207	0x1000	0x9256	MegaRAID SAS 9260-8ix
159	207	0x1000	0x9260	MegaRAID SAS 9260-4i
160	207	0x1000	0x9261	MegaRAID SAS 9260-8i
161	207	0x1000	0x9262	MegaRAID SAS 9262-8i
162	207	0x1000	0x9263	MegaRAID SAS 9261-8i
163	207	0x1000	0x9264	MegaRAID SAS 9264-8i
164	207	0x1000	0x9275	MegaRAID SAS 9280-8ex
165	207	0x1000	0x9276	MR9260-16i
166	207	0x1000	0x9280	MegaRAID SAS 9280-8e
167	207	0x1000	0x9281	MegaRAID SAS 9281-8E
168	207	0x1000	0x9282	MegaRAID SAS 9280-4i4e
169	207	0x1000	0x9290	MegaRAID SAS 9280DE-24i4e
170	207	0x1014	0x03b2	ServeRAID M5015 SAS/SATA Controller
171	207	0x1014	0x03b3	ServeRAID M5025 SAS/SATA Controller
172	207	0x1028	0x1f15	PERC H800 Adapter
173	207	0x1028	0x1f16	PERC H700 Adapter
174	207	0x1028	0x1f17	PERC H700 Integrated
175	207	0x1028	0x1f18	PERC H700 Modular
176	207	0x1028	0x1f1a	PERC H800 Proto Adapter
177	207	0x1028	0x1f1b	PERC H700 Integrated
178	207	0x1043	0x8480	PIKE-2108 16PD
179	207	0x1734	0x1176	RAID Ctrl SAS 6G 5/6 512MB (D2616)
180	207	0x1734	0x1177	RAID Ctrl SAS 6G 0/1 (D2607)
181	207	0x8086	0x9256	MegaRAID SAS 9260DE-8i
182	207	0x8086	0x9260	RAID Controller RS2BL040
183	207	0x8086	0x9261	RAID Controller RS2BL080
184	207	0x8086	0x9264	Warm Beach (Caster Lite)
185	207	0x8086	0x9267	RAID Controller RS2VB040
186	207	0x8086	0x9268	RAID Controller RS2VB080
187	208	0x1014	0x0395	ServeRAID-AR10is SAS/SATA Controller
188	218	0x1092	0x8000	FirePort 40 SCSI Controller
189	218	0x1092	0x8760	FirePort 40 Dual SCSI Host Adapter
190	225	0x1000	0x0530	MegaRAID 530 SCSI 320-0X RAID Controller
191	225	0x1000	0x0531	MegaRAID 531 SCSI 320-4X RAID Controller
192	225	0x1000	0x0532	MegaRAID 532 SCSI 320-2X RAID Controller
193	225	0x1028	0x0531	PowerEdge Expandable RAID Controller 4/QC
194	225	0x1028	0x0533	PowerEdge Expandable RAID Controller 4/QC
195	225	0x8086	0x0530	MegaRAID Intel RAID Controller SRCZCRX
196	225	0x8086	0x0532	MegaRAID Intel RAID Controller SRCU42X
197	226	0x1000	0x0001	MegaRAID SCSI 320-1E RAID Controller
198	226	0x1000	0x0002	MegaRAID SCSI 320-2E RAID Controller
199	226	0x1025	0x004d	MegaRAID ACER ROMB-2E RAID Controller
200	226	0x1028	0x0001	PowerEdge RAID Controller PERC4e/SC
201	226	0x1028	0x0002	PowerEdge RAID Controller PERC4e/DC
202	226	0x1028	0x0012	PowerEdge RAID Controller RAC4
203	226	0x1028	0x0015	PowerEdge RAID Controller PERC5
204	226	0x1028	0x1f03	PowerEdge RAID Controller PERC5
205	226	0x1734	0x1065	FSC MegaRAID PCI Express ROMB
206	226	0x8086	0x0002	MegaRAID Intel RAID Controller SRCU42E
207	226	0x8086	0x3449	MegaRAID Intel RAID Controller SROMBU
208	227	0x1000	0x3004	MegaRAID SATA 300-4X RAID Controller
209	227	0x1000	0x3008	MegaRAID SATA 300-8X RAID Controller
210	227	0x8086	0x3008	MegaRAID RAID Controller SRCS28X
211	227	0x8086	0x3431	MegaRAID RAID Controller Alief SROMBU42E
212	227	0x8086	0x3499	MegaRAID RAID Controller Harwich SROMBU42E
213	228	0x1000	0x1001	MegaRAID SAS 8408E
214	228	0x1000	0x1002	MegaRAID SAS 8480E
215	228	0x1000	0x1003	MegaRAID SAS 8344ELP
216	228	0x1000	0x1004	MegaRAID SAS 8308ELP
217	228	0x1000	0x1008	MegaRAID SAS 84016E
218	228	0x1000	0x100c	MegaRAID SATA 300-12E
219	228	0x1000	0x100d	MegaRAID SATA 300-16E
220	228	0x1000	0x2004	MegaRAID SATA 300-8ELP
221	228	0x1000	0x2005	MegaRAID SATA 300-4ELP
222	228	0x1033	0x8287	MegaRAID SAS PCI Express ROMB
223	228	0x1054	0x3016	MegaRAID SAS RoMB Server
224	228	0x1734	0x1081	MegaRAID SAS PCI Express ROMB
225	228	0x1734	0x10a3	MegaRAID SAS PCI Express ROMB
226	228	0x8086	0x1001	RAID Controller SRCSAS18E
227	228	0x8086	0x1003	RAID Controller SRCSAS144E
228	228	0x8086	0x3500	SROMBSAS18E RAID Controller
229	228	0x8086	0x3501	SROMBSAS18E RAID Controller
230	228	0x8086	0x3504	SROMBSAS18E RAID Controller
231	229	0x1000	0x1005	MegaRAID SAS 8300XLP
232	231	0x1000	0x1020	44929 O Dual Fibre Channel card
233	235	0x1000	0x1010	7202-XP-LC Dual Fibre Channel card
234	243	0x1318	0x0000	PEI100X
235	250	0x1000	0x0518	MegaRAID 518 SCSI 320-2 Controller
236	250	0x1000	0x0520	MegaRAID 520 SCSI 320-1 Controller
237	250	0x1000	0x0522	MegaRAID 522 i4 133 RAID Controller
238	250	0x1000	0x0523	MegaRAID SATA 150-6 RAID Controller
239	250	0x1000	0x4523	MegaRAID SATA 150-4 RAID Controller
240	250	0x1000	0xa520	MegaRAID ZCR SCSI 320-0 Controller
241	250	0x1028	0x0518	MegaRAID 518 DELL PERC 4/DC RAID Controller
242	250	0x1028	0x0520	MegaRAID 520 DELL PERC 4/SC RAID Controller
243	250	0x1028	0x0531	PowerEdge Expandable RAID Controller 4/QC
244	250	0x1028	0x0533	PowerEdge Expandable RAID Controller 4/QC
245	250	0x8086	0x0520	MegaRAID RAID Controller SRCU41L
246	250	0x8086	0x0523	MegaRAID RAID Controller SRCS16
247	262	0x103c	0x0934	nx8220
248	280	0x1002	0x0002	R9600 Pro primary (Asus OEM for HP)
249	280	0x1002	0x0003	R9600 Pro secondary (Asus OEM for HP)
250	280	0x1002	0x4722	All-in-Wonder 2006 AGP Edition
251	280	0x1458	0x4024	Giga-Byte GV-R96128D (Primary)
252	280	0x148c	0x2064	PowerColor R96A-C3N
253	280	0x148c	0x2066	PowerColor R96A-C3N
254	280	0x174b	0x7c19	Sapphire Atlantis Radeon 9600 Pro
255	280	0x174b	0x7c29	GC-R9600PRO [Sapphire] (Primary)
256	280	0x17ee	0x2002	Radeon 9600 256Mb Primary
257	280	0x18bc	0x0101	GC-R9600PRO (Primary)
258	281	0x1043	0xc004	A9600SE
259	282	0x1002	0x0002	Radeon 9600XT
260	282	0x1002	0x4772	All-in-Wonder 9600 XT
261	282	0x1043	0xc002	Radeon 9600 XT TVD
262	282	0x1043	0xc01a	A9600XT/TD
263	282	0x174b	0x7c29	Sapphire Radeon 9600XT
264	282	0x1787	0x4002	Radeon 9600 XT
265	283	0x1043	0x010c	A9550GE/TD
266	283	0x1462	0x932c	RX9550SE-TD128 (MS-8932)
267	293	0x1002	0x0003	R9600 Pro secondary (Asus OEM for HP)
268	293	0x1002	0x4723	All-in-Wonder 2006 AGP Edition (Secondary)
269	293	0x1458	0x4025	Giga-Byte GV-R96128D (Secondary)
270	293	0x148c	0x2067	PowerColor R96A-C3N (Secondary)
271	293	0x174b	0x7c28	GC-R9600PRO [Sapphire] (Secondary)
272	293	0x17ee	0x2003	Radeon 9600 256Mb (Secondary)
273	293	0x18bc	0x0100	GC-R9600PRO (Secondary)
274	294	0x1043	0xc005	A9600SE (Secondary)
275	295	0x1002	0x0003	Radeon 9600XT (Secondary)
276	295	0x1002	0x4773	All-in-Wonder 9600 XT (Secondary)
277	295	0x1043	0xc003	A9600XT (Secondary)
278	295	0x1043	0xc01b	A9600XT/TD (Secondary)
279	295	0x174b	0x7c28	Sapphire Radeon 9600XT (Secondary)
280	295	0x1787	0x4003	Radeon 9600 XT (Secondary)
281	296	0x1043	0x010d	A9550GE/TD (Secondary)
282	298	0x1002	0x02aa	Radeon 8500 AIW DV Edition
283	300	0x1002	0x4336	Pavilion ze4300 ATI Radeon Mobility U1 (IGP 320 M)
284	300	0x103c	0x0024	Pavilion ze4400 builtin Video
285	300	0x161f	0x2029	eMachines M5312 builtin Video
286	301	0x1014	0x053a	ThinkPad R40e
287	301	0x103c	0x0850	Radeon IGP 345M
288	315	0x1025	0x0079	Aspire 5024WLMMi
289	315	0x1025	0x0091	Aspire 5032WXMi
290	315	0x103c	0x2a05	Pavilion t3030.de Desktop PC
291	315	0x103c	0x308b	MX6125
292	315	0x105b	0x0c81	Realtek ALC 653
293	315	0x107b	0x0300	MX6421
294	315	0x1462	0x0131	MS-1013 Notebook
295	316	0x103c	0x308b	MX6125
296	316	0x1462	0x7217	Aspire L250
297	317	0x1025	0x0080	Aspire 5024WLMMi
298	317	0x103c	0x2a20	Pavilion t3030.de Desktop PC
299	317	0x103c	0x308b	MX6125
300	317	0x1462	0x0131	MS-1013 Notebook
301	317	0x1462	0x7217	Aspire L250
302	318	0x1025	0x0080	Aspire 5024WLMMi
303	318	0x103c	0x2a20	Pavilion t3030.de Desktop PC
304	318	0x103c	0x308b	MX6125
305	318	0x1462	0x7217	Aspire L250
306	319	0x103c	0x2a20	Pavilion t3030.de Desktop PC
307	319	0x103c	0x308b	MX6125
308	319	0x1462	0x7217	Aspire L250
309	320	0x1025	0x0080	Aspire 5024WLMMi
310	320	0x103c	0x2a20	Pavilion t3030.de Desktop PC
311	320	0x103c	0x308b	MX6125
312	320	0x1462	0x7217	Aspire L250
313	321	0x1025	0x0080	Aspire 5024WLMMi
314	321	0x103c	0x2a20	Pavilion t3030.de Desktop PC
315	321	0x103c	0x308b	MX6125
316	321	0x1462	0x0131	MS-1013 Notebook
317	321	0x1462	0x7217	Aspire L250
318	322	0x1025	0x0080	Aspire 5024WLMi
319	322	0x103c	0x2a20	Pavilion t3030.de Desktop PC
320	322	0x103c	0x308b	MX6125
321	322	0x1462	0x7217	Aspire L250
322	323	0x1025	0x0080	Aspire 5024WLMMi
323	323	0x103c	0x308b	MX6125
324	323	0x1462	0x0131	MS-1013 Notebook
325	324	0x1462	0x7141	Aspire L250
326	325	0x1002	0x4379	4379 Serial ATA Controller
327	325	0x1002	0x437a	437A Serial ATA Controller
328	325	0x1462	0x7141	Aspire L250
329	325	0x14f1	0x8800	Leadtek WinFast TV2000XP Expert
330	326	0x1002	0x437b	IXP SB4x0 High Definition Audio Controller
331	326	0x10cf	0x1326	Fujitsu Lifebook A3040
332	326	0x1734	0x10b8	Realtek High Definition Audio
333	327	0x103c	0x2813	DC5750 Microtower
334	327	0x1179	0xff50	Satellite P305D-S8995E
335	327	0x1458	0xb003	GA-MA790FX-DS5 (rev. 1.0)
336	327	0x1458	0xb005	Gigabyte GA-MA69G-S3H Motherboard
337	327	0x1462	0x7327	K9AG Neo2
338	327	0x17f2	0x5999	KI690-AM2 Motherboard
339	330	0x103c	0x1611	Pavilion DM1Z-3000
340	330	0x103c	0x280a	DC5750 Microtower
341	330	0x1043	0x8230	M3A78-EH Motherboard
342	330	0x1043	0x836c	M4A785TD Motherboard
343	330	0x1043	0x8410	M4A89GTD PRO/USB3 Motherboard
344	330	0x1043	0x841b	M5A88-V EVO
345	330	0x1179	0xff50	Satellite P305D-S8995E
346	330	0x1458	0xa022	GA-MA770-DS3rev2.0 Motherboard
347	330	0x17f2	0x5000	KI690-AM2 Motherboard
348	332	0x103c	0x1611	Pavilion DM1Z-3000
349	332	0x103c	0x280a	DC5750 Microtower
350	332	0x1043	0x82ef	M3A78-EH Motherboard
351	332	0x1043	0x8389	M4A785TD Motherboard
352	332	0x1179	0xff50	Satellite P305D-S8995E
353	332	0x1458	0x4385	GA-MA770-DS3rev2.0 Motherboard
354	332	0x1462	0x7368	K9AG Neo2
355	332	0x17f2	0x5000	KI690-AM2 Motherboard
356	333	0x103c	0x280a	DC5750 Microtower
357	333	0x1179	0xff50	Satellite P305D-S8995E
358	333	0x1462	0x7368	K9AG Neo2
359	333	0x17f2	0x5000	KI690-AM2 Motherboard
360	334	0x103c	0x280a	DC5750 Microtower
361	334	0x1179	0xff50	Satellite P305D-S8995E
362	334	0x1462	0x7368	K9AG Neo2
363	334	0x17f2	0x5000	KI690-AM2 Motherboard
364	335	0x103c	0x280a	DC5750 Microtower
365	335	0x1179	0xff50	Satellite P305D-S8995E
366	335	0x1462	0x7368	K9AG Neo2
367	335	0x17f2	0x5000	KI690-AM2 Motherboard
368	336	0x103c	0x280a	DC5750 Microtower
369	336	0x1179	0xff50	Satellite P305D-S8995E
370	336	0x1462	0x7368	K9AG Neo2
371	336	0x17f2	0x5000	KI690-AM2 Motherboard
372	337	0x103c	0x280a	DC5750 Microtower
373	337	0x1179	0xff50	Satellite P305D-S8995E
374	337	0x1462	0x7368	K9AG Neo2
375	337	0x17f2	0x5000	KI690-AM2 Motherboard
376	338	0x103c	0x280a	DC5750 Microtower
377	338	0x1179	0xff50	Satellite P305D-S8995E
378	338	0x1462	0x7368	K9AG Neo2
379	338	0x17f2	0x5000	KI690-AM2 Motherboard
380	339	0x103c	0x280a	DC5750 Microtower
381	339	0x1179	0xff50	Satellite P305D-S8995E
382	339	0x1458	0x5002	Gigabyte GA-MA69G-S3H Motherboard
383	339	0x1462	0x7368	K9AG Neo2
384	339	0x17f2	0x5000	KI690-AM2 Motherboard
385	340	0x103c	0x280a	DC5750 Microtower
386	340	0x1179	0xff50	Satellite P305D-S8995E
387	340	0x1462	0x7368	K9AG Neo2
388	340	0x17f2	0x5000	KI690-AM2 Motherboard
389	342	0x1043	0x82ef	M3A78-EH Motherboard
390	342	0x1043	0x8389	M4A785TD Motherboard
391	342	0x1458	0xb002	GA-MA770-DS3rev2.0 Motherboard
392	342	0x1849	0x4390	Motherboard (one of many)
393	343	0x103c	0x1611	Pavilion DM1Z-3000
394	343	0x1043	0x82ef	M3A78-EH Motherboard
395	343	0x1043	0x8443	M5A88-V EVO
396	348	0x103c	0x1611	Pavilion DM1Z-3000
397	348	0x1043	0x82ef	M3A78-EH Motherboard
398	348	0x1043	0x8443	M5A88-V EVO
399	349	0x103c	0x1611	Pavilion DM1Z-3000
400	349	0x1043	0x82ef	M3A78-EH Motherboard
401	349	0x1043	0x8443	M5A88-V EVO
402	350	0x1043	0x82ef	M3A78-EH Motherboard
403	351	0x1043	0x82ef	M3A78-EH Motherboard
404	351	0x1043	0x8443	M5A88-V EVO
405	352	0x1043	0x82ef	M3A78-EH Motherboard
406	353	0x103c	0x1611	Pavilion DM1Z-3000
407	353	0x1043	0x82ef	M3A78-EH Motherboard
408	353	0x1043	0x8443	M5A88-V EVO
409	359	0x1002	0x0040	Rage Pro Turbo AGP 2X
410	359	0x1002	0x0044	Rage Pro Turbo AGP 2X
411	359	0x1002	0x0061	Rage Pro AIW AGP 2X
412	359	0x1002	0x0062	Rage Pro AIW AGP 2X
413	359	0x1002	0x0063	Rage Pro AIW AGP 2X
414	359	0x1002	0x0080	Rage Pro Turbo AGP 2X
415	359	0x1002	0x0084	Rage Pro Turbo AGP 2X
416	359	0x1002	0x4742	Rage Pro Turbo AGP 2X
417	359	0x1002	0x8001	Rage Pro Turbo AGP 2X
418	359	0x1028	0x0082	Rage Pro Turbo AGP 2X
419	359	0x1028	0x4082	Optiplex GX1 Onboard Display Adapter
420	359	0x1028	0x8082	Rage Pro Turbo AGP 2X
421	359	0x1028	0xc082	Rage Pro Turbo AGP 2X
422	359	0x8086	0x4152	Xpert 98D AGP 2X
423	359	0x8086	0x464a	Rage Pro Turbo AGP 2X
424	360	0x1002	0x4744	Rage Pro Turbo AGP
425	360	0x8086	0x4d55	Rage 3D Pro AGP 1X [Intel MU440EX]
426	362	0x1002	0x0061	Rage Pro AIW
427	362	0x1002	0x0062	Rage Pro AIW
428	364	0x1002	0x0004	Xpert 98 RXL AGP 2X
429	364	0x1002	0x0008	Xpert 98 RXL AGP 2X
430	364	0x1002	0x0080	Rage XL AGP 2X
431	364	0x1002	0x0084	Xpert 98 AGP 2X
432	364	0x1002	0x474d	Rage XL AGP
433	364	0x1033	0x806a	Rage XL AGP
434	365	0x1002	0x474e	Rage XC AGP
435	366	0x1002	0x0008	Rage XL
436	366	0x1002	0x474f	Rage XL
437	367	0x1002	0x0040	Rage Pro Turbo
438	367	0x1002	0x0044	Rage Pro Turbo
439	367	0x1002	0x0080	Rage Pro Turbo
440	367	0x1002	0x0084	Rage Pro Turbo
441	367	0x1002	0x4750	Rage Pro Turbo
442	369	0x0e11	0x001e	Proliant Rage XL
443	369	0x1002	0x0008	Rage XL
444	369	0x1002	0x4752	Proliant Rage XL
445	369	0x1002	0x8008	Rage XL
446	369	0x1014	0x0240	eServer xSeries server mainboard
447	369	0x1028	0x00ce	PowerEdge 1400
448	369	0x1028	0x00d1	PowerEdge 2550
449	369	0x1028	0x00d9	PowerEdge 2500
450	369	0x1028	0x0134	PowerEdge 600SC
451	369	0x1028	0x014a	PowerEdge 1750
452	369	0x1028	0x0165	PowerEdge 750
453	369	0x103c	0x10e1	NetServer Rage XL
454	369	0x107b	0x6400	6400 Server
455	369	0x1734	0x007a	PRIMERGY RX/TX series onboard VGA
456	369	0x8086	0x3411	SDS2 Mainboard
457	369	0x8086	0x3427	S875WP1-E mainboard
458	369	0x8086	0x5744	S845WD1-E mainboard
459	370	0x1002	0x4753	Rage XC
460	373	0x1002	0x4756	Rage IIC
461	374	0x1002	0x4757	Rage IIC AGP
462	374	0x1028	0x0089	Rage 3D IIC
463	374	0x1028	0x008e	PowerEdge 1300 onboard video
464	374	0x1028	0x4082	Rage 3D IIC
465	374	0x1028	0x8082	Rage 3D IIC
466	374	0x1028	0xc082	Rage 3D IIC
467	377	0x1002	0x0084	Rage 3D Pro AGP 2x XPERT 98
468	377	0x1002	0x0087	Rage 3D IIC
469	377	0x1002	0x475a	Rage IIC AGP
470	380	0x10f1	0x0002	RV250 If [Tachyon G9000 PRO]
471	380	0x148c	0x2039	RV250 If [Radeon 9000 Pro "Evil Commando"]
472	380	0x1509	0x9a00	RV250 If [Radeon 9000 "AT009"]
473	380	0x1681	0x0040	RV250 If [3D prophet 9000]
474	380	0x174b	0x7176	RV250 If [Sapphire Radeon 9000 Pro]
475	380	0x174b	0x7192	RV250 If [Radeon 9000 "Atlantis"]
476	380	0x17af	0x2005	RV250 If [Excalibur Radeon 9000 Pro]
477	380	0x17af	0x2006	RV250 If [Excalibur Radeon 9000]
478	406	0x0e11	0xb0e7	Rage LT Pro (Compaq Presario 5240)
479	406	0x0e11	0xb0e8	Rage 3D LT Pro
480	406	0x0e11	0xb10e	3D Rage LT Pro (Compaq Armada 1750)
481	406	0x1002	0x0040	Rage LT Pro AGP 2X
482	406	0x1002	0x0044	Rage LT Pro AGP 2X
483	406	0x1002	0x4c42	Rage LT Pro AGP 2X
484	406	0x1002	0x8001	Rage LT Pro AGP 2X
485	406	0x1028	0x0085	Rage 3D LT Pro
486	409	0x1002	0x0155	IBM Thinkpad A22p
487	409	0x1014	0x0155	IBM Thinkpad A22p
488	409	0x1028	0x00b1	Latitude C600
489	411	0x1002	0x0004	Rage LT Pro
490	411	0x1002	0x0040	Rage LT Pro
491	411	0x1002	0x0044	Rage LT Pro
492	411	0x1002	0x4c49	Rage LT Pro
493	412	0x0e11	0xb111	Armada M700
494	412	0x0e11	0xb160	Armada E500
495	412	0x1002	0x0084	Xpert 98 AGP 2X (Mobility)
496	412	0x1014	0x0154	ThinkPad A20m/A21m
497	412	0x1028	0x00aa	Latitude CPt
498	412	0x1028	0x00bb	Latitude CPx
499	412	0x1179	0xff00	Satellite 1715XCDS laptop
500	412	0x13bd	0x1019	PC-AR10
501	414	0x1002	0x4c50	Rage LT Pro
502	416	0x1033	0x8112	Versa Note VXi
503	419	0x1014	0x0517	ThinkPad T30
504	419	0x1014	0x0530	ThinkPad T42 2373-4WU
505	419	0x1028	0x00e6	Radeon Mobility M7 LW (Dell Inspiron 8100)
506	419	0x1028	0x012a	Latitude C640
507	419	0x1043	0x1622	Mobility Radeon M7 (L3C/S)
508	419	0x144d	0xc006	Radeon Mobility M7 LW in vpr Matrix 170B4
\.


--
-- Name: subsystems_id_seq; Type: SEQUENCE SET; Schema: public; Owner: ode
--

SELECT pg_catalog.setval('subsystems_id_seq', 508, true);


--
-- Data for Name: users; Type: TABLE DATA; Schema: public; Owner: ode
--

COPY users (id, login, name, email, crypted_password, salt, admin_user, admin_equip, admin_inv, responsible, assistant, login_count, last_login_at, created_at, updated_at, deleted_at, remember_me_token, remember_me_token_expires_at) FROM stdin;
4	barmin	Бармин Никита Юрьевич	barmin@msiu.ru	$2a$10$SeBnQHAzYq9OjxEb6hj/PeU6Xek4CbUf1CbPu1QvyALzofv45OWVK	TxZJe5upt5Zn2maEG7wn	0	1	1	0	1	0	\N	2013-06-15 14:49:50.595801	2013-06-15 14:49:50.595801	\N	\N	\N
5	blinov	Блинов Максим Сергеевич	blinov@msiu.ru	$2a$10$nN0qjtyD0tjJJJUIgQ5G7ujAXSId5.zR3MA8x/.gFziUGW85fIzZa	qQs7sQvMigpjPCSAN1uq	1	0	0	0	0	0	\N	2013-06-15 14:49:50.750926	2013-06-15 14:49:50.750926	\N	\N	\N
6	volodin	Володин Дмитрий Павлович	volodin@msiu.ru	$2a$10$6/Ug9X3i5ENmVBPGca6bqOXLCxh1EocLzQXbDKLxd5G5kYZ6JrhES	EhqnPF362CighhPmXKqt	0	0	0	1	1	0	\N	2013-06-15 14:49:50.893155	2013-06-15 14:49:50.893155	\N	\N	\N
7	volodina	Володина Ксения Андреевна	volodina@msiu.ru	$2a$10$dxys2MZRJkDUyQfTox2PtO5sfUOBylOVrpZ9Dzi.wSuDv8l6601G6	yWiprKvMSvK3yDrsVnyY	0	1	1	0	1	0	\N	2013-06-15 14:49:51.042178	2013-06-15 14:49:51.042178	\N	\N	\N
8	korunkov	Корунков Иван Александрович	korunkov@msiu.ru	$2a$10$8j98dapUYv28dIu4YlKHyuClb.BmvxvuxOFMfp1CmBPMZeoIBGo3u	EyzAYRfAc3iMhKyW7qd5	1	1	0	0	0	0	\N	2013-06-15 14:49:51.195858	2013-06-15 14:49:51.195858	\N	\N	\N
9	mahar	Махарадзе Константин Бидзинович	mahar@msiu.ru	$2a$10$spotfN4OOlE0pIu1sLg./.SmO9WpRq7aHGiy3OrhHcJc11YeqBq5q	GKnEhwbkyNbWSdLsefkD	0	1	0	0	1	0	\N	2013-06-15 14:49:51.342738	2013-06-15 14:49:51.342738	\N	\N	\N
11	pasko	Пасько Дмитрий Анатольевич	pasko@msiu.ru	$2a$10$EU.pbbMRA02ZSaYn3lLEN.ky7bNir.ag1q33hUgAlQsg37zSgoOYm	jhxDmKoBiHtpdsrVopsY	1	1	0	1	0	0	\N	2013-06-15 14:49:51.641751	2013-06-15 14:49:51.641751	\N	\N	\N
12	wkolnik	Ржавин Тимофей Сергеевич	wkolnik@msiu.ru	$2a$10$UpbHk6a4hPV0eg.pMUEWzeqM5QP4cLcr6NREXItRcVBfit3VOWiGq	peEnixzFQq1Q1RzqEvXq	1	0	0	1	1	0	\N	2013-06-15 14:49:51.786427	2013-06-15 14:49:51.786427	\N	\N	\N
13	silaev	Силаев Владислав Сергеевич	silaev@msiu.ru	$2a$10$POxYLjdvMDZy1oYE0ILD8eGoFU/BsuXnqUer3oaOmNYg0BDGowTh.	tLzsBCzLGm2PrLNA5utu	1	0	1	1	0	0	\N	2013-06-15 14:49:51.930936	2013-06-15 14:49:51.930936	\N	\N	\N
14	sitnikov	Ситников Андрей Валентинович	sitnikov@msiu.ru	$2a$10$osn3OfoBB6.YYgOKz7qpRuEgq5HH6DlcrkVw.ckNRCxNVpiEX7zuq	QyEspzAqQtR4gN5FUsNm	1	0	0	1	0	0	\N	2013-06-15 14:49:52.084305	2013-06-15 14:49:52.084305	\N	\N	\N
15	shavrin	Шаврин Александр Сергеевич	shavrin@msiu.ru	$2a$10$DHPRZTRbgSf8JPd918s9OOBUmtMr1FFAYbgXGHqDxBfdLEpW.0gUS	1LKZrpeHXJJqpjABxmBF	0	1	0	0	0	0	\N	2013-06-15 14:49:52.23254	2013-06-15 14:49:52.23254	\N	\N	\N
16	slowpoke	Некрасов Василий Иванович	slowpoke@msiu.ru	$2a$10$AaIE3hdhrfQac0womH8DCulkWGyqrA2gCfj4SWGC07QIsiTNN7ov2	1baz93kLZKDxfwu2GZ8m	1	0	0	0	0	0	\N	2013-06-15 14:49:52.375994	2013-06-15 14:49:52.375994	\N	\N	\N
17	jesus	Онипко Константин Петрович	jesus@msiu.ru	$2a$10$nUOeZb2AwjKp8ueQ6ZGt3uAP/sL13JHpDQFu6xhZYCUFwEkcybe5G	ZKR5gEh391EVv7Ux8dUp	0	0	0	1	0	0	\N	2013-06-15 14:49:52.522503	2013-06-15 14:49:52.522503	\N	\N	\N
18	sidorov	Сидоров Евгений Вальрьянович	sidorov@msiu.ru	$2a$10$vgKHeDce9.3lJ.bXxemABu9KVujaJ9mwu7oQCupc3np1GZni/Z/9.	w4oYwovLECytx41mpErK	0	0	1	0	1	0	\N	2013-06-15 14:49:52.665142	2013-06-15 14:49:52.665142	\N	\N	\N
20	mouse	Мышь Мила Ивановна	mouse@msiu.ru	$2a$10$YpbyeGzShBO51S.LMARHx.47qPktqroaTkrm7MXERX04d1.pHaZOO	6zspMWfaRt8rQhzAaKyw	0	1	1	0	0	0	\N	2013-06-15 14:49:52.96863	2013-06-15 14:49:52.96863	\N	\N	\N
10	ostapenko	Остапенко Дмитрий Евгеньевич	ostapenko@msiu.ru	$2a$10$Hqv1QuFYcnL3pWZRPFsqr.yEiW1mi.J5hvgycHG7KjMwnEqZ5hhZa	pw5XGKSdyG23HF5zy8sL	0	0	1	0	0	0	\N	2013-06-15 14:49:51.488821	2013-06-15 18:08:33.418838	\N	\N	\N
2	ololow	Ололош Петр Вазгенович	ololow@msiu.ru	$2a$10$icN..ZMLqsyRjS0xBo.bd.T/SAqr5KIVfjCzMYC3O4HbqQkpN7Tk.	wKFv44G3bQnxDqpWqmPd	1	1	1	1	1	2	2013-06-15 15:03:30.851517	2013-06-15 14:49:50.312277	2013-06-15 15:03:58.976568	\N	\N	\N
1	admin	Cупер-Администратор	admin@msiu.ru	$2a$10$ee0lXIqURTD2FgnMKIOsK.CNq3is29sPBW6quw8D6wxheFHezkVzm	gGf53kzTcbj3tBNTxbeS	1	1	1	1	1	1	2013-06-15 15:04:04.696729	2013-06-15 14:49:50.164861	2013-06-15 15:04:04.700458	\N	sfHxYAAvr52zppsPrYD5	2013-06-22 15:04:04.689661
3	arapova	Арапова Анастасия Алексеевна	arapova@msiu.ru	$2a$10$15F2/ZYlYOa/7mqaEoRJfuemk52Iax7i3f9MDuvtFPhRuvAvtT7Ja	siVq2xpRiym4aJqebqs5	0	1	0	0	0	0	\N	2013-06-15 14:49:50.452358	2013-06-15 17:03:37.91713	\N	\N	\N
19	ivanov 1	Иванов Сидор Константинович	ivanov@msiu.ru	$2a$10$BgMGjloKBeXxd5fbbk6xxOURncOoY2z/TFfy6vsDVWZgCDrl4yJi6	jYiw1RyYJdUnSEjPvHCb	1	0	0	0	0	0	\N	2013-06-15 14:49:52.824375	2013-06-15 17:51:48.035081	2013-06-15 17:03:24.749226	\N	\N
\.


--
-- Name: users_id_seq; Type: SEQUENCE SET; Schema: public; Owner: ode
--

SELECT pg_catalog.setval('users_id_seq', 20, true);


--
-- Data for Name: vendors; Type: TABLE DATA; Schema: public; Owner: ode
--

COPY vendors (id, vendor_hex, name) FROM stdin;
1	0x0000	Gammagraphx, Inc. (or missing ID)
2	0x0010	Allied Telesis, Inc
3	0x001a	Ascend Communications, Inc.
4	0x001c	PEAK-System Technik GmbH
5	0x0033	Paradyne corp.
6	0x003d	Lockheed Martin-Marietta Corp
7	0x0059	Tiger Jet Network Inc. (Wrong ID)
8	0x0070	Hauppauge computer works Inc.
9	0x0071	Nebula Electronics Ltd.
10	0x0095	Silicon Image, Inc. (Wrong ID)
11	0x00a7	Teles AG (Wrong ID)
12	0x00f5	BFG Technologies, Inc.
13	0x0100	Ncipher Corp Ltd
14	0x0123	General Dynamics
15	0x018a	LevelOne
16	0x021b	Compaq Computer Corporation
17	0x0270	Hauppauge computer works Inc. (Wrong ID)
18	0x0291	Davicom Semiconductor, Inc.
19	0x02ac	SpeedStream
20	0x02e0	XFX Pine Group Inc
21	0x0308	ZyXEL Communications Corporation
22	0x0315	SK-Electronics Co., Ltd.
23	0x0357	TTTech AG
24	0x036f	Trigem Computer Inc.
25	0x0403	Future Technology Devices International Ltd
26	0x0432	SCM Microsystems, Inc.
27	0x0482	Kyocera
28	0x04b3	IBM Corp.
29	0x050d	Belkin
30	0x058f	Alcor Micro Corporation
31	0x05a9	OmniVision
32	0x05e3	CyberDoor
33	0x066f	Sigmatel Inc.
34	0x0675	Dynalink
35	0x069d	Hughes Network Systems (HNS)
36	0x0721	Sapphire, Inc.
37	0x0777	Ubiquiti Networks, Inc.
38	0x0795	Wired Inc.
39	0x07ca	AVerMedia Technologies Inc.
40	0x07d0	ITT Geospatial Systems
41	0x07d1	D-Link System Inc
42	0x07e2	ELMEG Communication Systems GmbH
43	0x0842	NPG, Personal Grand Technology
44	0x08e6	Gemalto NV
45	0x08ff	AuthenTec
46	0x0925	First International Computer, Inc.
47	0x093a	PixArt Imaging Inc.
48	0x09c1	Arris
49	0x0a89	BREA Technologies Inc
50	0x0b0b	Rhino Equipment Corp.
51	0x0b3d	Brontes Technologies
52	0x0b49	ASCII Corporation
53	0x0ccd	TerraTec Electronic GmbH
54	0x0e11	Compaq Computer Corporation
55	0x0e21	Cowon Systems, Inc.
56	0x0e55	HaSoTec GmbH
57	0x0eac	SHF Communication Technologies AG
58	0x0f62	Acrox Technologies Co., Ltd.
59	0x1000	LSI Logic / Symbios Logic
60	0x1001	Kolter Electronic
61	0x1002	ATI Technologies Inc
\.


--
-- Name: vendors_id_seq; Type: SEQUENCE SET; Schema: public; Owner: ode
--

SELECT pg_catalog.setval('vendors_id_seq', 61, true);


--
-- Data for Name: versions; Type: TABLE DATA; Schema: public; Owner: ode
--

COPY versions (id, item_type, item_id, event, whodunnit, object, created_at) FROM stdin;
1	Equipment	1	create	\N	\N	2013-06-15 14:50:11.162354
2	Equipment	1	update	\N	---\ninventory_id: 1\nroom_id: 7\nresponsible_id: 17\ndomain_name: lib 13\nmd5sum: \naccepted_at: \ndeleted_at: \nallow_del_at: \ncreated_at: 2013-06-15 14:50:11.151464297 Z\nupdated_at: 2013-06-15 14:50:11.151464297 Z\nid: 1\n	2013-06-15 14:50:11.198012
3	Equipment	2	create	\N	\N	2013-06-15 14:50:11.226371
4	Equipment	2	update	\N	---\ninventory_id: 20\nroom_id: 3\nresponsible_id: 14\ndomain_name: fire 4\nmd5sum: \naccepted_at: \ndeleted_at: \nallow_del_at: \ncreated_at: 2013-06-15 14:50:11.224865109 Z\nupdated_at: 2013-06-15 14:50:11.224865109 Z\nid: 2\n	2013-06-15 14:50:11.23346
5	Equipment	3	create	\N	\N	2013-06-15 14:50:11.24243
6	Equipment	4	create	\N	\N	2013-06-15 14:50:11.258339
7	Equipment	4	update	\N	---\ninventory_id: 31\nroom_id: 10\nresponsible_id: 13\ndomain_name: mars 18\nmd5sum: \naccepted_at: \ndeleted_at: \nallow_del_at: \ncreated_at: 2013-06-15 14:50:11.255673199 Z\nupdated_at: 2013-06-15 14:50:11.255673199 Z\nid: 4\n	2013-06-15 14:50:11.27129
8	Equipment	5	create	\N	\N	2013-06-15 14:50:11.307925
9	Equipment	5	update	\N	---\ninventory_id: 8\nroom_id: 10\nresponsible_id: 1\ndomain_name: mars 5\nmd5sum: \naccepted_at: \ndeleted_at: \nallow_del_at: \ncreated_at: 2013-06-15 14:50:11.304830207 Z\nupdated_at: 2013-06-15 14:50:11.304830207 Z\nid: 5\n	2013-06-15 14:50:11.333888
10	Equipment	6	create	\N	\N	2013-06-15 14:50:11.34898
11	Equipment	6	update	\N	---\ninventory_id: 26\nroom_id: 4\nresponsible_id: 6\ndomain_name: stone 5\nmd5sum: \naccepted_at: \ndeleted_at: \nallow_del_at: \ncreated_at: 2013-06-15 14:50:11.346024432 Z\nupdated_at: 2013-06-15 14:50:11.346024432 Z\nid: 6\n	2013-06-15 14:50:11.362094
12	Equipment	7	create	\N	\N	2013-06-15 14:50:11.384396
13	Equipment	7	update	\N	---\ninventory_id: 20\nroom_id: 6\nresponsible_id: 1\ndomain_name: fire 3\nmd5sum: \naccepted_at: \ndeleted_at: \nallow_del_at: \ncreated_at: 2013-06-15 14:50:11.382309964 Z\nupdated_at: 2013-06-15 14:50:11.382309964 Z\nid: 7\n	2013-06-15 14:50:11.401821
14	Equipment	8	create	\N	\N	2013-06-15 14:50:11.426938
15	Equipment	8	update	\N	---\ninventory_id: 13\nroom_id: 9\nresponsible_id: 1\ndomain_name: gorynich 18\nmd5sum: \naccepted_at: \ndeleted_at: \nallow_del_at: \ncreated_at: 2013-06-15 14:50:11.423941367 Z\nupdated_at: 2013-06-15 14:50:11.423941367 Z\nid: 8\n	2013-06-15 14:50:11.446006
16	Equipment	9	create	\N	\N	2013-06-15 14:50:11.473651
17	Equipment	9	update	\N	---\ninventory_id: 48\nroom_id: 7\nresponsible_id: 2\ndomain_name: stone 3\nmd5sum: \naccepted_at: \ndeleted_at: \nallow_del_at: \ncreated_at: 2013-06-15 14:50:11.470573705 Z\nupdated_at: 2013-06-15 14:50:11.470573705 Z\nid: 9\n	2013-06-15 14:50:11.494227
18	Equipment	10	create	\N	\N	2013-06-15 14:50:11.520998
19	Equipment	10	update	\N	---\ninventory_id: 26\nroom_id: 5\nresponsible_id: 14\ndomain_name: gorynich 20\nmd5sum: \naccepted_at: \ndeleted_at: \nallow_del_at: \ncreated_at: 2013-06-15 14:50:11.518283992 Z\nupdated_at: 2013-06-15 14:50:11.518283992 Z\nid: 10\n	2013-06-15 14:50:11.53091
20	Equipment	11	create	\N	\N	2013-06-15 14:50:11.541092
21	Equipment	11	update	\N	---\ninventory_id: 18\nroom_id: 1\nresponsible_id: 2\ndomain_name: stone 20\nmd5sum: \naccepted_at: \ndeleted_at: \nallow_del_at: \ncreated_at: 2013-06-15 14:50:11.539409236 Z\nupdated_at: 2013-06-15 14:50:11.539409236 Z\nid: 11\n	2013-06-15 14:50:11.551572
22	Equipment	12	create	\N	\N	2013-06-15 14:50:11.580319
23	Equipment	13	create	\N	\N	2013-06-15 14:50:11.627086
24	Equipment	13	update	\N	---\ninventory_id: 2\nroom_id: 7\nresponsible_id: 1\ndomain_name: mars 23\nmd5sum: \naccepted_at: \ndeleted_at: \nallow_del_at: \ncreated_at: 2013-06-15 14:50:11.623909054 Z\nupdated_at: 2013-06-15 14:50:11.623909054 Z\nid: 13\n	2013-06-15 14:50:11.649747
25	Equipment	14	create	\N	\N	2013-06-15 14:50:11.673712
26	Equipment	14	update	\N	---\ninventory_id: 11\nroom_id: 4\nresponsible_id: 14\ndomain_name: ghost 4\nmd5sum: \naccepted_at: \ndeleted_at: \nallow_del_at: \ncreated_at: 2013-06-15 14:50:11.670750040 Z\nupdated_at: 2013-06-15 14:50:11.670750040 Z\nid: 14\n	2013-06-15 14:50:11.692642
27	Equipment	15	create	\N	\N	2013-06-15 14:50:11.729868
28	Equipment	15	update	\N	---\ninventory_id: 7\nroom_id: 1\nresponsible_id: 2\ndomain_name: gorynich 10\nmd5sum: \naccepted_at: \ndeleted_at: \nallow_del_at: \ncreated_at: 2013-06-15 14:50:11.726769563 Z\nupdated_at: 2013-06-15 14:50:11.726769563 Z\nid: 15\n	2013-06-15 14:50:11.755899
29	Equipment	16	create	\N	\N	2013-06-15 14:50:11.773629
30	Equipment	16	update	\N	---\ninventory_id: 45\nroom_id: 7\nresponsible_id: 6\ndomain_name: ghost 1\nmd5sum: \naccepted_at: \ndeleted_at: \nallow_del_at: \ncreated_at: 2013-06-15 14:50:11.770570122 Z\nupdated_at: 2013-06-15 14:50:11.770570122 Z\nid: 16\n	2013-06-15 14:50:11.787512
31	Equipment	17	create	\N	\N	2013-06-15 14:50:11.827862
32	Equipment	17	update	\N	---\ninventory_id: 8\nroom_id: 10\nresponsible_id: 17\ndomain_name: ice 21\nmd5sum: \naccepted_at: \ndeleted_at: \nallow_del_at: \ncreated_at: 2013-06-15 14:50:11.826351707 Z\nupdated_at: 2013-06-15 14:50:11.826351707 Z\nid: 17\n	2013-06-15 14:50:11.835353
33	Equipment	18	create	\N	\N	2013-06-15 14:50:11.864927
34	Equipment	18	update	\N	---\ninventory_id: 40\nroom_id: 9\nresponsible_id: 14\ndomain_name: fire 9\nmd5sum: \naccepted_at: \ndeleted_at: \nallow_del_at: \ncreated_at: 2013-06-15 14:50:11.861900402 Z\nupdated_at: 2013-06-15 14:50:11.861900402 Z\nid: 18\n	2013-06-15 14:50:11.887561
35	Equipment	19	create	\N	\N	2013-06-15 14:50:11.911948
36	Equipment	19	update	\N	---\ninventory_id: 31\nroom_id: 7\nresponsible_id: 2\ndomain_name: monster 18\nmd5sum: \naccepted_at: \ndeleted_at: \nallow_del_at: \ncreated_at: 2013-06-15 14:50:11.908941365 Z\nupdated_at: 2013-06-15 14:50:11.908941365 Z\nid: 19\n	2013-06-15 14:50:11.931465
37	Equipment	20	create	\N	\N	2013-06-15 14:50:11.946915
38	Equipment	20	update	\N	---\ninventory_id: 43\nroom_id: 8\nresponsible_id: 12\ndomain_name: gorynich 16\nmd5sum: \naccepted_at: \ndeleted_at: \nallow_del_at: \ncreated_at: 2013-06-15 14:50:11.943979367 Z\nupdated_at: 2013-06-15 14:50:11.943979367 Z\nid: 20\n	2013-06-15 14:50:11.960305
39	Equipment	21	create	\N	\N	2013-06-15 14:50:11.996481
40	Equipment	21	update	\N	---\ninventory_id: 42\nroom_id: 5\nresponsible_id: 17\ndomain_name: monster 8\nmd5sum: \naccepted_at: \ndeleted_at: \nallow_del_at: \ncreated_at: 2013-06-15 14:50:11.993419192 Z\nupdated_at: 2013-06-15 14:50:11.993419192 Z\nid: 21\n	2013-06-15 14:50:12.022448
41	Equipment	22	create	\N	\N	2013-06-15 14:50:12.037849
42	Equipment	22	update	\N	---\ninventory_id: 48\nroom_id: 6\nresponsible_id: 11\ndomain_name: gorynich 1\nmd5sum: \naccepted_at: \ndeleted_at: \nallow_del_at: \ncreated_at: 2013-06-15 14:50:12.034886060 Z\nupdated_at: 2013-06-15 14:50:12.034886060 Z\nid: 22\n	2013-06-15 14:50:12.050425
43	Equipment	23	create	\N	\N	2013-06-15 14:50:12.075331
44	Equipment	24	create	\N	\N	2013-06-15 14:50:12.10672
45	Equipment	24	update	\N	---\ninventory_id: 7\nroom_id: 7\nresponsible_id: 12\ndomain_name: fire 8\nmd5sum: \naccepted_at: \ndeleted_at: \nallow_del_at: \ncreated_at: 2013-06-15 14:50:12.103714107 Z\nupdated_at: 2013-06-15 14:50:12.103714107 Z\nid: 24\n	2013-06-15 14:50:12.121329
46	Equipment	25	create	\N	\N	2013-06-15 14:50:12.14835
47	Equipment	25	update	\N	---\ninventory_id: 25\nroom_id: 2\nresponsible_id: 13\ndomain_name: gorynich 13\nmd5sum: \naccepted_at: \ndeleted_at: \nallow_del_at: \ncreated_at: 2013-06-15 14:50:12.144946647 Z\nupdated_at: 2013-06-15 14:50:12.144946647 Z\nid: 25\n	2013-06-15 14:50:12.169112
48	Equipment	26	create	\N	\N	2013-06-15 14:50:12.194047
49	Equipment	27	create	\N	\N	2013-06-15 14:50:12.2341
100	Equipment	56	create	\N	\N	2013-06-15 14:50:13.586201
50	Equipment	27	update	\N	---\ninventory_id: 37\nroom_id: 3\nresponsible_id: 1\ndomain_name: stone 23\nmd5sum: \naccepted_at: \ndeleted_at: \nallow_del_at: \ncreated_at: 2013-06-15 14:50:12.230951756 Z\nupdated_at: 2013-06-15 14:50:12.230951756 Z\nid: 27\n	2013-06-15 14:50:12.255267
51	Equipment	28	create	\N	\N	2013-06-15 14:50:12.276166
52	Equipment	29	create	\N	\N	2013-06-15 14:50:12.322602
53	Equipment	29	update	\N	---\ninventory_id: 14\nroom_id: 1\nresponsible_id: 14\ndomain_name: mars 17\nmd5sum: \naccepted_at: \ndeleted_at: \nallow_del_at: \ncreated_at: 2013-06-15 14:50:12.319464083 Z\nupdated_at: 2013-06-15 14:50:12.319464083 Z\nid: 29\n	2013-06-15 14:50:12.350108
54	Equipment	30	create	\N	\N	2013-06-15 14:50:12.370529
55	Equipment	30	update	\N	---\ninventory_id: 20\nroom_id: 6\nresponsible_id: 13\ndomain_name: stone 12\nmd5sum: \naccepted_at: \ndeleted_at: \nallow_del_at: \ncreated_at: 2013-06-15 14:50:12.367249250 Z\nupdated_at: 2013-06-15 14:50:12.367249250 Z\nid: 30\n	2013-06-15 14:50:12.387466
56	Equipment	31	create	\N	\N	2013-06-15 14:50:12.407377
57	Equipment	31	update	\N	---\ninventory_id: 30\nroom_id: 5\nresponsible_id: 14\ndomain_name: fire 12\nmd5sum: \naccepted_at: \ndeleted_at: \nallow_del_at: \ncreated_at: 2013-06-15 14:50:12.404433779 Z\nupdated_at: 2013-06-15 14:50:12.404433779 Z\nid: 31\n	2013-06-15 14:50:12.423026
58	Equipment	32	create	\N	\N	2013-06-15 14:50:12.485585
59	Equipment	32	update	\N	---\ninventory_id: 38\nroom_id: 11\nresponsible_id: 13\ndomain_name: lib 19\nmd5sum: \naccepted_at: \ndeleted_at: \nallow_del_at: \ncreated_at: 2013-06-15 14:50:12.453529578 Z\nupdated_at: 2013-06-15 14:50:12.453529578 Z\nid: 32\n	2013-06-15 14:50:12.502622
60	Equipment	33	create	\N	\N	2013-06-15 14:50:12.520495
61	Equipment	33	update	\N	---\ninventory_id: 46\nroom_id: 2\nresponsible_id: 12\ndomain_name: ghost 4\nmd5sum: \naccepted_at: \ndeleted_at: \nallow_del_at: \ncreated_at: 2013-06-15 14:50:12.517486846 Z\nupdated_at: 2013-06-15 14:50:12.517486846 Z\nid: 33\n	2013-06-15 14:50:12.535117
62	Equipment	34	create	\N	\N	2013-06-15 14:50:12.551351
63	Equipment	35	create	\N	\N	2013-06-15 14:50:12.588291
64	Equipment	35	update	\N	---\ninventory_id: 40\nroom_id: 3\nresponsible_id: 6\ndomain_name: fire 3\nmd5sum: \naccepted_at: \ndeleted_at: \nallow_del_at: \ncreated_at: 2013-06-15 14:50:12.585257491 Z\nupdated_at: 2013-06-15 14:50:12.585257491 Z\nid: 35\n	2013-06-15 14:50:12.610689
65	Equipment	36	create	\N	\N	2013-06-15 14:50:12.640776
66	Equipment	36	update	\N	---\ninventory_id: 15\nroom_id: 3\nresponsible_id: 6\ndomain_name: ice 13\nmd5sum: \naccepted_at: \ndeleted_at: \nallow_del_at: \ncreated_at: 2013-06-15 14:50:12.637739657 Z\nupdated_at: 2013-06-15 14:50:12.637739657 Z\nid: 36\n	2013-06-15 14:50:12.663046
67	Equipment	37	create	\N	\N	2013-06-15 14:50:12.692893
68	Equipment	37	update	\N	---\ninventory_id: 49\nroom_id: 8\nresponsible_id: 14\ndomain_name: gorynich 23\nmd5sum: \naccepted_at: \ndeleted_at: \nallow_del_at: \ncreated_at: 2013-06-15 14:50:12.689766296 Z\nupdated_at: 2013-06-15 14:50:12.689766296 Z\nid: 37\n	2013-06-15 14:50:12.714857
69	Equipment	38	create	\N	\N	2013-06-15 14:50:12.741468
70	Equipment	39	create	\N	\N	2013-06-15 14:50:12.775493
71	Equipment	39	update	\N	---\ninventory_id: 33\nroom_id: 9\nresponsible_id: 14\ndomain_name: mars 20\nmd5sum: \naccepted_at: \ndeleted_at: \nallow_del_at: \ncreated_at: 2013-06-15 14:50:12.772502145 Z\nupdated_at: 2013-06-15 14:50:12.772502145 Z\nid: 39\n	2013-06-15 14:50:12.79194
72	Equipment	40	create	\N	\N	2013-06-15 14:50:12.821777
73	Equipment	40	update	\N	---\ninventory_id: 32\nroom_id: 11\nresponsible_id: 11\ndomain_name: ghost 23\nmd5sum: \naccepted_at: \ndeleted_at: \nallow_del_at: \ncreated_at: 2013-06-15 14:50:12.818591389 Z\nupdated_at: 2013-06-15 14:50:12.818591389 Z\nid: 40\n	2013-06-15 14:50:12.843489
74	Equipment	41	create	\N	\N	2013-06-15 14:50:12.873635
75	Equipment	41	update	\N	---\ninventory_id: 8\nroom_id: 7\nresponsible_id: 6\ndomain_name: stone 18\nmd5sum: \naccepted_at: \ndeleted_at: \nallow_del_at: \ncreated_at: 2013-06-15 14:50:12.870478229 Z\nupdated_at: 2013-06-15 14:50:12.870478229 Z\nid: 41\n	2013-06-15 14:50:12.896012
76	Equipment	42	create	\N	\N	2013-06-15 14:50:12.925574
77	Equipment	42	update	\N	---\ninventory_id: 17\nroom_id: 7\nresponsible_id: 6\ndomain_name: mars 4\nmd5sum: \naccepted_at: \ndeleted_at: \nallow_del_at: \ncreated_at: 2013-06-15 14:50:12.922523447 Z\nupdated_at: 2013-06-15 14:50:12.922523447 Z\nid: 42\n	2013-06-15 14:50:12.946834
78	Equipment	43	create	\N	\N	2013-06-15 14:50:12.969939
79	Equipment	43	update	\N	---\ninventory_id: 47\nroom_id: 5\nresponsible_id: 17\ndomain_name: lib 8\nmd5sum: \naccepted_at: \ndeleted_at: \nallow_del_at: \ncreated_at: 2013-06-15 14:50:12.966800166 Z\nupdated_at: 2013-06-15 14:50:12.966800166 Z\nid: 43\n	2013-06-15 14:50:12.986499
80	Equipment	44	create	\N	\N	2013-06-15 14:50:13.009022
81	Equipment	44	update	\N	---\ninventory_id: 6\nroom_id: 11\nresponsible_id: 17\ndomain_name: fire 21\nmd5sum: \naccepted_at: \ndeleted_at: \nallow_del_at: \ncreated_at: 2013-06-15 14:50:13.006027632 Z\nupdated_at: 2013-06-15 14:50:13.006027632 Z\nid: 44\n	2013-06-15 14:50:13.025633
82	Equipment	45	create	\N	\N	2013-06-15 14:50:13.059527
83	Equipment	45	update	\N	---\ninventory_id: 37\nroom_id: 7\nresponsible_id: 12\ndomain_name: ice 7\nmd5sum: \naccepted_at: \ndeleted_at: \nallow_del_at: \ncreated_at: 2013-06-15 14:50:13.056458765 Z\nupdated_at: 2013-06-15 14:50:13.056458765 Z\nid: 45\n	2013-06-15 14:50:13.08366
84	Equipment	46	create	\N	\N	2013-06-15 14:50:13.113208
85	Equipment	47	create	\N	\N	2013-06-15 14:50:13.183383
86	Equipment	47	update	\N	---\ninventory_id: 23\nroom_id: 7\nresponsible_id: 6\ndomain_name: fire 19\nmd5sum: \naccepted_at: \ndeleted_at: \nallow_del_at: \ncreated_at: 2013-06-15 14:50:13.181656433 Z\nupdated_at: 2013-06-15 14:50:13.181656433 Z\nid: 47\n	2013-06-15 14:50:13.207699
87	Equipment	48	create	\N	\N	2013-06-15 14:50:13.231017
88	Equipment	48	update	\N	---\ninventory_id: 38\nroom_id: 11\nresponsible_id: 13\ndomain_name: ghost 13\nmd5sum: \naccepted_at: \ndeleted_at: \nallow_del_at: \ncreated_at: 2013-06-15 14:50:13.227935612 Z\nupdated_at: 2013-06-15 14:50:13.227935612 Z\nid: 48\n	2013-06-15 14:50:13.248525
89	Equipment	49	create	\N	\N	2013-06-15 14:50:13.282445
90	Equipment	50	create	\N	\N	2013-06-15 14:50:13.325156
91	Equipment	50	update	\N	---\ninventory_id: 24\nroom_id: 4\nresponsible_id: 14\ndomain_name: ghost 12\nmd5sum: \naccepted_at: \ndeleted_at: \nallow_del_at: \ncreated_at: 2013-06-15 14:50:13.322058348 Z\nupdated_at: 2013-06-15 14:50:13.322058348 Z\nid: 50\n	2013-06-15 14:50:13.344561
92	Equipment	51	create	\N	\N	2013-06-15 14:50:13.371574
93	Equipment	51	update	\N	---\ninventory_id: 32\nroom_id: 8\nresponsible_id: 13\ndomain_name: fire 7\nmd5sum: \naccepted_at: \ndeleted_at: \nallow_del_at: \ncreated_at: 2013-06-15 14:50:13.369987468 Z\nupdated_at: 2013-06-15 14:50:13.369987468 Z\nid: 51\n	2013-06-15 14:50:13.383954
94	Equipment	52	create	\N	\N	2013-06-15 14:50:13.400443
95	Equipment	53	create	\N	\N	2013-06-15 14:50:13.443693
96	Equipment	54	create	\N	\N	2013-06-15 14:50:13.498726
97	Equipment	54	update	\N	---\ninventory_id: 36\nroom_id: 5\nresponsible_id: 13\ndomain_name: stone 1\nmd5sum: \naccepted_at: \ndeleted_at: \nallow_del_at: \ncreated_at: 2013-06-15 14:50:13.495514711 Z\nupdated_at: 2013-06-15 14:50:13.495514711 Z\nid: 54\n	2013-06-15 14:50:13.524973
98	Equipment	55	create	\N	\N	2013-06-15 14:50:13.547733
99	Equipment	55	update	\N	---\ninventory_id: 26\nroom_id: 12\nresponsible_id: 2\ndomain_name: gorynich 7\nmd5sum: \naccepted_at: \ndeleted_at: \nallow_del_at: \ncreated_at: 2013-06-15 14:50:13.544702345 Z\nupdated_at: 2013-06-15 14:50:13.544702345 Z\nid: 55\n	2013-06-15 14:50:13.56609
101	Equipment	56	update	\N	---\ninventory_id: 4\nroom_id: 12\nresponsible_id: 13\ndomain_name: fire 5\nmd5sum: \naccepted_at: \ndeleted_at: \nallow_del_at: \ncreated_at: 2013-06-15 14:50:13.583213985 Z\nupdated_at: 2013-06-15 14:50:13.583213985 Z\nid: 56\n	2013-06-15 14:50:13.602387
102	Equipment	57	create	\N	\N	2013-06-15 14:50:13.627741
103	Equipment	57	update	\N	---\ninventory_id: 38\nroom_id: 9\nresponsible_id: 1\ndomain_name: stone 12\nmd5sum: \naccepted_at: \ndeleted_at: \nallow_del_at: \ncreated_at: 2013-06-15 14:50:13.624650241 Z\nupdated_at: 2013-06-15 14:50:13.624650241 Z\nid: 57\n	2013-06-15 14:50:13.64633
104	Equipment	58	create	\N	\N	2013-06-15 14:50:13.661627
105	Equipment	59	create	\N	\N	2013-06-15 14:50:13.704393
106	Equipment	60	create	\N	\N	2013-06-15 14:50:13.742974
107	Equipment	60	update	\N	---\ninventory_id: 34\nroom_id: 9\nresponsible_id: 13\ndomain_name: mars 20\nmd5sum: \naccepted_at: \ndeleted_at: \nallow_del_at: \ncreated_at: 2013-06-15 14:50:13.739962884 Z\nupdated_at: 2013-06-15 14:50:13.739962884 Z\nid: 60\n	2013-06-15 14:50:13.757261
108	Equipment	61	create	\N	\N	2013-06-15 14:50:13.801973
109	Equipment	61	update	\N	---\ninventory_id: 40\nroom_id: 11\nresponsible_id: 6\ndomain_name: ghost 20\nmd5sum: \naccepted_at: \ndeleted_at: \nallow_del_at: \ncreated_at: 2013-06-15 14:50:13.800300405 Z\nupdated_at: 2013-06-15 14:50:13.800300405 Z\nid: 61\n	2013-06-15 14:50:13.84567
110	Equipment	62	create	\N	\N	2013-06-15 14:50:13.878683
111	Equipment	62	update	\N	---\ninventory_id: 44\nroom_id: 6\nresponsible_id: 1\ndomain_name: mars 16\nmd5sum: \naccepted_at: \ndeleted_at: \nallow_del_at: \ncreated_at: 2013-06-15 14:50:13.875474076 Z\nupdated_at: 2013-06-15 14:50:13.875474076 Z\nid: 62\n	2013-06-15 14:50:13.902741
112	Equipment	63	create	\N	\N	2013-06-15 14:50:13.933051
113	Equipment	63	update	\N	---\ninventory_id: 32\nroom_id: 7\nresponsible_id: 6\ndomain_name: gorynich 1\nmd5sum: \naccepted_at: \ndeleted_at: \nallow_del_at: \ncreated_at: 2013-06-15 14:50:13.929726826 Z\nupdated_at: 2013-06-15 14:50:13.929726826 Z\nid: 63\n	2013-06-15 14:50:13.954567
114	Equipment	64	create	\N	\N	2013-06-15 14:50:13.989675
115	Equipment	64	update	\N	---\ninventory_id: 2\nroom_id: 7\nresponsible_id: 11\ndomain_name: fire 14\nmd5sum: \naccepted_at: \ndeleted_at: \nallow_del_at: \ncreated_at: 2013-06-15 14:50:13.986529999 Z\nupdated_at: 2013-06-15 14:50:13.986529999 Z\nid: 64\n	2013-06-15 14:50:14.015431
116	Equipment	65	create	\N	\N	2013-06-15 14:50:14.035951
117	Equipment	65	update	\N	---\ninventory_id: 7\nroom_id: 1\nresponsible_id: 1\ndomain_name: stone 8\nmd5sum: \naccepted_at: \ndeleted_at: \nallow_del_at: \ncreated_at: 2013-06-15 14:50:14.032872278 Z\nupdated_at: 2013-06-15 14:50:14.032872278 Z\nid: 65\n	2013-06-15 14:50:14.052349
118	Equipment	66	create	\N	\N	2013-06-15 14:50:14.068134
119	Equipment	66	update	\N	---\ninventory_id: 5\nroom_id: 8\nresponsible_id: 1\ndomain_name: fire 9\nmd5sum: \naccepted_at: \ndeleted_at: \nallow_del_at: \ncreated_at: 2013-06-15 14:50:14.065123882 Z\nupdated_at: 2013-06-15 14:50:14.065123882 Z\nid: 66\n	2013-06-15 14:50:14.081321
120	Equipment	67	create	\N	\N	2013-06-15 14:50:14.104008
121	Equipment	67	update	\N	---\ninventory_id: 15\nroom_id: 1\nresponsible_id: 11\ndomain_name: ghost 19\nmd5sum: \naccepted_at: \ndeleted_at: \nallow_del_at: \ncreated_at: 2013-06-15 14:50:14.100881664 Z\nupdated_at: 2013-06-15 14:50:14.100881664 Z\nid: 67\n	2013-06-15 14:50:14.122009
122	Equipment	68	create	\N	\N	2013-06-15 14:50:14.156209
123	Equipment	68	update	\N	---\ninventory_id: 37\nroom_id: 1\nresponsible_id: 2\ndomain_name: monster 13\nmd5sum: \naccepted_at: \ndeleted_at: \nallow_del_at: \ncreated_at: 2013-06-15 14:50:14.153166162 Z\nupdated_at: 2013-06-15 14:50:14.153166162 Z\nid: 68\n	2013-06-15 14:50:14.179332
124	Equipment	69	create	\N	\N	2013-06-15 14:50:14.203719
125	Equipment	70	create	\N	\N	2013-06-15 14:50:14.243232
126	Equipment	70	update	\N	---\ninventory_id: 47\nroom_id: 4\nresponsible_id: 12\ndomain_name: lib 18\nmd5sum: \naccepted_at: \ndeleted_at: \nallow_del_at: \ncreated_at: 2013-06-15 14:50:14.240215352 Z\nupdated_at: 2013-06-15 14:50:14.240215352 Z\nid: 70\n	2013-06-15 14:50:14.263997
127	Equipment	71	create	\N	\N	2013-06-15 14:50:14.301293
128	Equipment	71	update	\N	---\ninventory_id: 41\nroom_id: 5\nresponsible_id: 6\ndomain_name: ice 19\nmd5sum: \naccepted_at: \ndeleted_at: \nallow_del_at: \ncreated_at: 2013-06-15 14:50:14.298042017 Z\nupdated_at: 2013-06-15 14:50:14.298042017 Z\nid: 71\n	2013-06-15 14:50:14.328615
129	Equipment	72	create	\N	\N	2013-06-15 14:50:14.34916
130	Equipment	72	update	\N	---\ninventory_id: 10\nroom_id: 12\nresponsible_id: 6\ndomain_name: monster 9\nmd5sum: \naccepted_at: \ndeleted_at: \nallow_del_at: \ncreated_at: 2013-06-15 14:50:14.346130787 Z\nupdated_at: 2013-06-15 14:50:14.346130787 Z\nid: 72\n	2013-06-15 14:50:14.366109
131	Equipment	73	create	\N	\N	2013-06-15 14:50:14.395656
132	Equipment	73	update	\N	---\ninventory_id: 31\nroom_id: 10\nresponsible_id: 11\ndomain_name: ghost 20\nmd5sum: \naccepted_at: \ndeleted_at: \nallow_del_at: \ncreated_at: 2013-06-15 14:50:14.392543493 Z\nupdated_at: 2013-06-15 14:50:14.392543493 Z\nid: 73\n	2013-06-15 14:50:14.417834
133	Equipment	74	create	\N	\N	2013-06-15 14:50:14.451682
134	Equipment	74	update	\N	---\ninventory_id: 41\nroom_id: 11\nresponsible_id: 17\ndomain_name: fire 18\nmd5sum: \naccepted_at: \ndeleted_at: \nallow_del_at: \ncreated_at: 2013-06-15 14:50:14.448622081 Z\nupdated_at: 2013-06-15 14:50:14.448622081 Z\nid: 74\n	2013-06-15 14:50:14.476672
135	Equipment	75	create	\N	\N	2013-06-15 14:50:14.520603
136	Equipment	76	create	\N	\N	2013-06-15 14:50:14.579678
137	Equipment	76	update	\N	---\ninventory_id: 30\nroom_id: 1\nresponsible_id: 17\ndomain_name: ghost 9\nmd5sum: \naccepted_at: \ndeleted_at: \nallow_del_at: \ncreated_at: 2013-06-15 14:50:14.576859057 Z\nupdated_at: 2013-06-15 14:50:14.576859057 Z\nid: 76\n	2013-06-15 14:50:14.601071
138	Equipment	77	create	\N	\N	2013-06-15 14:50:14.624888
139	Equipment	77	update	\N	---\ninventory_id: 25\nroom_id: 6\nresponsible_id: 17\ndomain_name: stone 22\nmd5sum: \naccepted_at: \ndeleted_at: \nallow_del_at: \ncreated_at: 2013-06-15 14:50:14.621679092 Z\nupdated_at: 2013-06-15 14:50:14.621679092 Z\nid: 77\n	2013-06-15 14:50:14.644184
140	Equipment	78	create	\N	\N	2013-06-15 14:50:14.662017
141	Equipment	78	update	\N	---\ninventory_id: 36\nroom_id: 11\nresponsible_id: 2\ndomain_name: gorynich 7\nmd5sum: \naccepted_at: \ndeleted_at: \nallow_del_at: \ncreated_at: 2013-06-15 14:50:14.658888735 Z\nupdated_at: 2013-06-15 14:50:14.658888735 Z\nid: 78\n	2013-06-15 14:50:14.676967
142	Equipment	79	create	\N	\N	2013-06-15 14:50:14.697888
143	Equipment	79	update	\N	---\ninventory_id: 38\nroom_id: 6\nresponsible_id: 14\ndomain_name: ghost 21\nmd5sum: \naccepted_at: \ndeleted_at: \nallow_del_at: \ncreated_at: 2013-06-15 14:50:14.694815990 Z\nupdated_at: 2013-06-15 14:50:14.694815990 Z\nid: 79\n	2013-06-15 14:50:14.714757
144	Equipment	80	create	\N	\N	2013-06-15 14:50:14.74307
145	Equipment	81	create	\N	\N	2013-06-15 14:50:14.779064
146	Equipment	81	update	\N	---\ninventory_id: 10\nroom_id: 6\nresponsible_id: 17\ndomain_name: ghost 10\nmd5sum: \naccepted_at: \ndeleted_at: \nallow_del_at: \ncreated_at: 2013-06-15 14:50:14.776062008 Z\nupdated_at: 2013-06-15 14:50:14.776062008 Z\nid: 81\n	2013-06-15 14:50:14.796144
147	Equipment	82	create	\N	\N	2013-06-15 14:50:14.813944
148	Equipment	82	update	\N	---\ninventory_id: 32\nroom_id: 5\nresponsible_id: 6\ndomain_name: monster 14\nmd5sum: \naccepted_at: \ndeleted_at: \nallow_del_at: \ncreated_at: 2013-06-15 14:50:14.810948410 Z\nupdated_at: 2013-06-15 14:50:14.810948410 Z\nid: 82\n	2013-06-15 14:50:14.82874
149	Equipment	83	create	\N	\N	2013-06-15 14:50:14.862081
150	Equipment	84	create	\N	\N	2013-06-15 14:50:14.906143
151	Equipment	84	update	\N	---\ninventory_id: 41\nroom_id: 3\nresponsible_id: 12\ndomain_name: mars 8\nmd5sum: \naccepted_at: \ndeleted_at: \nallow_del_at: \ncreated_at: 2013-06-15 14:50:14.903118940 Z\nupdated_at: 2013-06-15 14:50:14.903118940 Z\nid: 84\n	2013-06-15 14:50:14.926241
152	Equipment	85	create	\N	\N	2013-06-15 14:50:14.952214
153	Equipment	85	update	\N	---\ninventory_id: 25\nroom_id: 12\nresponsible_id: 14\ndomain_name: mars 18\nmd5sum: \naccepted_at: \ndeleted_at: \nallow_del_at: \ncreated_at: 2013-06-15 14:50:14.949049782 Z\nupdated_at: 2013-06-15 14:50:14.949049782 Z\nid: 85\n	2013-06-15 14:50:14.973421
154	Equipment	86	create	\N	\N	2013-06-15 14:50:15.009994
155	Equipment	87	create	\N	\N	2013-06-15 14:50:15.052247
156	Equipment	87	update	\N	---\ninventory_id: 37\nroom_id: 7\nresponsible_id: 2\ndomain_name: lib 8\nmd5sum: \naccepted_at: \ndeleted_at: \nallow_del_at: \ncreated_at: 2013-06-15 14:50:15.049268606 Z\nupdated_at: 2013-06-15 14:50:15.049268606 Z\nid: 87\n	2013-06-15 14:50:15.069797
157	Equipment	88	create	\N	\N	2013-06-15 14:50:15.093618
158	Equipment	88	update	\N	---\ninventory_id: 9\nroom_id: 8\nresponsible_id: 13\ndomain_name: ghost 19\nmd5sum: \naccepted_at: \ndeleted_at: \nallow_del_at: \ncreated_at: 2013-06-15 14:50:15.090577448 Z\nupdated_at: 2013-06-15 14:50:15.090577448 Z\nid: 88\n	2013-06-15 14:50:15.112162
159	Equipment	89	create	\N	\N	2013-06-15 14:50:15.130749
160	Equipment	89	update	\N	---\ninventory_id: 38\nroom_id: 11\nresponsible_id: 17\ndomain_name: gorynich 12\nmd5sum: \naccepted_at: \ndeleted_at: \nallow_del_at: \ncreated_at: 2013-06-15 14:50:15.127583316 Z\nupdated_at: 2013-06-15 14:50:15.127583316 Z\nid: 89\n	2013-06-15 14:50:15.145013
161	Equipment	90	create	\N	\N	2013-06-15 14:50:15.155811
162	Equipment	90	update	\N	---\ninventory_id: 24\nroom_id: 10\nresponsible_id: 17\ndomain_name: stone 12\nmd5sum: \naccepted_at: \ndeleted_at: \nallow_del_at: \ncreated_at: 2013-06-15 14:50:15.154256231 Z\nupdated_at: 2013-06-15 14:50:15.154256231 Z\nid: 90\n	2013-06-15 14:50:15.168933
163	Equipment	91	create	\N	\N	2013-06-15 14:50:15.225708
164	Equipment	91	update	\N	---\ninventory_id: 34\nroom_id: 6\nresponsible_id: 17\ndomain_name: monster 5\nmd5sum: \naccepted_at: \ndeleted_at: \nallow_del_at: \ncreated_at: 2013-06-15 14:50:15.223502284 Z\nupdated_at: 2013-06-15 14:50:15.223502284 Z\nid: 91\n	2013-06-15 14:50:15.250201
165	Equipment	92	create	\N	\N	2013-06-15 14:50:15.280923
166	Equipment	92	update	\N	---\ninventory_id: 7\nroom_id: 2\nresponsible_id: 2\ndomain_name: mars 24\nmd5sum: \naccepted_at: \ndeleted_at: \nallow_del_at: \ncreated_at: 2013-06-15 14:50:15.277867774 Z\nupdated_at: 2013-06-15 14:50:15.277867774 Z\nid: 92\n	2013-06-15 14:50:15.302809
167	Equipment	93	create	\N	\N	2013-06-15 14:50:15.318514
168	Equipment	93	update	\N	---\ninventory_id: 3\nroom_id: 4\nresponsible_id: 1\ndomain_name: lib 3\nmd5sum: \naccepted_at: \ndeleted_at: \nallow_del_at: \ncreated_at: 2013-06-15 14:50:15.315393704 Z\nupdated_at: 2013-06-15 14:50:15.315393704 Z\nid: 93\n	2013-06-15 14:50:15.332531
169	Equipment	94	create	\N	\N	2013-06-15 14:50:15.35927
170	Equipment	94	update	\N	---\ninventory_id: 9\nroom_id: 9\nresponsible_id: 14\ndomain_name: mars 15\nmd5sum: \naccepted_at: \ndeleted_at: \nallow_del_at: \ncreated_at: 2013-06-15 14:50:15.356199187 Z\nupdated_at: 2013-06-15 14:50:15.356199187 Z\nid: 94\n	2013-06-15 14:50:15.379814
171	Equipment	95	create	\N	\N	2013-06-15 14:50:15.407536
172	Equipment	96	create	\N	\N	2013-06-15 14:50:15.437028
173	Equipment	96	update	\N	---\ninventory_id: 44\nroom_id: 12\nresponsible_id: 11\ndomain_name: fire 12\nmd5sum: \naccepted_at: \ndeleted_at: \nallow_del_at: \ncreated_at: 2013-06-15 14:50:15.433660055 Z\nupdated_at: 2013-06-15 14:50:15.433660055 Z\nid: 96\n	2013-06-15 14:50:15.450004
174	Equipment	97	create	\N	\N	2013-06-15 14:50:15.484044
175	Equipment	97	update	\N	---\ninventory_id: 45\nroom_id: 3\nresponsible_id: 6\ndomain_name: mars 12\nmd5sum: \naccepted_at: \ndeleted_at: \nallow_del_at: \ncreated_at: 2013-06-15 14:50:15.480789773 Z\nupdated_at: 2013-06-15 14:50:15.480789773 Z\nid: 97\n	2013-06-15 14:50:15.508213
176	Equipment	98	create	\N	\N	2013-06-15 14:50:15.530349
177	Equipment	98	update	\N	---\ninventory_id: 26\nroom_id: 11\nresponsible_id: 1\ndomain_name: stone 13\nmd5sum: \naccepted_at: \ndeleted_at: \nallow_del_at: \ncreated_at: 2013-06-15 14:50:15.527405325 Z\nupdated_at: 2013-06-15 14:50:15.527405325 Z\nid: 98\n	2013-06-15 14:50:15.5476
178	Equipment	99	create	\N	\N	2013-06-15 14:50:15.57234
179	Equipment	99	update	\N	---\ninventory_id: 28\nroom_id: 8\nresponsible_id: 6\ndomain_name: stone 22\nmd5sum: \naccepted_at: \ndeleted_at: \nallow_del_at: \ncreated_at: 2013-06-15 14:50:15.569138829 Z\nupdated_at: 2013-06-15 14:50:15.569138829 Z\nid: 99\n	2013-06-15 14:50:15.591668
180	Equipment	100	create	\N	\N	2013-06-15 14:50:15.623874
181	Equipment	100	update	\N	---\ninventory_id: 26\nroom_id: 4\nresponsible_id: 12\ndomain_name: stone 9\nmd5sum: \naccepted_at: \ndeleted_at: \nallow_del_at: \ncreated_at: 2013-06-15 14:50:15.620875819 Z\nupdated_at: 2013-06-15 14:50:15.620875819 Z\nid: 100\n	2013-06-15 14:50:15.647894
182	Equipment	101	create	\N	\N	2013-06-15 14:50:15.663978
183	Equipment	101	update	\N	---\ninventory_id: 49\nroom_id: 5\nresponsible_id: 13\ndomain_name: lib 21\nmd5sum: \naccepted_at: \ndeleted_at: \nallow_del_at: \ncreated_at: 2013-06-15 14:50:15.660928212 Z\nupdated_at: 2013-06-15 14:50:15.660928212 Z\nid: 101\n	2013-06-15 14:50:15.676921
184	Equipment	102	create	\N	\N	2013-06-15 14:50:15.700018
185	Equipment	102	update	\N	---\ninventory_id: 18\nroom_id: 4\nresponsible_id: 14\ndomain_name: monster 7\nmd5sum: \naccepted_at: \ndeleted_at: \nallow_del_at: \ncreated_at: 2013-06-15 14:50:15.696663376 Z\nupdated_at: 2013-06-15 14:50:15.696663376 Z\nid: 102\n	2013-06-15 14:50:15.718217
186	Equipment	103	create	\N	\N	2013-06-15 14:50:15.755575
187	Equipment	104	create	\N	\N	2013-06-15 14:50:15.808124
188	Equipment	104	update	\N	---\ninventory_id: 18\nroom_id: 5\nresponsible_id: 17\ndomain_name: ice 19\nmd5sum: \naccepted_at: \ndeleted_at: \nallow_del_at: \ncreated_at: 2013-06-15 14:50:15.804883366 Z\nupdated_at: 2013-06-15 14:50:15.804883366 Z\nid: 104\n	2013-06-15 14:50:15.833024
189	Equipment	105	create	\N	\N	2013-06-15 14:50:15.863161
190	Equipment	105	update	\N	---\ninventory_id: 35\nroom_id: 12\nresponsible_id: 12\ndomain_name: gorynich 8\nmd5sum: \naccepted_at: \ndeleted_at: \nallow_del_at: \ncreated_at: 2013-06-15 14:50:15.861594511 Z\nupdated_at: 2013-06-15 14:50:15.861594511 Z\nid: 105\n	2013-06-15 14:50:15.903232
191	Equipment	106	create	\N	\N	2013-06-15 14:50:15.932664
192	Equipment	106	update	\N	---\ninventory_id: 5\nroom_id: 3\nresponsible_id: 17\ndomain_name: fire 23\nmd5sum: \naccepted_at: \ndeleted_at: \nallow_del_at: \ncreated_at: 2013-06-15 14:50:15.929630651 Z\nupdated_at: 2013-06-15 14:50:15.929630651 Z\nid: 106\n	2013-06-15 14:50:15.955722
193	Equipment	107	create	\N	\N	2013-06-15 14:50:15.986336
194	Equipment	107	update	\N	---\ninventory_id: 47\nroom_id: 12\nresponsible_id: 13\ndomain_name: ghost 14\nmd5sum: \naccepted_at: \ndeleted_at: \nallow_del_at: \ncreated_at: 2013-06-15 14:50:15.983243755 Z\nupdated_at: 2013-06-15 14:50:15.983243755 Z\nid: 107\n	2013-06-15 14:50:16.008481
195	Equipment	108	create	\N	\N	2013-06-15 14:50:16.041051
196	Equipment	109	create	\N	\N	2013-06-15 14:50:16.087931
197	Equipment	109	update	\N	---\ninventory_id: 5\nroom_id: 9\nresponsible_id: 14\ndomain_name: ice 20\nmd5sum: \naccepted_at: \ndeleted_at: \nallow_del_at: \ncreated_at: 2013-06-15 14:50:16.084900993 Z\nupdated_at: 2013-06-15 14:50:16.084900993 Z\nid: 109\n	2013-06-15 14:50:16.110065
198	Equipment	110	create	\N	\N	2013-06-15 14:50:16.127633
249	Equipment	139	create	\N	\N	2013-06-15 14:50:17.417668
250	Equipment	140	create	\N	\N	2013-06-15 14:50:17.448724
199	Equipment	110	update	\N	---\ninventory_id: 3\nroom_id: 11\nresponsible_id: 14\ndomain_name: monster 11\nmd5sum: \naccepted_at: \ndeleted_at: \nallow_del_at: \ncreated_at: 2013-06-15 14:50:16.124671632 Z\nupdated_at: 2013-06-15 14:50:16.124671632 Z\nid: 110\n	2013-06-15 14:50:16.141669
200	Equipment	111	create	\N	\N	2013-06-15 14:50:16.177734
201	Equipment	111	update	\N	---\ninventory_id: 17\nroom_id: 11\nresponsible_id: 14\ndomain_name: monster 7\nmd5sum: \naccepted_at: \ndeleted_at: \nallow_del_at: \ncreated_at: 2013-06-15 14:50:16.174501648 Z\nupdated_at: 2013-06-15 14:50:16.174501648 Z\nid: 111\n	2013-06-15 14:50:16.202957
202	Equipment	112	create	\N	\N	2013-06-15 14:50:16.236577
203	Equipment	112	update	\N	---\ninventory_id: 26\nroom_id: 8\nresponsible_id: 14\ndomain_name: ghost 14\nmd5sum: \naccepted_at: \ndeleted_at: \nallow_del_at: \ncreated_at: 2013-06-15 14:50:16.233467527 Z\nupdated_at: 2013-06-15 14:50:16.233467527 Z\nid: 112\n	2013-06-15 14:50:16.261606
204	Equipment	113	create	\N	\N	2013-06-15 14:50:16.292397
205	Equipment	113	update	\N	---\ninventory_id: 39\nroom_id: 5\nresponsible_id: 1\ndomain_name: gorynich 3\nmd5sum: \naccepted_at: \ndeleted_at: \nallow_del_at: \ncreated_at: 2013-06-15 14:50:16.289320707 Z\nupdated_at: 2013-06-15 14:50:16.289320707 Z\nid: 113\n	2013-06-15 14:50:16.316092
206	Equipment	114	create	\N	\N	2013-06-15 14:50:16.334769
207	Equipment	114	update	\N	---\ninventory_id: 39\nroom_id: 6\nresponsible_id: 13\ndomain_name: lib 22\nmd5sum: \naccepted_at: \ndeleted_at: \nallow_del_at: \ncreated_at: 2013-06-15 14:50:16.331549044 Z\nupdated_at: 2013-06-15 14:50:16.331549044 Z\nid: 114\n	2013-06-15 14:50:16.349143
208	Equipment	115	create	\N	\N	2013-06-15 14:50:16.37574
209	Equipment	115	update	\N	---\ninventory_id: 14\nroom_id: 2\nresponsible_id: 14\ndomain_name: ice 10\nmd5sum: \naccepted_at: \ndeleted_at: \nallow_del_at: \ncreated_at: 2013-06-15 14:50:16.372633457 Z\nupdated_at: 2013-06-15 14:50:16.372633457 Z\nid: 115\n	2013-06-15 14:50:16.391686
210	Equipment	116	create	\N	\N	2013-06-15 14:50:16.403339
211	Equipment	116	update	\N	---\ninventory_id: 23\nroom_id: 11\nresponsible_id: 14\ndomain_name: fire 9\nmd5sum: \naccepted_at: \ndeleted_at: \nallow_del_at: \ncreated_at: 2013-06-15 14:50:16.401872307 Z\nupdated_at: 2013-06-15 14:50:16.401872307 Z\nid: 116\n	2013-06-15 14:50:16.413252
212	Equipment	117	create	\N	\N	2013-06-15 14:50:16.44574
213	Equipment	117	update	\N	---\ninventory_id: 49\nroom_id: 9\nresponsible_id: 2\ndomain_name: monster 7\nmd5sum: \naccepted_at: \ndeleted_at: \nallow_del_at: \ncreated_at: 2013-06-15 14:50:16.442513577 Z\nupdated_at: 2013-06-15 14:50:16.442513577 Z\nid: 117\n	2013-06-15 14:50:16.469347
214	Equipment	118	create	\N	\N	2013-06-15 14:50:16.489894
215	Equipment	118	update	\N	---\ninventory_id: 15\nroom_id: 3\nresponsible_id: 11\ndomain_name: fire 3\nmd5sum: \naccepted_at: \ndeleted_at: \nallow_del_at: \ncreated_at: 2013-06-15 14:50:16.486558433 Z\nupdated_at: 2013-06-15 14:50:16.486558433 Z\nid: 118\n	2013-06-15 14:50:16.505771
216	Equipment	119	create	\N	\N	2013-06-15 14:50:16.55863
217	Equipment	120	create	\N	\N	2013-06-15 14:50:16.61585
218	Equipment	121	create	\N	\N	2013-06-15 14:50:16.645274
219	Equipment	122	create	\N	\N	2013-06-15 14:50:16.673951
220	Equipment	122	update	\N	---\ninventory_id: 30\nroom_id: 8\nresponsible_id: 6\ndomain_name: fire 4\nmd5sum: \naccepted_at: \ndeleted_at: \nallow_del_at: \ncreated_at: 2013-06-15 14:50:16.670816134 Z\nupdated_at: 2013-06-15 14:50:16.670816134 Z\nid: 122\n	2013-06-15 14:50:16.686862
221	Equipment	123	create	\N	\N	2013-06-15 14:50:16.702983
222	Equipment	123	update	\N	---\ninventory_id: 49\nroom_id: 11\nresponsible_id: 6\ndomain_name: monster 18\nmd5sum: \naccepted_at: \ndeleted_at: \nallow_del_at: \ncreated_at: 2013-06-15 14:50:16.699670599 Z\nupdated_at: 2013-06-15 14:50:16.699670599 Z\nid: 123\n	2013-06-15 14:50:16.716436
223	Equipment	124	create	\N	\N	2013-06-15 14:50:16.749928
224	Equipment	124	update	\N	---\ninventory_id: 38\nroom_id: 12\nresponsible_id: 2\ndomain_name: ghost 23\nmd5sum: \naccepted_at: \ndeleted_at: \nallow_del_at: \ncreated_at: 2013-06-15 14:50:16.746924275 Z\nupdated_at: 2013-06-15 14:50:16.746924275 Z\nid: 124\n	2013-06-15 14:50:16.774788
225	Equipment	125	create	\N	\N	2013-06-15 14:50:16.79285
226	Equipment	125	update	\N	---\ninventory_id: 24\nroom_id: 1\nresponsible_id: 14\ndomain_name: ghost 9\nmd5sum: \naccepted_at: \ndeleted_at: \nallow_del_at: \ncreated_at: 2013-06-15 14:50:16.789848255 Z\nupdated_at: 2013-06-15 14:50:16.789848255 Z\nid: 125\n	2013-06-15 14:50:16.80749
227	Equipment	126	create	\N	\N	2013-06-15 14:50:16.829668
228	Equipment	127	create	\N	\N	2013-06-15 14:50:16.86966
229	Equipment	127	update	\N	---\ninventory_id: 15\nroom_id: 11\nresponsible_id: 2\ndomain_name: stone 11\nmd5sum: \naccepted_at: \ndeleted_at: \nallow_del_at: \ncreated_at: 2013-06-15 14:50:16.866505034 Z\nupdated_at: 2013-06-15 14:50:16.866505034 Z\nid: 127\n	2013-06-15 14:50:16.882234
230	Equipment	128	create	\N	\N	2013-06-15 14:50:16.899547
231	Equipment	128	update	\N	---\ninventory_id: 24\nroom_id: 9\nresponsible_id: 2\ndomain_name: ghost 15\nmd5sum: \naccepted_at: \ndeleted_at: \nallow_del_at: \ncreated_at: 2013-06-15 14:50:16.897924411 Z\nupdated_at: 2013-06-15 14:50:16.897924411 Z\nid: 128\n	2013-06-15 14:50:16.92138
232	Equipment	129	create	\N	\N	2013-06-15 14:50:16.951164
233	Equipment	129	update	\N	---\ninventory_id: 11\nroom_id: 2\nresponsible_id: 11\ndomain_name: ice 21\nmd5sum: \naccepted_at: \ndeleted_at: \nallow_del_at: \ncreated_at: 2013-06-15 14:50:16.948169028 Z\nupdated_at: 2013-06-15 14:50:16.948169028 Z\nid: 129\n	2013-06-15 14:50:16.973967
234	Equipment	130	create	\N	\N	2013-06-15 14:50:17.002106
235	Equipment	130	update	\N	---\ninventory_id: 13\nroom_id: 5\nresponsible_id: 2\ndomain_name: fire 17\nmd5sum: \naccepted_at: \ndeleted_at: \nallow_del_at: \ncreated_at: 2013-06-15 14:50:16.999154333 Z\nupdated_at: 2013-06-15 14:50:16.999154333 Z\nid: 130\n	2013-06-15 14:50:17.023749
236	Equipment	131	create	\N	\N	2013-06-15 14:50:17.063384
237	Equipment	131	update	\N	---\ninventory_id: 23\nroom_id: 6\nresponsible_id: 12\ndomain_name: stone 21\nmd5sum: \naccepted_at: \ndeleted_at: \nallow_del_at: \ncreated_at: 2013-06-15 14:50:17.060245666 Z\nupdated_at: 2013-06-15 14:50:17.060245666 Z\nid: 131\n	2013-06-15 14:50:17.085424
238	Equipment	132	create	\N	\N	2013-06-15 14:50:17.115645
239	Equipment	132	update	\N	---\ninventory_id: 22\nroom_id: 1\nresponsible_id: 13\ndomain_name: ice 6\nmd5sum: \naccepted_at: \ndeleted_at: \nallow_del_at: \ncreated_at: 2013-06-15 14:50:17.112718730 Z\nupdated_at: 2013-06-15 14:50:17.112718730 Z\nid: 132\n	2013-06-15 14:50:17.139749
240	Equipment	133	create	\N	\N	2013-06-15 14:50:17.157904
241	Equipment	134	create	\N	\N	2013-06-15 14:50:17.188722
242	Equipment	134	update	\N	---\ninventory_id: 20\nroom_id: 2\nresponsible_id: 13\ndomain_name: gorynich 8\nmd5sum: \naccepted_at: \ndeleted_at: \nallow_del_at: \ncreated_at: 2013-06-15 14:50:17.185323517 Z\nupdated_at: 2013-06-15 14:50:17.185323517 Z\nid: 134\n	2013-06-15 14:50:17.205804
243	Equipment	135	create	\N	\N	2013-06-15 14:50:17.264364
244	Equipment	135	update	\N	---\ninventory_id: 6\nroom_id: 1\nresponsible_id: 14\ndomain_name: ice 9\nmd5sum: \naccepted_at: \ndeleted_at: \nallow_del_at: \ncreated_at: 2013-06-15 14:50:17.262836595 Z\nupdated_at: 2013-06-15 14:50:17.262836595 Z\nid: 135\n	2013-06-15 14:50:17.287789
245	Equipment	136	create	\N	\N	2013-06-15 14:50:17.31226
246	Equipment	137	create	\N	\N	2013-06-15 14:50:17.342498
247	Equipment	137	update	\N	---\ninventory_id: 18\nroom_id: 9\nresponsible_id: 14\ndomain_name: mars 13\nmd5sum: \naccepted_at: \ndeleted_at: \nallow_del_at: \ncreated_at: 2013-06-15 14:50:17.339334139 Z\nupdated_at: 2013-06-15 14:50:17.339334139 Z\nid: 137\n	2013-06-15 14:50:17.356726
248	Equipment	138	create	\N	\N	2013-06-15 14:50:17.386305
251	Equipment	141	create	\N	\N	2013-06-15 14:50:17.481641
252	Equipment	142	create	\N	\N	2013-06-15 14:50:17.518167
253	Equipment	142	update	\N	---\ninventory_id: 36\nroom_id: 11\nresponsible_id: 17\ndomain_name: ghost 14\nmd5sum: \naccepted_at: \ndeleted_at: \nallow_del_at: \ncreated_at: 2013-06-15 14:50:17.515129372 Z\nupdated_at: 2013-06-15 14:50:17.515129372 Z\nid: 142\n	2013-06-15 14:50:17.537562
254	Equipment	143	create	\N	\N	2013-06-15 14:50:17.573179
255	Equipment	143	update	\N	---\ninventory_id: 46\nroom_id: 6\nresponsible_id: 6\ndomain_name: gorynich 9\nmd5sum: \naccepted_at: \ndeleted_at: \nallow_del_at: \ncreated_at: 2013-06-15 14:50:17.569942848 Z\nupdated_at: 2013-06-15 14:50:17.569942848 Z\nid: 143\n	2013-06-15 14:50:17.598866
256	Equipment	144	create	\N	\N	2013-06-15 14:50:17.625265
257	Equipment	144	update	\N	---\ninventory_id: 42\nroom_id: 2\nresponsible_id: 14\ndomain_name: monster 20\nmd5sum: \naccepted_at: \ndeleted_at: \nallow_del_at: \ncreated_at: 2013-06-15 14:50:17.622248591 Z\nupdated_at: 2013-06-15 14:50:17.622248591 Z\nid: 144\n	2013-06-15 14:50:17.645875
258	Equipment	145	create	\N	\N	2013-06-15 14:50:17.675752
259	Equipment	145	update	\N	---\ninventory_id: 34\nroom_id: 11\nresponsible_id: 2\ndomain_name: gorynich 20\nmd5sum: \naccepted_at: \ndeleted_at: \nallow_del_at: \ncreated_at: 2013-06-15 14:50:17.672724715 Z\nupdated_at: 2013-06-15 14:50:17.672724715 Z\nid: 145\n	2013-06-15 14:50:17.697139
260	Equipment	146	create	\N	\N	2013-06-15 14:50:17.717139
261	Equipment	147	create	\N	\N	2013-06-15 14:50:17.742869
262	Equipment	147	update	\N	---\ninventory_id: 36\nroom_id: 11\nresponsible_id: 13\ndomain_name: stone 9\nmd5sum: \naccepted_at: \ndeleted_at: \nallow_del_at: \ncreated_at: 2013-06-15 14:50:17.739858659 Z\nupdated_at: 2013-06-15 14:50:17.739858659 Z\nid: 147\n	2013-06-15 14:50:17.755663
263	Equipment	148	create	\N	\N	2013-06-15 14:50:17.784417
264	Equipment	149	create	\N	\N	2013-06-15 14:50:17.826595
265	Equipment	150	create	\N	\N	2013-06-15 14:50:17.918656
266	Equipment	3	update	1	---\ninventory_id: 12\nroom_id: 9\nresponsible_id: 13\ndomain_name: ghost 1\nmd5sum: \naccepted_at: \ndeleted_at: \nallow_del_at: \ncreated_at: 2013-06-15 14:50:11.240684000 Z\nupdated_at: 2013-06-15 14:50:11.240684000 Z\nid: 3\n	2013-06-15 15:09:46.119721
267	Equipment	28	update	1	---\ninventory_id: 17\nroom_id: 10\nresponsible_id: 6\ndomain_name: monster 17\nmd5sum: \naccepted_at: \ndeleted_at: \nallow_del_at: \ncreated_at: 2013-06-15 14:50:12.273030000 Z\nupdated_at: 2013-06-15 14:50:12.273030000 Z\nid: 28\n	2013-06-15 16:54:01.81046
268	Equipment	126	update	1	---\ninventory_id: 43\nroom_id: 10\nresponsible_id: 13\ndomain_name: ghost 12\nmd5sum: \naccepted_at: \ndeleted_at: \nallow_del_at: \ncreated_at: 2013-06-15 14:50:16.826548000 Z\nupdated_at: 2013-06-15 14:50:16.826548000 Z\nid: 126\n	2013-06-15 16:54:05.686416
269	Equipment	75	update	1	---\ninventory_id: 22\nroom_id: 7\nresponsible_id: 11\ndomain_name: mars 24\nmd5sum: \naccepted_at: \ndeleted_at: \nallow_del_at: \ncreated_at: 2013-06-15 14:50:14.518862000 Z\nupdated_at: 2013-06-15 14:50:14.518862000 Z\nid: 75\n	2013-06-15 16:54:07.770601
270	Equipment	141	update	1	---\ninventory_id: 5\nroom_id: 7\nresponsible_id: 14\ndomain_name: gorynich 10\nmd5sum: \naccepted_at: \ndeleted_at: \nallow_del_at: \ncreated_at: 2013-06-15 14:50:17.478550000 Z\nupdated_at: 2013-06-15 14:50:17.478550000 Z\nid: 141\n	2013-06-15 16:54:09.672275
271	Equipment	52	update	1	---\ninventory_id: 23\nroom_id: 6\nresponsible_id: 17\ndomain_name: monster 5\nmd5sum: \naccepted_at: \ndeleted_at: \nallow_del_at: \ncreated_at: 2013-06-15 14:50:13.398555000 Z\nupdated_at: 2013-06-15 14:50:13.398555000 Z\nid: 52\n	2013-06-15 16:54:11.674304
\.


--
-- Name: versions_id_seq; Type: SEQUENCE SET; Schema: public; Owner: ode
--

SELECT pg_catalog.setval('versions_id_seq', 271, true);


--
-- PostgreSQL database dump complete
--

