--
-- PostgreSQL database dump
--

SET statement_timeout = 0;
SET client_encoding = 'UTF8';
SET standard_conforming_strings = on;
SET check_function_bodies = false;
SET client_min_messages = warning;

SET search_path = public, pg_catalog;

--
-- Data for Name: act_types; Type: TABLE DATA; Schema: public; Owner: ode
--

COPY act_types (id, name) FROM stdin;
1	Инвентаризационная опись основных средств
2	Инвентаризационная опись нематериальных активов
3	Инвентаризационная опись товарно-материальных ценностей
4	Акт инвентаризации незаконченных ремонтов основных средств
5	Акт инвентаризации расходов будущих периодов
6	Акт инвентаризации наличных денежных средств
7	Инвентаризационная опись ценных бумаг и бланков документов строгой отчетности
8	Акт инвентаризации расчетов с покупателями, поставщиками и прочими дебиторами и кредиторами
9	Сличительная ведомость результатов инвентаризации основных средств
10	Сличительная ведомость результатов инвентаризации товарно-материальных ценностей
11	Приказ о проведении инвентаризации
12	Журнал учета контроля за выполнением приказов о проведении инвентаризации
13	Акт о контрольной проверке правильности проведения инвентаризации ценностей
14	Журнал учета контрольных проверок правильности проведения инвентаризаций
\.


--
-- Name: act_types_id_seq; Type: SEQUENCE SET; Schema: public; Owner: ode
--

SELECT pg_catalog.setval('act_types_id_seq', 14, true);


--
-- Data for Name: comments; Type: TABLE DATA; Schema: public; Owner: ode
--

COPY comments (id, body, user_id, equipment_id, created_at, updated_at) FROM stdin;
1	test comment #1	7	1	2013-06-13 06:50:55.917092	2013-06-13 06:50:55.917092
2	test comment #2	7	1	2013-06-13 06:50:55.928195	2013-06-13 06:50:55.928195
3	test comment #3	5	1	2013-06-13 06:50:55.934859	2013-06-13 06:50:55.934859
4	test comment #4	19	2	2013-06-13 06:50:55.943617	2013-06-13 06:50:55.943617
5	test comment #5	13	2	2013-06-13 06:50:55.952314	2013-06-13 06:50:55.952314
6	test comment #6	13	2	2013-06-13 06:50:55.960863	2013-06-13 06:50:55.960863
7	test comment #7	18	3	2013-06-13 06:50:55.969151	2013-06-13 06:50:55.969151
8	test comment #8	2	3	2013-06-13 06:50:55.977665	2013-06-13 06:50:55.977665
9	test comment #9	2	3	2013-06-13 06:50:55.986281	2013-06-13 06:50:55.986281
10	test comment #10	13	4	2013-06-13 06:50:55.994436	2013-06-13 06:50:55.994436
11	test comment #11	10	4	2013-06-13 06:50:56.002754	2013-06-13 06:50:56.002754
12	test comment #12	7	4	2013-06-13 06:50:56.011022	2013-06-13 06:50:56.011022
13	test comment #13	1	5	2013-06-13 06:50:56.019396	2013-06-13 06:50:56.019396
14	test comment #14	5	5	2013-06-13 06:50:56.027636	2013-06-13 06:50:56.027636
15	test comment #15	16	5	2013-06-13 06:50:56.036352	2013-06-13 06:50:56.036352
16	test comment #16	20	6	2013-06-13 06:50:56.044376	2013-06-13 06:50:56.044376
17	test comment #17	7	6	2013-06-13 06:50:56.052806	2013-06-13 06:50:56.052806
18	test comment #18	19	6	2013-06-13 06:50:56.061069	2013-06-13 06:50:56.061069
19	test comment #19	16	7	2013-06-13 06:50:56.069151	2013-06-13 06:50:56.069151
20	test comment #20	8	7	2013-06-13 06:50:56.07768	2013-06-13 06:50:56.07768
21	test comment #21	19	7	2013-06-13 06:50:56.085843	2013-06-13 06:50:56.085843
22	test comment #22	2	8	2013-06-13 06:50:56.094465	2013-06-13 06:50:56.094465
23	test comment #23	18	8	2013-06-13 06:50:56.102606	2013-06-13 06:50:56.102606
24	test comment #24	8	8	2013-06-13 06:50:56.110782	2013-06-13 06:50:56.110782
25	test comment #25	11	9	2013-06-13 06:50:56.119226	2013-06-13 06:50:56.119226
26	test comment #26	18	9	2013-06-13 06:50:56.127796	2013-06-13 06:50:56.127796
27	test comment #27	1	9	2013-06-13 06:50:56.135938	2013-06-13 06:50:56.135938
28	test comment #28	19	10	2013-06-13 06:50:56.144106	2013-06-13 06:50:56.144106
29	test comment #29	14	10	2013-06-13 06:50:56.152611	2013-06-13 06:50:56.152611
30	test comment #30	10	10	2013-06-13 06:50:56.161112	2013-06-13 06:50:56.161112
31	test comment #31	18	11	2013-06-13 06:50:56.16963	2013-06-13 06:50:56.16963
32	test comment #32	14	11	2013-06-13 06:50:56.177615	2013-06-13 06:50:56.177615
33	test comment #33	20	11	2013-06-13 06:50:56.186359	2013-06-13 06:50:56.186359
34	test comment #34	16	12	2013-06-13 06:50:56.194262	2013-06-13 06:50:56.194262
35	test comment #35	11	12	2013-06-13 06:50:56.202774	2013-06-13 06:50:56.202774
36	test comment #36	20	12	2013-06-13 06:50:56.210849	2013-06-13 06:50:56.210849
37	test comment #37	16	13	2013-06-13 06:50:56.219579	2013-06-13 06:50:56.219579
38	test comment #38	11	13	2013-06-13 06:50:56.227654	2013-06-13 06:50:56.227654
39	test comment #39	5	13	2013-06-13 06:50:56.235724	2013-06-13 06:50:56.235724
40	test comment #40	18	14	2013-06-13 06:50:56.24431	2013-06-13 06:50:56.24431
41	test comment #41	19	14	2013-06-13 06:50:56.252613	2013-06-13 06:50:56.252613
42	test comment #42	1	14	2013-06-13 06:50:56.260818	2013-06-13 06:50:56.260818
43	test comment #43	11	15	2013-06-13 06:50:56.26929	2013-06-13 06:50:56.26929
44	test comment #44	5	15	2013-06-13 06:50:56.277989	2013-06-13 06:50:56.277989
45	test comment #45	18	15	2013-06-13 06:50:56.28603	2013-06-13 06:50:56.28603
46	test comment #46	8	16	2013-06-13 06:50:56.294167	2013-06-13 06:50:56.294167
47	test comment #47	1	16	2013-06-13 06:50:56.302624	2013-06-13 06:50:56.302624
48	test comment #48	8	16	2013-06-13 06:50:56.31122	2013-06-13 06:50:56.31122
49	test comment #49	8	17	2013-06-13 06:50:56.319375	2013-06-13 06:50:56.319375
50	test comment #50	18	17	2013-06-13 06:50:56.327543	2013-06-13 06:50:56.327543
51	test comment #51	5	17	2013-06-13 06:50:56.335907	2013-06-13 06:50:56.335907
52	test comment #52	5	18	2013-06-13 06:50:56.344241	2013-06-13 06:50:56.344241
53	test comment #53	7	18	2013-06-13 06:50:56.352532	2013-06-13 06:50:56.352532
54	test comment #54	10	18	2013-06-13 06:50:56.360958	2013-06-13 06:50:56.360958
55	test comment #55	11	19	2013-06-13 06:50:56.369622	2013-06-13 06:50:56.369622
56	test comment #56	5	19	2013-06-13 06:50:56.377625	2013-06-13 06:50:56.377625
57	test comment #57	10	19	2013-06-13 06:50:56.386011	2013-06-13 06:50:56.386011
58	test comment #58	7	20	2013-06-13 06:50:56.394269	2013-06-13 06:50:56.394269
59	test comment #59	20	20	2013-06-13 06:50:56.402847	2013-06-13 06:50:56.402847
60	test comment #60	8	20	2013-06-13 06:50:56.410875	2013-06-13 06:50:56.410875
61	test comment #61	16	21	2013-06-13 06:50:56.419155	2013-06-13 06:50:56.419155
62	test comment #62	1	21	2013-06-13 06:50:56.427586	2013-06-13 06:50:56.427586
63	test comment #63	1	21	2013-06-13 06:50:56.43589	2013-06-13 06:50:56.43589
64	test comment #64	11	22	2013-06-13 06:50:56.463986	2013-06-13 06:50:56.463986
65	test comment #65	10	22	2013-06-13 06:50:56.477146	2013-06-13 06:50:56.477146
66	test comment #66	16	22	2013-06-13 06:50:56.485404	2013-06-13 06:50:56.485404
67	test comment #67	1	23	2013-06-13 06:50:56.494967	2013-06-13 06:50:56.494967
68	test comment #68	20	23	2013-06-13 06:50:56.503656	2013-06-13 06:50:56.503656
69	test comment #69	18	23	2013-06-13 06:50:56.511635	2013-06-13 06:50:56.511635
70	test comment #70	16	24	2013-06-13 06:50:56.520364	2013-06-13 06:50:56.520364
71	test comment #71	1	24	2013-06-13 06:50:56.528649	2013-06-13 06:50:56.528649
72	test comment #72	5	24	2013-06-13 06:50:56.536926	2013-06-13 06:50:56.536926
73	test comment #73	5	25	2013-06-13 06:50:56.544841	2013-06-13 06:50:56.544841
74	test comment #74	13	25	2013-06-13 06:50:56.55359	2013-06-13 06:50:56.55359
75	test comment #75	16	25	2013-06-13 06:50:56.561674	2013-06-13 06:50:56.561674
76	test comment #76	19	26	2013-06-13 06:50:56.570234	2013-06-13 06:50:56.570234
77	test comment #77	8	26	2013-06-13 06:50:56.578477	2013-06-13 06:50:56.578477
78	test comment #78	8	26	2013-06-13 06:50:56.586896	2013-06-13 06:50:56.586896
79	test comment #79	11	27	2013-06-13 06:50:56.612049	2013-06-13 06:50:56.612049
80	test comment #80	14	27	2013-06-13 06:50:56.620171	2013-06-13 06:50:56.620171
81	test comment #81	16	27	2013-06-13 06:50:56.6285	2013-06-13 06:50:56.6285
82	test comment #82	13	28	2013-06-13 06:50:56.679163	2013-06-13 06:50:56.679163
83	test comment #83	11	28	2013-06-13 06:50:56.686248	2013-06-13 06:50:56.686248
84	test comment #84	7	28	2013-06-13 06:50:56.694872	2013-06-13 06:50:56.694872
85	test comment #85	7	29	2013-06-13 06:50:56.703156	2013-06-13 06:50:56.703156
86	test comment #86	19	29	2013-06-13 06:50:56.711698	2013-06-13 06:50:56.711698
87	test comment #87	14	29	2013-06-13 06:50:56.719829	2013-06-13 06:50:56.719829
88	test comment #88	11	30	2013-06-13 06:50:56.727993	2013-06-13 06:50:56.727993
89	test comment #89	2	30	2013-06-13 06:50:56.744926	2013-06-13 06:50:56.744926
90	test comment #90	19	30	2013-06-13 06:50:56.752963	2013-06-13 06:50:56.752963
91	test comment #91	14	31	2013-06-13 06:50:56.761238	2013-06-13 06:50:56.761238
92	test comment #92	19	31	2013-06-13 06:50:56.768978	2013-06-13 06:50:56.768978
93	test comment #93	18	31	2013-06-13 06:50:56.777952	2013-06-13 06:50:56.777952
94	test comment #94	5	32	2013-06-13 06:50:56.794667	2013-06-13 06:50:56.794667
95	test comment #95	8	32	2013-06-13 06:50:56.803315	2013-06-13 06:50:56.803315
96	test comment #96	1	32	2013-06-13 06:50:56.811176	2013-06-13 06:50:56.811176
97	test comment #97	20	33	2013-06-13 06:50:56.819475	2013-06-13 06:50:56.819475
98	test comment #98	11	33	2013-06-13 06:50:56.827831	2013-06-13 06:50:56.827831
99	test comment #99	1	33	2013-06-13 06:50:56.836568	2013-06-13 06:50:56.836568
100	test comment #100	11	34	2013-06-13 06:50:56.844626	2013-06-13 06:50:56.844626
101	test comment #101	13	34	2013-06-13 06:50:56.853019	2013-06-13 06:50:56.853019
102	test comment #102	7	34	2013-06-13 06:50:56.86175	2013-06-13 06:50:56.86175
103	test comment #103	13	35	2013-06-13 06:50:56.869607	2013-06-13 06:50:56.869607
104	test comment #104	13	35	2013-06-13 06:50:56.877863	2013-06-13 06:50:56.877863
105	test comment #105	14	35	2013-06-13 06:50:56.886112	2013-06-13 06:50:56.886112
106	test comment #106	16	36	2013-06-13 06:50:56.894869	2013-06-13 06:50:56.894869
107	test comment #107	1	36	2013-06-13 06:50:56.903006	2013-06-13 06:50:56.903006
108	test comment #108	13	36	2013-06-13 06:50:56.910976	2013-06-13 06:50:56.910976
109	test comment #109	5	37	2013-06-13 06:50:56.920115	2013-06-13 06:50:56.920115
110	test comment #110	13	37	2013-06-13 06:50:56.928084	2013-06-13 06:50:56.928084
111	test comment #111	14	37	2013-06-13 06:50:57.036946	2013-06-13 06:50:57.036946
112	test comment #112	16	38	2013-06-13 06:50:57.04473	2013-06-13 06:50:57.04473
113	test comment #113	11	38	2013-06-13 06:50:57.053026	2013-06-13 06:50:57.053026
114	test comment #114	8	38	2013-06-13 06:50:57.061363	2013-06-13 06:50:57.061363
115	test comment #115	5	39	2013-06-13 06:50:57.070042	2013-06-13 06:50:57.070042
116	test comment #116	8	39	2013-06-13 06:50:57.078153	2013-06-13 06:50:57.078153
117	test comment #117	11	39	2013-06-13 06:50:57.086349	2013-06-13 06:50:57.086349
118	test comment #118	2	40	2013-06-13 06:50:57.09451	2013-06-13 06:50:57.09451
119	test comment #119	5	40	2013-06-13 06:50:57.103037	2013-06-13 06:50:57.103037
120	test comment #120	13	40	2013-06-13 06:50:57.119434	2013-06-13 06:50:57.119434
121	test comment #121	16	41	2013-06-13 06:50:57.128257	2013-06-13 06:50:57.128257
122	test comment #122	11	41	2013-06-13 06:50:57.136435	2013-06-13 06:50:57.136435
123	test comment #123	8	41	2013-06-13 06:50:57.144655	2013-06-13 06:50:57.144655
124	test comment #124	11	42	2013-06-13 06:50:57.152953	2013-06-13 06:50:57.152953
125	test comment #125	10	42	2013-06-13 06:50:57.161583	2013-06-13 06:50:57.161583
126	test comment #126	8	42	2013-06-13 06:50:57.186874	2013-06-13 06:50:57.186874
127	test comment #127	11	43	2013-06-13 06:50:57.194801	2013-06-13 06:50:57.194801
128	test comment #128	13	43	2013-06-13 06:50:57.203039	2013-06-13 06:50:57.203039
129	test comment #129	1	43	2013-06-13 06:50:57.211338	2013-06-13 06:50:57.211338
130	test comment #130	2	44	2013-06-13 06:50:57.220047	2013-06-13 06:50:57.220047
131	test comment #131	20	44	2013-06-13 06:50:57.236396	2013-06-13 06:50:57.236396
132	test comment #132	13	44	2013-06-13 06:50:57.245043	2013-06-13 06:50:57.245043
133	test comment #133	19	45	2013-06-13 06:50:57.253382	2013-06-13 06:50:57.253382
134	test comment #134	19	45	2013-06-13 06:50:57.261797	2013-06-13 06:50:57.261797
135	test comment #135	5	45	2013-06-13 06:50:57.270017	2013-06-13 06:50:57.270017
136	test comment #136	7	46	2013-06-13 06:50:57.278038	2013-06-13 06:50:57.278038
137	test comment #137	18	46	2013-06-13 06:50:57.29506	2013-06-13 06:50:57.29506
138	test comment #138	7	46	2013-06-13 06:50:57.302856	2013-06-13 06:50:57.302856
139	test comment #139	5	47	2013-06-13 06:50:57.312178	2013-06-13 06:50:57.312178
140	test comment #140	19	47	2013-06-13 06:50:57.320004	2013-06-13 06:50:57.320004
141	test comment #141	19	47	2013-06-13 06:50:57.328287	2013-06-13 06:50:57.328287
142	test comment #142	10	48	2013-06-13 06:50:57.336609	2013-06-13 06:50:57.336609
143	test comment #143	7	48	2013-06-13 06:50:57.353558	2013-06-13 06:50:57.353558
144	test comment #144	20	48	2013-06-13 06:50:57.361511	2013-06-13 06:50:57.361511
145	test comment #145	8	49	2013-06-13 06:50:57.369861	2013-06-13 06:50:57.369861
146	test comment #146	1	49	2013-06-13 06:50:57.37795	2013-06-13 06:50:57.37795
147	test comment #147	10	49	2013-06-13 06:50:57.38654	2013-06-13 06:50:57.38654
148	test comment #148	5	50	2013-06-13 06:50:57.394713	2013-06-13 06:50:57.394713
149	test comment #149	16	50	2013-06-13 06:50:57.403385	2013-06-13 06:50:57.403385
150	test comment #150	2	50	2013-06-13 06:50:57.411581	2013-06-13 06:50:57.411581
151	test comment #151	7	51	2013-06-13 06:50:57.419783	2013-06-13 06:50:57.419783
152	test comment #152	16	51	2013-06-13 06:50:57.428201	2013-06-13 06:50:57.428201
153	test comment #153	8	51	2013-06-13 06:50:57.436714	2013-06-13 06:50:57.436714
154	test comment #154	8	52	2013-06-13 06:50:57.444806	2013-06-13 06:50:57.444806
155	test comment #155	2	52	2013-06-13 06:50:57.453233	2013-06-13 06:50:57.453233
156	test comment #156	18	52	2013-06-13 06:50:57.461787	2013-06-13 06:50:57.461787
157	test comment #157	2	53	2013-06-13 06:50:57.470041	2013-06-13 06:50:57.470041
158	test comment #158	14	53	2013-06-13 06:50:57.478021	2013-06-13 06:50:57.478021
159	test comment #159	2	53	2013-06-13 06:50:57.486455	2013-06-13 06:50:57.486455
160	test comment #160	5	54	2013-06-13 06:50:57.494972	2013-06-13 06:50:57.494972
161	test comment #161	1	54	2013-06-13 06:50:57.503301	2013-06-13 06:50:57.503301
162	test comment #162	14	54	2013-06-13 06:50:57.511225	2013-06-13 06:50:57.511225
163	test comment #163	2	55	2013-06-13 06:50:57.519497	2013-06-13 06:50:57.519497
164	test comment #164	2	55	2013-06-13 06:50:57.528371	2013-06-13 06:50:57.528371
165	test comment #165	11	55	2013-06-13 06:50:57.536418	2013-06-13 06:50:57.536418
166	test comment #166	8	56	2013-06-13 06:50:57.544679	2013-06-13 06:50:57.544679
167	test comment #167	2	56	2013-06-13 06:50:57.553088	2013-06-13 06:50:57.553088
168	test comment #168	19	56	2013-06-13 06:50:57.561813	2013-06-13 06:50:57.561813
169	test comment #169	20	57	2013-06-13 06:50:57.56974	2013-06-13 06:50:57.56974
170	test comment #170	1	57	2013-06-13 06:50:57.578271	2013-06-13 06:50:57.578271
171	test comment #171	2	57	2013-06-13 06:50:57.586862	2013-06-13 06:50:57.586862
172	test comment #172	2	58	2013-06-13 06:50:57.5947	2013-06-13 06:50:57.5947
173	test comment #173	16	58	2013-06-13 06:50:57.603062	2013-06-13 06:50:57.603062
174	test comment #174	1	58	2013-06-13 06:50:57.611282	2013-06-13 06:50:57.611282
175	test comment #175	16	59	2013-06-13 06:50:57.619912	2013-06-13 06:50:57.619912
176	test comment #176	1	59	2013-06-13 06:50:57.62791	2013-06-13 06:50:57.62791
177	test comment #177	13	59	2013-06-13 06:50:57.636556	2013-06-13 06:50:57.636556
178	test comment #178	8	60	2013-06-13 06:50:57.643909	2013-06-13 06:50:57.643909
179	test comment #179	1	60	2013-06-13 06:50:57.653696	2013-06-13 06:50:57.653696
180	test comment #180	7	60	2013-06-13 06:50:57.678516	2013-06-13 06:50:57.678516
181	test comment #181	18	61	2013-06-13 06:50:57.686773	2013-06-13 06:50:57.686773
182	test comment #182	11	61	2013-06-13 06:50:57.694869	2013-06-13 06:50:57.694869
183	test comment #183	5	61	2013-06-13 06:50:57.703407	2013-06-13 06:50:57.703407
184	test comment #184	8	62	2013-06-13 06:50:57.711837	2013-06-13 06:50:57.711837
185	test comment #185	8	62	2013-06-13 06:50:57.736589	2013-06-13 06:50:57.736589
186	test comment #186	8	62	2013-06-13 06:50:57.745327	2013-06-13 06:50:57.745327
187	test comment #187	8	63	2013-06-13 06:50:57.753617	2013-06-13 06:50:57.753617
188	test comment #188	8	63	2013-06-13 06:50:57.761631	2013-06-13 06:50:57.761631
189	test comment #189	5	63	2013-06-13 06:50:57.770385	2013-06-13 06:50:57.770385
190	test comment #190	1	64	2013-06-13 06:50:57.795358	2013-06-13 06:50:57.795358
191	test comment #191	7	64	2013-06-13 06:50:57.803547	2013-06-13 06:50:57.803547
192	test comment #192	1	64	2013-06-13 06:50:57.811556	2013-06-13 06:50:57.811556
193	test comment #193	1	65	2013-06-13 06:50:57.819936	2013-06-13 06:50:57.819936
194	test comment #194	20	65	2013-06-13 06:50:57.828049	2013-06-13 06:50:57.828049
195	test comment #195	18	65	2013-06-13 06:50:57.85357	2013-06-13 06:50:57.85357
196	test comment #196	1	66	2013-06-13 06:50:57.861732	2013-06-13 06:50:57.861732
197	test comment #197	11	66	2013-06-13 06:50:57.870015	2013-06-13 06:50:57.870015
198	test comment #198	5	66	2013-06-13 06:50:57.878129	2013-06-13 06:50:57.878129
199	test comment #199	7	67	2013-06-13 06:50:57.886436	2013-06-13 06:50:57.886436
200	test comment #200	1	67	2013-06-13 06:50:57.903435	2013-06-13 06:50:57.903435
201	test comment #201	11	67	2013-06-13 06:50:57.911549	2013-06-13 06:50:57.911549
202	test comment #202	7	68	2013-06-13 06:50:57.919893	2013-06-13 06:50:57.919893
203	test comment #203	5	68	2013-06-13 06:50:57.928838	2013-06-13 06:50:57.928838
204	test comment #204	20	68	2013-06-13 06:50:57.936738	2013-06-13 06:50:57.936738
205	test comment #205	20	69	2013-06-13 06:50:57.94504	2013-06-13 06:50:57.94504
206	test comment #206	14	69	2013-06-13 06:50:57.953822	2013-06-13 06:50:57.953822
207	test comment #207	2	69	2013-06-13 06:50:57.96192	2013-06-13 06:50:57.96192
208	test comment #208	10	70	2013-06-13 06:50:57.970156	2013-06-13 06:50:57.970156
209	test comment #209	20	70	2013-06-13 06:50:57.978266	2013-06-13 06:50:57.978266
210	test comment #210	14	70	2013-06-13 06:50:57.986776	2013-06-13 06:50:57.986776
211	test comment #211	14	71	2013-06-13 06:50:57.994963	2013-06-13 06:50:57.994963
212	test comment #212	19	71	2013-06-13 06:50:58.003526	2013-06-13 06:50:58.003526
213	test comment #213	16	71	2013-06-13 06:50:58.011602	2013-06-13 06:50:58.011602
214	test comment #214	1	72	2013-06-13 06:50:58.020415	2013-06-13 06:50:58.020415
215	test comment #215	10	72	2013-06-13 06:50:58.028474	2013-06-13 06:50:58.028474
216	test comment #216	19	72	2013-06-13 06:50:58.036662	2013-06-13 06:50:58.036662
217	test comment #217	1	73	2013-06-13 06:50:58.045659	2013-06-13 06:50:58.045659
218	test comment #218	11	73	2013-06-13 06:50:58.053374	2013-06-13 06:50:58.053374
219	test comment #219	19	73	2013-06-13 06:50:58.061815	2013-06-13 06:50:58.061815
220	test comment #220	5	74	2013-06-13 06:50:58.070007	2013-06-13 06:50:58.070007
221	test comment #221	18	74	2013-06-13 06:50:58.078546	2013-06-13 06:50:58.078546
222	test comment #222	16	74	2013-06-13 06:50:58.086752	2013-06-13 06:50:58.086752
223	test comment #223	19	75	2013-06-13 06:50:58.094818	2013-06-13 06:50:58.094818
224	test comment #224	16	75	2013-06-13 06:50:58.103115	2013-06-13 06:50:58.103115
225	test comment #225	10	75	2013-06-13 06:50:58.11171	2013-06-13 06:50:58.11171
226	test comment #226	16	76	2013-06-13 06:50:58.119947	2013-06-13 06:50:58.119947
227	test comment #227	11	76	2013-06-13 06:50:58.128102	2013-06-13 06:50:58.128102
228	test comment #228	19	76	2013-06-13 06:50:58.136604	2013-06-13 06:50:58.136604
229	test comment #229	14	77	2013-06-13 06:50:58.144908	2013-06-13 06:50:58.144908
230	test comment #230	19	77	2013-06-13 06:50:58.153308	2013-06-13 06:50:58.153308
231	test comment #231	18	77	2013-06-13 06:50:58.161673	2013-06-13 06:50:58.161673
232	test comment #232	1	78	2013-06-13 06:50:58.170233	2013-06-13 06:50:58.170233
233	test comment #233	14	78	2013-06-13 06:50:58.178335	2013-06-13 06:50:58.178335
234	test comment #234	20	78	2013-06-13 06:50:58.186752	2013-06-13 06:50:58.186752
235	test comment #235	14	79	2013-06-13 06:50:58.195022	2013-06-13 06:50:58.195022
236	test comment #236	19	79	2013-06-13 06:50:58.203505	2013-06-13 06:50:58.203505
237	test comment #237	14	79	2013-06-13 06:50:58.211636	2013-06-13 06:50:58.211636
238	test comment #238	13	80	2013-06-13 06:50:58.219959	2013-06-13 06:50:58.219959
239	test comment #239	1	80	2013-06-13 06:50:58.228356	2013-06-13 06:50:58.228356
240	test comment #240	19	80	2013-06-13 06:50:58.236604	2013-06-13 06:50:58.236604
241	test comment #241	11	81	2013-06-13 06:50:58.244888	2013-06-13 06:50:58.244888
242	test comment #242	13	81	2013-06-13 06:50:58.288359	2013-06-13 06:50:58.288359
243	test comment #243	13	81	2013-06-13 06:50:58.303486	2013-06-13 06:50:58.303486
244	test comment #244	10	82	2013-06-13 06:50:58.311634	2013-06-13 06:50:58.311634
245	test comment #245	8	82	2013-06-13 06:50:58.342764	2013-06-13 06:50:58.342764
246	test comment #246	8	82	2013-06-13 06:50:58.353293	2013-06-13 06:50:58.353293
247	test comment #247	13	83	2013-06-13 06:50:58.361583	2013-06-13 06:50:58.361583
248	test comment #248	14	83	2013-06-13 06:50:58.370542	2013-06-13 06:50:58.370542
249	test comment #249	5	83	2013-06-13 06:50:58.378929	2013-06-13 06:50:58.378929
250	test comment #250	1	84	2013-06-13 06:50:58.387691	2013-06-13 06:50:58.387691
251	test comment #251	14	84	2013-06-13 06:50:58.395532	2013-06-13 06:50:58.395532
252	test comment #252	2	84	2013-06-13 06:50:58.403909	2013-06-13 06:50:58.403909
253	test comment #253	16	85	2013-06-13 06:50:58.412309	2013-06-13 06:50:58.412309
254	test comment #254	5	85	2013-06-13 06:50:58.420789	2013-06-13 06:50:58.420789
255	test comment #255	10	85	2013-06-13 06:50:58.429225	2013-06-13 06:50:58.429225
256	test comment #256	11	86	2013-06-13 06:50:58.437414	2013-06-13 06:50:58.437414
257	test comment #257	19	86	2013-06-13 06:50:58.446037	2013-06-13 06:50:58.446037
258	test comment #258	13	86	2013-06-13 06:50:58.454012	2013-06-13 06:50:58.454012
259	test comment #259	13	87	2013-06-13 06:50:58.470731	2013-06-13 06:50:58.470731
260	test comment #260	16	87	2013-06-13 06:50:58.479419	2013-06-13 06:50:58.479419
261	test comment #261	18	87	2013-06-13 06:50:58.487338	2013-06-13 06:50:58.487338
262	test comment #262	5	88	2013-06-13 06:50:58.495543	2013-06-13 06:50:58.495543
263	test comment #263	10	88	2013-06-13 06:50:58.504144	2013-06-13 06:50:58.504144
264	test comment #264	14	88	2013-06-13 06:50:58.512352	2013-06-13 06:50:58.512352
265	test comment #265	19	89	2013-06-13 06:50:58.529299	2013-06-13 06:50:58.529299
266	test comment #266	13	89	2013-06-13 06:50:58.537851	2013-06-13 06:50:58.537851
267	test comment #267	14	89	2013-06-13 06:50:58.546114	2013-06-13 06:50:58.546114
268	test comment #268	7	90	2013-06-13 06:50:58.554326	2013-06-13 06:50:58.554326
269	test comment #269	13	90	2013-06-13 06:50:58.562612	2013-06-13 06:50:58.562612
270	test comment #270	19	90	2013-06-13 06:50:58.570958	2013-06-13 06:50:58.570958
271	test comment #271	7	91	2013-06-13 06:50:58.587722	2013-06-13 06:50:58.587722
272	test comment #272	10	91	2013-06-13 06:50:58.596203	2013-06-13 06:50:58.596203
273	test comment #273	18	91	2013-06-13 06:50:58.604301	2013-06-13 06:50:58.604301
274	test comment #274	16	92	2013-06-13 06:50:58.612617	2013-06-13 06:50:58.612617
275	test comment #275	20	92	2013-06-13 06:50:58.620954	2013-06-13 06:50:58.620954
276	test comment #276	2	92	2013-06-13 06:50:58.629487	2013-06-13 06:50:58.629487
277	test comment #277	14	93	2013-06-13 06:50:58.637875	2013-06-13 06:50:58.637875
278	test comment #278	2	93	2013-06-13 06:50:58.644809	2013-06-13 06:50:58.644809
279	test comment #279	2	93	2013-06-13 06:50:58.654349	2013-06-13 06:50:58.654349
280	test comment #280	10	94	2013-06-13 06:50:58.662736	2013-06-13 06:50:58.662736
281	test comment #281	2	94	2013-06-13 06:50:58.670871	2013-06-13 06:50:58.670871
282	test comment #282	11	94	2013-06-13 06:50:58.679159	2013-06-13 06:50:58.679159
283	test comment #283	14	95	2013-06-13 06:50:58.687773	2013-06-13 06:50:58.687773
284	test comment #284	11	95	2013-06-13 06:50:58.696177	2013-06-13 06:50:58.696177
285	test comment #285	16	95	2013-06-13 06:50:58.704635	2013-06-13 06:50:58.704635
286	test comment #286	5	96	2013-06-13 06:50:58.712694	2013-06-13 06:50:58.712694
287	test comment #287	19	96	2013-06-13 06:50:58.721142	2013-06-13 06:50:58.721142
288	test comment #288	14	96	2013-06-13 06:50:58.728984	2013-06-13 06:50:58.728984
289	test comment #289	7	97	2013-06-13 06:50:58.737382	2013-06-13 06:50:58.737382
290	test comment #290	20	97	2013-06-13 06:50:58.746113	2013-06-13 06:50:58.746113
291	test comment #291	5	97	2013-06-13 06:50:58.754377	2013-06-13 06:50:58.754377
292	test comment #292	13	98	2013-06-13 06:50:58.762447	2013-06-13 06:50:58.762447
293	test comment #293	13	98	2013-06-13 06:50:58.770643	2013-06-13 06:50:58.770643
294	test comment #294	10	98	2013-06-13 06:50:58.779151	2013-06-13 06:50:58.779151
298	test comment #298	20	100	2013-06-13 06:50:58.81288	2013-06-13 06:50:58.81288
299	test comment #299	19	100	2013-06-13 06:50:58.820892	2013-06-13 06:50:58.820892
300	test comment #300	16	100	2013-06-13 06:50:58.829462	2013-06-13 06:50:58.829462
301	test comment #301	19	101	2013-06-13 06:50:58.837703	2013-06-13 06:50:58.837703
302	test comment #302	2	101	2013-06-13 06:50:58.846085	2013-06-13 06:50:58.846085
303	test comment #303	2	101	2013-06-13 06:50:58.854238	2013-06-13 06:50:58.854238
304	test comment #304	8	102	2013-06-13 06:50:58.862393	2013-06-13 06:50:58.862393
305	test comment #305	14	102	2013-06-13 06:50:58.871276	2013-06-13 06:50:58.871276
306	test comment #306	7	102	2013-06-13 06:50:58.879247	2013-06-13 06:50:58.879247
307	test comment #307	14	103	2013-06-13 06:50:58.88765	2013-06-13 06:50:58.88765
308	test comment #308	7	103	2013-06-13 06:50:58.895927	2013-06-13 06:50:58.895927
309	test comment #309	7	103	2013-06-13 06:50:58.904586	2013-06-13 06:50:58.904586
310	test comment #310	14	104	2013-06-13 06:50:58.912505	2013-06-13 06:50:58.912505
311	test comment #311	13	104	2013-06-13 06:50:58.920918	2013-06-13 06:50:58.920918
312	test comment #312	8	104	2013-06-13 06:50:58.92926	2013-06-13 06:50:58.92926
313	test comment #313	5	105	2013-06-13 06:50:58.937753	2013-06-13 06:50:58.937753
314	test comment #314	8	105	2013-06-13 06:50:58.945673	2013-06-13 06:50:58.945673
315	test comment #315	19	105	2013-06-13 06:50:58.954208	2013-06-13 06:50:58.954208
316	test comment #316	14	106	2013-06-13 06:50:58.962892	2013-06-13 06:50:58.962892
317	test comment #317	16	106	2013-06-13 06:50:58.971192	2013-06-13 06:50:58.971192
318	test comment #318	10	106	2013-06-13 06:50:58.979316	2013-06-13 06:50:58.979316
319	test comment #319	1	107	2013-06-13 06:50:58.987439	2013-06-13 06:50:58.987439
320	test comment #320	5	107	2013-06-13 06:50:58.996485	2013-06-13 06:50:58.996485
321	test comment #321	20	107	2013-06-13 06:50:59.004751	2013-06-13 06:50:59.004751
297	Исправлено заменой окна на кондиционер и лампу.	1	99	2013-06-13 06:50:58.804161	2013-06-13 10:21:08.217641
322	test comment #322	16	108	2013-06-13 06:50:59.013014	2013-06-13 06:50:59.013014
323	test comment #323	18	108	2013-06-13 06:50:59.057849	2013-06-13 06:50:59.057849
324	test comment #324	14	108	2013-06-13 06:50:59.070058	2013-06-13 06:50:59.070058
325	test comment #325	8	109	2013-06-13 06:50:59.078914	2013-06-13 06:50:59.078914
326	test comment #326	19	109	2013-06-13 06:50:59.08713	2013-06-13 06:50:59.08713
327	test comment #327	19	109	2013-06-13 06:50:59.095641	2013-06-13 06:50:59.095641
328	test comment #328	16	110	2013-06-13 06:50:59.104301	2013-06-13 06:50:59.104301
329	test comment #329	1	110	2013-06-13 06:50:59.112269	2013-06-13 06:50:59.112269
330	test comment #330	20	110	2013-06-13 06:50:59.120593	2013-06-13 06:50:59.120593
331	test comment #331	2	111	2013-06-13 06:50:59.129065	2013-06-13 06:50:59.129065
332	test comment #332	18	111	2013-06-13 06:50:59.137244	2013-06-13 06:50:59.137244
333	test comment #333	18	111	2013-06-13 06:50:59.145406	2013-06-13 06:50:59.145406
334	test comment #334	11	112	2013-06-13 06:50:59.153719	2013-06-13 06:50:59.153719
335	test comment #335	19	112	2013-06-13 06:50:59.162312	2013-06-13 06:50:59.162312
336	test comment #336	7	112	2013-06-13 06:50:59.170479	2013-06-13 06:50:59.170479
337	test comment #337	2	113	2013-06-13 06:50:59.178638	2013-06-13 06:50:59.178638
338	test comment #338	11	113	2013-06-13 06:50:59.187309	2013-06-13 06:50:59.187309
339	test comment #339	5	113	2013-06-13 06:50:59.195634	2013-06-13 06:50:59.195634
340	test comment #340	11	114	2013-06-13 06:50:59.204047	2013-06-13 06:50:59.204047
341	test comment #341	16	114	2013-06-13 06:50:59.212029	2013-06-13 06:50:59.212029
342	test comment #342	10	114	2013-06-13 06:50:59.220274	2013-06-13 06:50:59.220274
343	test comment #343	10	115	2013-06-13 06:50:59.228766	2013-06-13 06:50:59.228766
344	test comment #344	7	115	2013-06-13 06:50:59.237113	2013-06-13 06:50:59.237113
345	test comment #345	10	115	2013-06-13 06:50:59.245223	2013-06-13 06:50:59.245223
346	test comment #346	13	116	2013-06-13 06:50:59.253986	2013-06-13 06:50:59.253986
347	test comment #347	19	116	2013-06-13 06:50:59.262191	2013-06-13 06:50:59.262191
348	test comment #348	10	116	2013-06-13 06:50:59.270494	2013-06-13 06:50:59.270494
349	test comment #349	16	117	2013-06-13 06:50:59.278773	2013-06-13 06:50:59.278773
350	test comment #350	20	117	2013-06-13 06:50:59.287269	2013-06-13 06:50:59.287269
351	test comment #351	8	117	2013-06-13 06:50:59.295313	2013-06-13 06:50:59.295313
352	test comment #352	16	118	2013-06-13 06:50:59.30384	2013-06-13 06:50:59.30384
353	test comment #353	2	118	2013-06-13 06:50:59.312091	2013-06-13 06:50:59.312091
354	test comment #354	14	118	2013-06-13 06:50:59.320513	2013-06-13 06:50:59.320513
355	test comment #355	14	119	2013-06-13 06:50:59.328629	2013-06-13 06:50:59.328629
356	test comment #356	19	119	2013-06-13 06:50:59.337117	2013-06-13 06:50:59.337117
357	test comment #357	7	119	2013-06-13 06:50:59.345715	2013-06-13 06:50:59.345715
358	test comment #358	10	120	2013-06-13 06:50:59.353883	2013-06-13 06:50:59.353883
359	test comment #359	18	120	2013-06-13 06:50:59.36215	2013-06-13 06:50:59.36215
360	test comment #360	1	120	2013-06-13 06:50:59.370454	2013-06-13 06:50:59.370454
361	test comment #361	2	121	2013-06-13 06:50:59.387373	2013-06-13 06:50:59.387373
362	test comment #362	11	121	2013-06-13 06:50:59.395431	2013-06-13 06:50:59.395431
363	test comment #363	13	121	2013-06-13 06:50:59.403943	2013-06-13 06:50:59.403943
364	test comment #364	14	122	2013-06-13 06:50:59.412461	2013-06-13 06:50:59.412461
365	test comment #365	7	122	2013-06-13 06:50:59.420617	2013-06-13 06:50:59.420617
366	test comment #366	16	122	2013-06-13 06:50:59.429196	2013-06-13 06:50:59.429196
367	test comment #367	19	123	2013-06-13 06:50:59.454311	2013-06-13 06:50:59.454311
368	test comment #368	13	123	2013-06-13 06:50:59.462274	2013-06-13 06:50:59.462274
369	test comment #369	20	123	2013-06-13 06:50:59.470847	2013-06-13 06:50:59.470847
370	test comment #370	8	124	2013-06-13 06:50:59.47893	2013-06-13 06:50:59.47893
371	test comment #371	2	124	2013-06-13 06:50:59.487561	2013-06-13 06:50:59.487561
372	test comment #372	20	124	2013-06-13 06:50:59.512865	2013-06-13 06:50:59.512865
373	test comment #373	2	125	2013-06-13 06:50:59.520783	2013-06-13 06:50:59.520783
374	test comment #374	2	125	2013-06-13 06:50:59.529324	2013-06-13 06:50:59.529324
375	test comment #375	19	125	2013-06-13 06:50:59.537256	2013-06-13 06:50:59.537256
376	test comment #376	13	126	2013-06-13 06:50:59.545502	2013-06-13 06:50:59.545502
377	test comment #377	13	126	2013-06-13 06:50:59.56261	2013-06-13 06:50:59.56261
378	test comment #378	10	126	2013-06-13 06:50:59.570585	2013-06-13 06:50:59.570585
379	test comment #379	1	127	2013-06-13 06:50:59.578819	2013-06-13 06:50:59.578819
380	test comment #380	16	127	2013-06-13 06:50:59.587105	2013-06-13 06:50:59.587105
381	test comment #381	1	127	2013-06-13 06:50:59.595624	2013-06-13 06:50:59.595624
382	test comment #382	10	128	2013-06-13 06:50:59.603829	2013-06-13 06:50:59.603829
383	test comment #383	7	128	2013-06-13 06:50:59.612414	2013-06-13 06:50:59.612414
384	test comment #384	10	128	2013-06-13 06:50:59.620917	2013-06-13 06:50:59.620917
385	test comment #385	16	129	2013-06-13 06:50:59.629005	2013-06-13 06:50:59.629005
386	test comment #386	2	129	2013-06-13 06:50:59.63771	2013-06-13 06:50:59.63771
387	test comment #387	20	129	2013-06-13 06:50:59.644728	2013-06-13 06:50:59.644728
388	test comment #388	8	130	2013-06-13 06:50:59.654234	2013-06-13 06:50:59.654234
389	test comment #389	19	130	2013-06-13 06:50:59.662202	2013-06-13 06:50:59.662202
390	test comment #390	11	130	2013-06-13 06:50:59.670557	2013-06-13 06:50:59.670557
391	test comment #391	2	131	2013-06-13 06:50:59.678791	2013-06-13 06:50:59.678791
392	test comment #392	13	131	2013-06-13 06:50:59.687677	2013-06-13 06:50:59.687677
393	test comment #393	1	131	2013-06-13 06:50:59.695606	2013-06-13 06:50:59.695606
394	test comment #394	13	132	2013-06-13 06:50:59.70436	2013-06-13 06:50:59.70436
395	test comment #395	2	132	2013-06-13 06:50:59.712773	2013-06-13 06:50:59.712773
396	test comment #396	13	132	2013-06-13 06:50:59.720894	2013-06-13 06:50:59.720894
397	test comment #397	5	133	2013-06-13 06:50:59.729206	2013-06-13 06:50:59.729206
398	test comment #398	14	133	2013-06-13 06:50:59.737625	2013-06-13 06:50:59.737625
399	test comment #399	13	133	2013-06-13 06:50:59.745983	2013-06-13 06:50:59.745983
400	test comment #400	13	134	2013-06-13 06:50:59.754147	2013-06-13 06:50:59.754147
401	test comment #401	18	134	2013-06-13 06:50:59.762412	2013-06-13 06:50:59.762412
402	test comment #402	13	134	2013-06-13 06:50:59.770743	2013-06-13 06:50:59.770743
403	test comment #403	14	135	2013-06-13 06:50:59.779001	2013-06-13 06:50:59.779001
404	test comment #404	1	135	2013-06-13 06:50:59.787363	2013-06-13 06:50:59.787363
405	test comment #405	1	135	2013-06-13 06:50:59.795658	2013-06-13 06:50:59.795658
406	test comment #406	16	136	2013-06-13 06:50:59.804308	2013-06-13 06:50:59.804308
407	test comment #407	11	136	2013-06-13 06:50:59.812648	2013-06-13 06:50:59.812648
408	test comment #408	8	136	2013-06-13 06:50:59.820601	2013-06-13 06:50:59.820601
409	test comment #409	1	137	2013-06-13 06:50:59.828869	2013-06-13 06:50:59.828869
410	test comment #410	7	137	2013-06-13 06:50:59.837909	2013-06-13 06:50:59.837909
411	test comment #411	8	137	2013-06-13 06:50:59.8458	2013-06-13 06:50:59.8458
412	test comment #412	14	138	2013-06-13 06:50:59.854027	2013-06-13 06:50:59.854027
413	test comment #413	11	138	2013-06-13 06:50:59.862511	2013-06-13 06:50:59.862511
414	test comment #414	18	138	2013-06-13 06:50:59.870621	2013-06-13 06:50:59.870621
415	test comment #415	20	139	2013-06-13 06:50:59.878933	2013-06-13 06:50:59.878933
416	test comment #416	13	139	2013-06-13 06:50:59.887423	2013-06-13 06:50:59.887423
417	test comment #417	16	139	2013-06-13 06:50:59.89612	2013-06-13 06:50:59.89612
418	test comment #418	11	140	2013-06-13 06:50:59.904348	2013-06-13 06:50:59.904348
419	test comment #419	20	140	2013-06-13 06:50:59.912593	2013-06-13 06:50:59.912593
420	test comment #420	7	140	2013-06-13 06:50:59.92114	2013-06-13 06:50:59.92114
421	test comment #421	18	141	2013-06-13 06:50:59.929386	2013-06-13 06:50:59.929386
422	test comment #422	1	141	2013-06-13 06:50:59.945924	2013-06-13 06:50:59.945924
423	test comment #423	7	141	2013-06-13 06:50:59.954301	2013-06-13 06:50:59.954301
424	test comment #424	2	142	2013-06-13 06:50:59.962504	2013-06-13 06:50:59.962504
425	test comment #425	16	142	2013-06-13 06:50:59.970707	2013-06-13 06:50:59.970707
426	test comment #426	19	142	2013-06-13 06:50:59.978859	2013-06-13 06:50:59.978859
427	test comment #427	1	143	2013-06-13 06:50:59.987734	2013-06-13 06:50:59.987734
428	test comment #428	13	143	2013-06-13 06:51:00.004754	2013-06-13 06:51:00.004754
429	test comment #429	5	143	2013-06-13 06:51:00.012574	2013-06-13 06:51:00.012574
430	test comment #430	14	144	2013-06-13 06:51:00.021082	2013-06-13 06:51:00.021082
431	test comment #431	10	144	2013-06-13 06:51:00.029245	2013-06-13 06:51:00.029245
432	test comment #432	18	144	2013-06-13 06:51:00.037556	2013-06-13 06:51:00.037556
433	test comment #433	16	145	2013-06-13 06:51:00.046223	2013-06-13 06:51:00.046223
434	test comment #434	7	145	2013-06-13 06:51:00.063019	2013-06-13 06:51:00.063019
435	test comment #435	14	145	2013-06-13 06:51:00.071067	2013-06-13 06:51:00.071067
436	test comment #436	2	146	2013-06-13 06:51:00.079238	2013-06-13 06:51:00.079238
437	test comment #437	1	146	2013-06-13 06:51:00.087606	2013-06-13 06:51:00.087606
438	test comment #438	7	146	2013-06-13 06:51:00.095908	2013-06-13 06:51:00.095908
439	test comment #439	13	147	2013-06-13 06:51:00.104174	2013-06-13 06:51:00.104174
440	test comment #440	5	147	2013-06-13 06:51:00.129279	2013-06-13 06:51:00.129279
441	test comment #441	5	147	2013-06-13 06:51:00.137922	2013-06-13 06:51:00.137922
442	test comment #442	1	148	2013-06-13 06:51:00.146236	2013-06-13 06:51:00.146236
443	test comment #443	10	148	2013-06-13 06:51:00.15451	2013-06-13 06:51:00.15451
444	test comment #444	19	148	2013-06-13 06:51:00.162653	2013-06-13 06:51:00.162653
445	test comment #445	13	149	2013-06-13 06:51:00.179705	2013-06-13 06:51:00.179705
446	test comment #446	18	149	2013-06-13 06:51:00.187887	2013-06-13 06:51:00.187887
447	test comment #447	19	149	2013-06-13 06:51:00.196116	2013-06-13 06:51:00.196116
448	test comment #448	13	150	2013-06-13 06:51:00.204503	2013-06-13 06:51:00.204503
449	test comment #449	14	150	2013-06-13 06:51:00.212699	2013-06-13 06:51:00.212699
450	test comment #450	10	150	2013-06-13 06:51:00.220783	2013-06-13 06:51:00.220783
296	Возле этого компьютера дует из окна!	20	99	2013-06-13 06:50:58.795935	2013-06-13 10:20:46.831749
451	Вот это оперативность!!!	16	99	2013-06-13 10:21:20.345763	2013-06-13 10:21:20.345763
\.


--
-- Name: comments_id_seq; Type: SEQUENCE SET; Schema: public; Owner: ode
--

SELECT pg_catalog.setval('comments_id_seq', 451, true);


--
-- Data for Name: details; Type: TABLE DATA; Schema: public; Owner: ode
--

COPY details (id, vendor_id, device_id, subsystem_id, rev, serial, accepted_at, deleted_at, created_at, updated_at) FROM stdin;
1	33	32	\N	0.5	4328782	\N	\N	2013-06-13 06:50:32.084761	2013-06-13 06:50:32.084761
2	31	29	\N	0.9	8764734	\N	\N	2013-06-13 06:50:32.115954	2013-06-13 06:50:32.115954
3	31	29	\N	0.8	1135193	\N	\N	2013-06-13 06:50:32.142978	2013-06-13 06:50:32.142978
4	28	28	\N	0.6	7313486	\N	\N	2013-06-13 06:50:32.173442	2013-06-13 06:50:32.173442
5	59	213	\N	2.9	8881290	\N	\N	2013-06-13 06:50:32.2022	2013-06-13 06:50:32.2022
6	37	37	\N	2.5	7950887	\N	\N	2013-06-13 06:50:32.232487	2013-06-13 06:50:32.232487
7	59	171	41	1.6	4988500	\N	\N	2013-06-13 06:50:32.26079	2013-06-13 06:50:32.281156
8	37	37	\N	1.9	7704538	\N	\N	2013-06-13 06:50:32.299034	2013-06-13 06:50:32.299034
9	18	24	\N	0.2	7239399	\N	\N	2013-06-13 06:50:32.322291	2013-06-13 06:50:32.322291
10	37	37	\N	0.9	9608208	\N	\N	2013-06-13 06:50:32.348448	2013-06-13 06:50:32.348448
11	45	43	\N	2.2	4424990	\N	\N	2013-06-13 06:50:32.374641	2013-06-13 06:50:32.374641
12	23	26	\N	2.2	5437517	\N	\N	2013-06-13 06:50:32.399981	2013-06-13 06:50:32.399981
13	19	25	\N	0.4	9354827	\N	\N	2013-06-13 06:50:32.422435	2013-06-13 06:50:32.422435
14	10	21	\N	0.0	4682133	\N	\N	2013-06-13 06:50:32.472977	2013-06-13 06:50:32.472977
15	34	34	\N	1.4	2352432	\N	\N	2013-06-13 06:50:32.496059	2013-06-13 06:50:32.496059
16	60	255	\N	0.1	9503137	\N	\N	2013-06-13 06:50:32.523159	2013-06-13 06:50:32.523159
17	45	43	\N	0.7	9719872	\N	\N	2013-06-13 06:50:32.549888	2013-06-13 06:50:32.549888
18	46	44	\N	1.8	5577628	\N	\N	2013-06-13 06:50:32.57224	2013-06-13 06:50:32.57224
19	8	13	\N	0.9	1917456	\N	\N	2013-06-13 06:50:32.597819	2013-06-13 06:50:32.597819
20	45	43	\N	1.2	7267368	\N	\N	2013-06-13 06:50:32.625362	2013-06-13 06:50:32.625362
21	15	22	\N	1.5	6021770	\N	\N	2013-06-13 06:50:32.657221	2013-06-13 06:50:32.657221
22	45	43	\N	1.7	4771911	\N	\N	2013-06-13 06:50:32.683668	2013-06-13 06:50:32.683668
23	8	14	\N	0.1	6851633	\N	\N	2013-06-13 06:50:32.709455	2013-06-13 06:50:32.709455
24	23	26	\N	0.4	8273937	\N	\N	2013-06-13 06:50:32.741065	2013-06-13 06:50:32.741065
25	50	63	\N	2.3	5101595	\N	\N	2013-06-13 06:50:32.764923	2013-06-13 06:50:32.764923
26	8	5	\N	1.1	4398775	\N	\N	2013-06-13 06:50:32.808103	2013-06-13 06:50:32.808103
27	59	189	\N	1.5	7014815	\N	\N	2013-06-13 06:50:32.835437	2013-06-13 06:50:32.835437
28	60	256	\N	2.3	4596669	\N	\N	2013-06-13 06:50:32.881669	2013-06-13 06:50:32.881669
29	45	43	\N	0.4	7582996	\N	\N	2013-06-13 06:50:32.908554	2013-06-13 06:50:32.908554
30	23	26	\N	0.6	7865128	\N	\N	2013-06-13 06:50:32.948369	2013-06-13 06:50:32.948369
31	59	190	\N	2.1	6476677	\N	\N	2013-06-13 06:50:32.977058	2013-06-13 06:50:32.977058
32	57	160	\N	2.5	3908924	\N	\N	2013-06-13 06:50:33.005683	2013-06-13 06:50:33.005683
33	52	68	\N	1.7	3306248	\N	\N	2013-06-13 06:50:33.030932	2013-06-13 06:50:33.030932
34	52	68	\N	1.6	9392371	\N	\N	2013-06-13 06:50:33.055489	2013-06-13 06:50:33.055489
35	45	43	\N	1.4	2648997	\N	\N	2013-06-13 06:50:33.08202	2013-06-13 06:50:33.08202
36	18	24	\N	1.7	1536849	\N	\N	2013-06-13 06:50:33.137243	2013-06-13 06:50:33.137243
37	18	24	\N	0.9	8848580	\N	\N	2013-06-13 06:50:33.16516	2013-06-13 06:50:33.16516
38	23	26	\N	1.1	2735750	\N	\N	2013-06-13 06:50:33.190723	2013-06-13 06:50:33.190723
39	57	160	\N	0.0	4993198	\N	\N	2013-06-13 06:50:33.231101	2013-06-13 06:50:33.231101
40	10	21	\N	1.9	9171296	\N	\N	2013-06-13 06:50:33.257371	2013-06-13 06:50:33.257371
41	2	1	\N	1.0	9481178	\N	\N	2013-06-13 06:50:33.305499	2013-06-13 06:50:33.305499
42	47	50	\N	2.5	9994727	\N	\N	2013-06-13 06:50:33.338713	2013-06-13 06:50:33.338713
43	16	23	\N	0.3	6547689	\N	\N	2013-06-13 06:50:33.364361	2013-06-13 06:50:33.364361
44	57	160	\N	1.9	9524640	\N	\N	2013-06-13 06:50:33.390197	2013-06-13 06:50:33.390197
45	60	257	\N	1.5	3877420	\N	\N	2013-06-13 06:50:33.414112	2013-06-13 06:50:33.414112
46	37	37	\N	1.9	2466190	\N	\N	2013-06-13 06:50:33.440243	2013-06-13 06:50:33.440243
47	15	22	\N	0.9	3336226	\N	\N	2013-06-13 06:50:33.465899	2013-06-13 06:50:33.465899
48	18	24	\N	1.6	6310214	\N	\N	2013-06-13 06:50:33.489669	2013-06-13 06:50:33.489669
49	31	29	\N	0.5	4491749	\N	\N	2013-06-13 06:50:33.515388	2013-06-13 06:50:33.515388
50	16	23	\N	2.8	7117358	\N	\N	2013-06-13 06:50:33.539404	2013-06-13 06:50:33.539404
51	8	9	\N	2.4	3881066	\N	\N	2013-06-13 06:50:33.56482	2013-06-13 06:50:33.56482
52	50	59	\N	2.5	1450502	\N	\N	2013-06-13 06:50:33.590842	2013-06-13 06:50:33.590842
53	60	254	\N	2.8	3896946	\N	\N	2013-06-13 06:50:33.631403	2013-06-13 06:50:33.631403
54	16	23	\N	1.0	1626353	\N	\N	2013-06-13 06:50:33.654773	2013-06-13 06:50:33.654773
55	33	32	\N	2.0	9825146	\N	\N	2013-06-13 06:50:33.698169	2013-06-13 06:50:33.698169
56	37	37	\N	0.2	3243568	\N	\N	2013-06-13 06:50:33.724364	2013-06-13 06:50:33.724364
57	37	37	\N	1.0	5083143	\N	\N	2013-06-13 06:50:33.7489	2013-06-13 06:50:33.7489
58	52	68	\N	1.5	1668211	\N	\N	2013-06-13 06:50:33.810668	2013-06-13 06:50:33.810668
59	50	65	\N	0.3	4525211	\N	\N	2013-06-13 06:50:33.831273	2013-06-13 06:50:33.831273
60	8	3	\N	2.9	2647161	\N	\N	2013-06-13 06:50:33.858041	2013-06-13 06:50:33.858041
61	10	21	\N	2.3	2217232	\N	\N	2013-06-13 06:50:33.881356	2013-06-13 06:50:33.881356
62	38	39	\N	0.9	1102198	\N	\N	2013-06-13 06:50:33.905824	2013-06-13 06:50:33.905824
63	50	57	\N	2.1	5898779	\N	\N	2013-06-13 06:50:33.931859	2013-06-13 06:50:33.931859
64	50	58	\N	0.5	4553995	\N	\N	2013-06-13 06:50:33.965888	2013-06-13 06:50:33.965888
65	2	1	\N	1.8	7251258	\N	\N	2013-06-13 06:50:33.989626	2013-06-13 06:50:33.989626
66	50	57	\N	2.6	5896082	\N	\N	2013-06-13 06:50:34.024404	2013-06-13 06:50:34.024404
67	45	43	\N	2.1	6063079	\N	\N	2013-06-13 06:50:34.048576	2013-06-13 06:50:34.048576
68	8	17	\N	2.9	2404619	\N	\N	2013-06-13 06:50:34.075054	2013-06-13 06:50:34.075054
69	15	22	\N	1.8	7423139	\N	\N	2013-06-13 06:50:34.097774	2013-06-13 06:50:34.097774
70	37	37	\N	0.9	1905222	\N	\N	2013-06-13 06:50:34.122584	2013-06-13 06:50:34.122584
71	18	24	\N	1.0	8100864	\N	\N	2013-06-13 06:50:34.156868	2013-06-13 06:50:34.156868
72	26	27	\N	1.1	6252136	\N	\N	2013-06-13 06:50:34.182581	2013-06-13 06:50:34.182581
73	45	43	\N	2.9	6128138	\N	\N	2013-06-13 06:50:34.207061	2013-06-13 06:50:34.207061
74	2	1	\N	2.7	7389914	\N	\N	2013-06-13 06:50:34.230883	2013-06-13 06:50:34.230883
75	57	160	\N	1.2	3366119	\N	\N	2013-06-13 06:50:34.255478	2013-06-13 06:50:34.255478
76	8	9	\N	1.4	5368765	\N	\N	2013-06-13 06:50:34.282045	2013-06-13 06:50:34.282045
77	38	39	\N	0.3	4631704	\N	\N	2013-06-13 06:50:34.306319	2013-06-13 06:50:34.306319
78	61	352	405	2.4	4313761	\N	\N	2013-06-13 06:50:34.338138	2013-06-13 06:50:34.355297
79	31	29	\N	1.2	6820233	\N	\N	2013-06-13 06:50:34.373728	2013-06-13 06:50:34.373728
80	57	160	\N	0.8	7689494	\N	\N	2013-06-13 06:50:34.422108	2013-06-13 06:50:34.422108
81	28	28	\N	2.4	3178817	\N	\N	2013-06-13 06:50:34.44715	2013-06-13 06:50:34.44715
82	15	22	\N	0.7	1462324	\N	\N	2013-06-13 06:50:34.476086	2013-06-13 06:50:34.476086
83	8	18	\N	1.2	1894276	\N	\N	2013-06-13 06:50:34.508205	2013-06-13 06:50:34.508205
84	52	68	\N	0.8	8684231	\N	\N	2013-06-13 06:50:34.531081	2013-06-13 06:50:34.531081
85	10	21	\N	2.6	1682883	\N	\N	2013-06-13 06:50:34.555534	2013-06-13 06:50:34.555534
86	15	22	\N	0.3	6144312	\N	\N	2013-06-13 06:50:34.581909	2013-06-13 06:50:34.581909
87	19	25	\N	1.3	1489234	\N	\N	2013-06-13 06:50:34.606614	2013-06-13 06:50:34.606614
88	60	258	\N	1.4	5154293	\N	\N	2013-06-13 06:50:34.632087	2013-06-13 06:50:34.632087
89	23	26	\N	1.5	8235258	\N	\N	2013-06-13 06:50:34.657865	2013-06-13 06:50:34.657865
90	10	21	\N	2.5	4673916	\N	\N	2013-06-13 06:50:34.680879	2013-06-13 06:50:34.680879
91	19	25	\N	1.1	4610844	\N	\N	2013-06-13 06:50:34.707868	2013-06-13 06:50:34.707868
92	57	160	\N	0.7	2931677	\N	\N	2013-06-13 06:50:34.731467	2013-06-13 06:50:34.731467
93	23	26	\N	1.9	2549301	\N	\N	2013-06-13 06:50:34.756461	2013-06-13 06:50:34.756461
94	8	15	\N	0.6	8569369	\N	\N	2013-06-13 06:50:34.784009	2013-06-13 06:50:34.784009
95	15	22	\N	2.6	6435347	\N	\N	2013-06-13 06:50:34.809155	2013-06-13 06:50:34.809155
96	18	24	\N	0.3	2559921	\N	\N	2013-06-13 06:50:34.83871	2013-06-13 06:50:34.83871
97	4	2	2	2.5	3374152	\N	\N	2013-06-13 06:50:34.865027	2013-06-13 06:50:34.880546
98	26	27	\N	1.5	8389176	\N	\N	2013-06-13 06:50:34.901339	2013-06-13 06:50:34.901339
99	57	160	\N	0.8	6863685	\N	\N	2013-06-13 06:50:34.923456	2013-06-13 06:50:34.923456
100	8	6	\N	0.5	7479595	\N	\N	2013-06-13 06:50:34.958733	2013-06-13 06:50:34.958733
101	48	53	\N	2.2	4269497	\N	\N	2013-06-13 06:50:34.981155	2013-06-13 06:50:34.981155
102	45	43	\N	2.5	6423632	\N	\N	2013-06-13 06:50:35.034241	2013-06-13 06:50:35.034241
103	19	25	\N	0.6	5643210	\N	\N	2013-06-13 06:50:35.0533	2013-06-13 06:50:35.0533
104	45	43	\N	1.0	8817177	\N	\N	2013-06-13 06:50:35.082899	2013-06-13 06:50:35.082899
105	26	27	\N	2.8	3969349	\N	\N	2013-06-13 06:50:35.107325	2013-06-13 06:50:35.107325
106	45	43	\N	0.2	7845414	\N	\N	2013-06-13 06:50:35.14853	2013-06-13 06:50:35.14853
107	37	37	\N	0.7	1320953	\N	\N	2013-06-13 06:50:35.181387	2013-06-13 06:50:35.181387
108	10	21	\N	1.8	6960728	\N	\N	2013-06-13 06:50:35.206204	2013-06-13 06:50:35.206204
109	15	22	\N	2.1	2304898	\N	\N	2013-06-13 06:50:35.232585	2013-06-13 06:50:35.232585
110	48	53	\N	2.3	8200831	\N	\N	2013-06-13 06:50:35.265203	2013-06-13 06:50:35.265203
111	15	22	\N	2.9	9580634	\N	\N	2013-06-13 06:50:35.310401	2013-06-13 06:50:35.310401
112	57	160	\N	0.4	7014838	\N	\N	2013-06-13 06:50:35.355286	2013-06-13 06:50:35.355286
113	23	26	\N	2.3	8107567	\N	\N	2013-06-13 06:50:35.393333	2013-06-13 06:50:35.393333
114	15	22	\N	0.3	5046679	\N	\N	2013-06-13 06:50:35.45137	2013-06-13 06:50:35.45137
115	23	26	\N	1.9	7531065	\N	\N	2013-06-13 06:50:35.476093	2013-06-13 06:50:35.476093
116	52	68	\N	2.8	1117670	\N	\N	2013-06-13 06:50:35.499111	2013-06-13 06:50:35.499111
117	23	26	\N	0.1	5009503	\N	\N	2013-06-13 06:50:35.524393	2013-06-13 06:50:35.524393
118	23	26	\N	0.5	8806964	\N	\N	2013-06-13 06:50:35.55112	2013-06-13 06:50:35.55112
119	2	1	\N	1.4	5133220	\N	\N	2013-06-13 06:50:35.574583	2013-06-13 06:50:35.574583
120	54	119	\N	1.6	8910272	\N	\N	2013-06-13 06:50:35.604339	2013-06-13 06:50:35.604339
121	26	27	\N	0.8	5237329	\N	\N	2013-06-13 06:50:35.634055	2013-06-13 06:50:35.634055
122	4	2	1	0.0	8433140	\N	\N	2013-06-13 06:50:35.655243	2013-06-13 06:50:35.67377
123	19	25	\N	0.4	8401173	\N	\N	2013-06-13 06:50:35.691192	2013-06-13 06:50:35.691192
124	45	43	\N	2.6	7086349	\N	\N	2013-06-13 06:50:35.741858	2013-06-13 06:50:35.741858
125	2	1	\N	2.4	7016850	\N	\N	2013-06-13 06:50:35.766142	2013-06-13 06:50:35.766142
126	15	22	\N	2.2	1859451	\N	\N	2013-06-13 06:50:35.792363	2013-06-13 06:50:35.792363
127	47	50	\N	1.7	9509971	\N	\N	2013-06-13 06:50:35.816102	2013-06-13 06:50:35.816102
128	10	21	\N	0.4	2829044	\N	\N	2013-06-13 06:50:35.841514	2013-06-13 06:50:35.841514
129	31	29	\N	2.6	6545798	\N	\N	2013-06-13 06:50:35.865681	2013-06-13 06:50:35.865681
130	54	124	\N	1.3	6476447	\N	\N	2013-06-13 06:50:35.895475	2013-06-13 06:50:35.895475
131	60	254	\N	1.4	4663306	\N	\N	2013-06-13 06:50:35.924667	2013-06-13 06:50:35.924667
132	48	53	\N	2.5	5607756	\N	\N	2013-06-13 06:50:35.949552	2013-06-13 06:50:35.949552
133	54	128	\N	1.1	9673223	\N	\N	2013-06-13 06:50:35.979215	2013-06-13 06:50:35.979215
134	23	26	\N	1.7	4494608	\N	\N	2013-06-13 06:50:36.00754	2013-06-13 06:50:36.00754
135	23	26	\N	1.1	3276056	\N	\N	2013-06-13 06:50:36.031756	2013-06-13 06:50:36.031756
136	37	37	\N	1.9	7353688	\N	\N	2013-06-13 06:50:36.058956	2013-06-13 06:50:36.058956
137	45	43	\N	0.3	3654708	\N	\N	2013-06-13 06:50:36.086375	2013-06-13 06:50:36.086375
138	23	26	\N	1.4	8688598	\N	\N	2013-06-13 06:50:36.11831	2013-06-13 06:50:36.11831
139	8	9	\N	1.2	3603946	\N	\N	2013-06-13 06:50:36.14405	2013-06-13 06:50:36.14405
140	28	28	\N	0.4	4445931	\N	\N	2013-06-13 06:50:36.166392	2013-06-13 06:50:36.166392
141	8	11	\N	0.8	1216174	\N	\N	2013-06-13 06:50:36.192106	2013-06-13 06:50:36.192106
142	37	37	\N	1.6	3059357	\N	\N	2013-06-13 06:50:36.216416	2013-06-13 06:50:36.216416
143	52	68	\N	1.2	2221218	\N	\N	2013-06-13 06:50:36.240891	2013-06-13 06:50:36.240891
144	39	42	\N	1.3	4252859	\N	\N	2013-06-13 06:50:36.265619	2013-06-13 06:50:36.265619
145	18	24	\N	2.7	4948590	\N	\N	2013-06-13 06:50:36.29095	2013-06-13 06:50:36.29095
146	15	22	\N	2.9	9419682	\N	\N	2013-06-13 06:50:36.345611	2013-06-13 06:50:36.345611
147	23	26	\N	0.0	3580515	\N	\N	2013-06-13 06:50:36.374964	2013-06-13 06:50:36.374964
148	57	160	\N	1.2	5293489	\N	\N	2013-06-13 06:50:36.400537	2013-06-13 06:50:36.400537
149	50	58	\N	2.7	6096230	\N	\N	2013-06-13 06:50:36.425871	2013-06-13 06:50:36.425871
150	23	26	\N	1.5	2115562	\N	\N	2013-06-13 06:50:36.4485	2013-06-13 06:50:36.4485
151	4	2	1	0.2	3324091	\N	\N	2013-06-13 06:50:36.47512	2013-06-13 06:50:36.490629
152	45	43	\N	2.2	7540071	\N	\N	2013-06-13 06:50:36.507795	2013-06-13 06:50:36.507795
153	16	23	\N	0.7	6273029	\N	\N	2013-06-13 06:50:36.533544	2013-06-13 06:50:36.533544
154	4	2	1	1.9	1621318	\N	\N	2013-06-13 06:50:36.558138	2013-06-13 06:50:36.573858
155	32	30	\N	1.1	7654372	\N	\N	2013-06-13 06:50:36.591021	2013-06-13 06:50:36.591021
156	8	13	\N	0.7	4993572	\N	\N	2013-06-13 06:50:36.616377	2013-06-13 06:50:36.616377
157	19	25	\N	1.4	3669939	\N	\N	2013-06-13 06:50:36.639477	2013-06-13 06:50:36.639477
158	37	37	\N	0.9	7307221	\N	\N	2013-06-13 06:50:36.665995	2013-06-13 06:50:36.665995
159	8	13	\N	1.3	2674673	\N	\N	2013-06-13 06:50:36.693066	2013-06-13 06:50:36.693066
160	31	29	\N	0.7	6411812	\N	\N	2013-06-13 06:50:36.716394	2013-06-13 06:50:36.716394
161	57	160	\N	1.0	6704604	\N	\N	2013-06-13 06:50:36.741707	2013-06-13 06:50:36.741707
162	15	22	\N	1.7	1136735	\N	\N	2013-06-13 06:50:36.765377	2013-06-13 06:50:36.765377
163	10	21	\N	2.7	3677726	\N	\N	2013-06-13 06:50:36.790872	2013-06-13 06:50:36.790872
164	31	29	\N	1.1	7273813	\N	\N	2013-06-13 06:50:36.817786	2013-06-13 06:50:36.817786
165	31	29	\N	0.8	6652749	\N	\N	2013-06-13 06:50:36.840809	2013-06-13 06:50:36.840809
166	19	25	\N	2.9	1229517	\N	\N	2013-06-13 06:50:36.866284	2013-06-13 06:50:36.866284
167	50	62	\N	0.9	8962591	\N	\N	2013-06-13 06:50:36.891176	2013-06-13 06:50:36.891176
168	33	31	\N	1.7	3218064	\N	\N	2013-06-13 06:50:36.945244	2013-06-13 06:50:36.945244
169	60	254	\N	2.1	5675571	\N	\N	2013-06-13 06:50:36.96529	2013-06-13 06:50:36.96529
170	8	20	\N	1.9	4756292	\N	\N	2013-06-13 06:50:36.994908	2013-06-13 06:50:36.994908
171	31	29	\N	0.8	7595211	\N	\N	2013-06-13 06:50:37.025697	2013-06-13 06:50:37.025697
172	19	25	\N	1.6	5322499	\N	\N	2013-06-13 06:50:37.049364	2013-06-13 06:50:37.049364
173	23	26	\N	2.7	3979473	\N	\N	2013-06-13 06:50:37.075308	2013-06-13 06:50:37.075308
174	45	43	\N	0.6	4291690	\N	\N	2013-06-13 06:50:37.098969	2013-06-13 06:50:37.098969
175	4	2	1	1.8	2292146	\N	\N	2013-06-13 06:50:37.124684	2013-06-13 06:50:37.140851
176	34	35	\N	1.7	6295345	\N	\N	2013-06-13 06:50:37.15779	2013-06-13 06:50:37.15779
177	15	22	\N	1.8	7014569	\N	\N	2013-06-13 06:50:37.184986	2013-06-13 06:50:37.184986
178	52	68	\N	0.1	6511223	\N	\N	2013-06-13 06:50:37.20717	2013-06-13 06:50:37.20717
179	37	37	\N	2.0	7972895	\N	\N	2013-06-13 06:50:37.234318	2013-06-13 06:50:37.234318
180	57	160	\N	0.8	6709059	\N	\N	2013-06-13 06:50:37.259111	2013-06-13 06:50:37.259111
181	37	37	\N	2.8	8319753	\N	\N	2013-06-13 06:50:37.282123	2013-06-13 06:50:37.282123
182	23	26	\N	2.1	2310637	\N	\N	2013-06-13 06:50:37.307328	2013-06-13 06:50:37.307328
183	33	32	\N	2.8	7385520	\N	\N	2013-06-13 06:50:37.332681	2013-06-13 06:50:37.332681
184	52	68	\N	0.3	6796584	\N	\N	2013-06-13 06:50:37.358701	2013-06-13 06:50:37.358701
185	52	68	\N	2.1	7480116	\N	\N	2013-06-13 06:50:37.383087	2013-06-13 06:50:37.383087
186	8	10	\N	1.9	3975581	\N	\N	2013-06-13 06:50:37.409258	2013-06-13 06:50:37.409258
187	18	24	\N	0.7	1591517	\N	\N	2013-06-13 06:50:37.432575	2013-06-13 06:50:37.432575
188	15	22	\N	1.1	5412491	\N	\N	2013-06-13 06:50:37.460964	2013-06-13 06:50:37.460964
189	15	22	\N	0.9	1542271	\N	\N	2013-06-13 06:50:37.482931	2013-06-13 06:50:37.482931
190	59	175	47	0.2	2001634	\N	\N	2013-06-13 06:50:37.51276	2013-06-13 06:50:37.557253
191	48	53	\N	0.1	8659750	\N	\N	2013-06-13 06:50:37.574348	2013-06-13 06:50:37.574348
192	8	14	\N	0.6	4586285	\N	\N	2013-06-13 06:50:37.60358	2013-06-13 06:50:37.60358
193	59	185	85	1.4	4397086	\N	\N	2013-06-13 06:50:37.637408	2013-06-13 06:50:37.649461
194	4	2	2	2.5	7384732	\N	\N	2013-06-13 06:50:37.66619	2013-06-13 06:50:37.682668
195	54	71	\N	0.0	6760304	\N	\N	2013-06-13 06:50:37.704264	2013-06-13 06:50:37.704264
196	45	43	\N	1.1	5488507	\N	\N	2013-06-13 06:50:37.73513	2013-06-13 06:50:37.73513
197	26	27	\N	1.7	8055112	\N	\N	2013-06-13 06:50:37.759571	2013-06-13 06:50:37.759571
198	61	367	438	1.3	3715403	\N	\N	2013-06-13 06:50:37.790504	2013-06-13 06:50:37.807692
199	2	1	\N	1.9	4198617	\N	\N	2013-06-13 06:50:37.824532	2013-06-13 06:50:37.824532
200	32	30	\N	0.3	9289269	\N	\N	2013-06-13 06:50:37.849477	2013-06-13 06:50:37.849477
201	59	205	\N	1.2	1620161	\N	\N	2013-06-13 06:50:37.878097	2013-06-13 06:50:37.878097
202	28	28	\N	0.4	4379486	\N	\N	2013-06-13 06:50:37.897001	2013-06-13 06:50:37.897001
203	2	1	\N	0.1	9455153	\N	\N	2013-06-13 06:50:37.924337	2013-06-13 06:50:37.924337
204	10	21	\N	2.5	5988422	\N	\N	2013-06-13 06:50:37.951073	2013-06-13 06:50:37.951073
205	23	26	\N	1.3	3191218	\N	\N	2013-06-13 06:50:37.976879	2013-06-13 06:50:37.976879
206	52	68	\N	1.6	4107361	\N	\N	2013-06-13 06:50:37.999469	2013-06-13 06:50:37.999469
207	31	29	\N	2.2	9392415	\N	\N	2013-06-13 06:50:38.025992	2013-06-13 06:50:38.025992
208	15	22	\N	2.0	4974160	\N	\N	2013-06-13 06:50:38.059658	2013-06-13 06:50:38.059658
209	23	26	\N	2.8	6915103	\N	\N	2013-06-13 06:50:38.083874	2013-06-13 06:50:38.083874
210	15	22	\N	1.3	5908863	\N	\N	2013-06-13 06:50:38.109221	2013-06-13 06:50:38.109221
211	26	27	\N	1.7	1944625	\N	\N	2013-06-13 06:50:38.161337	2013-06-13 06:50:38.161337
212	45	43	\N	2.9	2165300	\N	\N	2013-06-13 06:50:38.185744	2013-06-13 06:50:38.185744
213	59	221	\N	1.3	4161719	\N	\N	2013-06-13 06:50:38.212901	2013-06-13 06:50:38.212901
214	28	28	\N	0.3	1651634	\N	\N	2013-06-13 06:50:38.241064	2013-06-13 06:50:38.241064
215	2	1	\N	2.7	4813085	\N	\N	2013-06-13 06:50:38.291572	2013-06-13 06:50:38.291572
216	4	2	2	1.9	9398483	\N	\N	2013-06-13 06:50:38.317844	2013-06-13 06:50:38.332579
217	15	22	\N	1.1	8431902	\N	\N	2013-06-13 06:50:38.353504	2013-06-13 06:50:38.353504
218	54	154	\N	1.3	4678013	\N	\N	2013-06-13 06:50:38.387366	2013-06-13 06:50:38.387366
219	15	22	\N	0.9	2433566	\N	\N	2013-06-13 06:50:38.417534	2013-06-13 06:50:38.417534
220	45	43	\N	2.9	6900307	\N	\N	2013-06-13 06:50:38.444541	2013-06-13 06:50:38.444541
221	18	24	\N	1.0	2040871	\N	\N	2013-06-13 06:50:38.466015	2013-06-13 06:50:38.466015
222	23	26	\N	0.1	1146615	\N	\N	2013-06-13 06:50:38.491598	2013-06-13 06:50:38.491598
223	19	25	\N	0.7	8594951	\N	\N	2013-06-13 06:50:38.515907	2013-06-13 06:50:38.515907
224	2	1	\N	1.0	3532747	\N	\N	2013-06-13 06:50:38.541479	2013-06-13 06:50:38.541479
225	57	160	\N	2.1	1947508	\N	\N	2013-06-13 06:50:38.568083	2013-06-13 06:50:38.568083
226	8	6	\N	1.0	2321008	\N	\N	2013-06-13 06:50:38.601902	2013-06-13 06:50:38.601902
227	10	21	\N	1.0	9717542	\N	\N	2013-06-13 06:50:38.625052	2013-06-13 06:50:38.625052
228	31	29	\N	2.9	4180271	\N	\N	2013-06-13 06:50:38.657732	2013-06-13 06:50:38.657732
229	15	22	\N	1.0	8579333	\N	\N	2013-06-13 06:50:38.682489	2013-06-13 06:50:38.682489
230	15	22	\N	1.2	8012360	\N	\N	2013-06-13 06:50:38.716294	2013-06-13 06:50:38.716294
231	10	21	\N	1.5	6387499	\N	\N	2013-06-13 06:50:38.740887	2013-06-13 06:50:38.740887
232	26	27	\N	1.9	2819768	\N	\N	2013-06-13 06:50:38.77387	2013-06-13 06:50:38.77387
233	45	43	\N	2.5	6023087	\N	\N	2013-06-13 06:50:38.830906	2013-06-13 06:50:38.830906
234	31	29	\N	1.5	1143630	\N	\N	2013-06-13 06:50:38.857472	2013-06-13 06:50:38.857472
235	53	69	\N	1.5	3957322	\N	\N	2013-06-13 06:50:38.883159	2013-06-13 06:50:38.883159
236	15	22	\N	1.5	3434085	\N	\N	2013-06-13 06:50:38.908971	2013-06-13 06:50:38.908971
237	38	39	\N	0.2	3673575	\N	\N	2013-06-13 06:50:38.932883	2013-06-13 06:50:38.932883
238	34	36	\N	1.7	3431107	\N	\N	2013-06-13 06:50:38.957608	2013-06-13 06:50:38.957608
239	61	373	460	1.1	6368771	\N	\N	2013-06-13 06:50:38.991024	2013-06-13 06:50:39.007772
240	2	1	\N	0.3	3916958	\N	\N	2013-06-13 06:50:39.024946	2013-06-13 06:50:39.024946
241	28	28	\N	2.7	2716975	\N	\N	2013-06-13 06:50:39.066426	2013-06-13 06:50:39.066426
242	23	26	\N	2.0	5361461	\N	\N	2013-06-13 06:50:39.091514	2013-06-13 06:50:39.091514
243	61	415	\N	2.6	7370997	\N	\N	2013-06-13 06:50:39.141125	2013-06-13 06:50:39.141125
244	39	41	\N	0.0	4907161	\N	\N	2013-06-13 06:50:39.174095	2013-06-13 06:50:39.174095
245	60	257	\N	2.1	6995550	\N	\N	2013-06-13 06:50:39.200136	2013-06-13 06:50:39.200136
246	26	27	\N	0.0	9592597	\N	\N	2013-06-13 06:50:39.226011	2013-06-13 06:50:39.226011
247	18	24	\N	2.1	6257679	\N	\N	2013-06-13 06:50:39.249604	2013-06-13 06:50:39.249604
248	33	31	\N	1.9	1759016	\N	\N	2013-06-13 06:50:39.273937	2013-06-13 06:50:39.273937
249	59	177	72	1.4	2346067	\N	\N	2013-06-13 06:50:39.304597	2013-06-13 06:50:39.324746
250	48	53	\N	1.6	8765509	\N	\N	2013-06-13 06:50:39.341969	2013-06-13 06:50:39.341969
251	61	313	\N	2.0	9846180	\N	\N	2013-06-13 06:50:39.374535	2013-06-13 06:50:39.374535
252	45	43	\N	1.8	2460349	\N	\N	2013-06-13 06:50:39.400372	2013-06-13 06:50:39.400372
253	61	378	\N	0.5	7198435	\N	\N	2013-06-13 06:50:39.432488	2013-06-13 06:50:39.432488
254	19	25	\N	2.9	6407380	\N	\N	2013-06-13 06:50:39.492462	2013-06-13 06:50:39.492462
255	28	28	\N	0.3	3884763	\N	\N	2013-06-13 06:50:39.516816	2013-06-13 06:50:39.516816
256	18	24	\N	2.9	4679728	\N	\N	2013-06-13 06:50:39.540941	2013-06-13 06:50:39.540941
257	10	21	\N	1.7	4513722	\N	\N	2013-06-13 06:50:39.56649	2013-06-13 06:50:39.56649
258	23	26	\N	2.6	7692103	\N	\N	2013-06-13 06:50:39.601779	2013-06-13 06:50:39.601779
259	2	1	\N	1.8	9902366	\N	\N	2013-06-13 06:50:39.626617	2013-06-13 06:50:39.626617
260	15	22	\N	2.2	2881564	\N	\N	2013-06-13 06:50:39.64983	2013-06-13 06:50:39.64983
261	16	23	\N	0.2	4359540	\N	\N	2013-06-13 06:50:39.674842	2013-06-13 06:50:39.674842
262	26	27	\N	2.3	4796788	\N	\N	2013-06-13 06:50:39.699229	2013-06-13 06:50:39.699229
263	53	69	\N	1.2	6933236	\N	\N	2013-06-13 06:50:39.724245	2013-06-13 06:50:39.724245
264	15	22	\N	1.8	4177867	\N	\N	2013-06-13 06:50:39.7499	2013-06-13 06:50:39.7499
265	57	160	\N	0.8	8972503	\N	\N	2013-06-13 06:50:39.774653	2013-06-13 06:50:39.774653
266	45	43	\N	1.3	5212102	\N	\N	2013-06-13 06:50:39.801465	2013-06-13 06:50:39.801465
267	52	68	\N	0.6	7601300	\N	\N	2013-06-13 06:50:39.825217	2013-06-13 06:50:39.825217
268	19	25	\N	0.6	3906665	\N	\N	2013-06-13 06:50:39.848893	2013-06-13 06:50:39.848893
269	18	24	\N	1.3	8353742	\N	\N	2013-06-13 06:50:39.8744	2013-06-13 06:50:39.8744
270	4	2	2	0.3	1144809	\N	\N	2013-06-13 06:50:39.899381	2013-06-13 06:50:39.917008
271	61	332	350	0.3	1506325	\N	\N	2013-06-13 06:50:39.940335	2013-06-13 06:50:39.957904
272	52	68	\N	1.6	8996388	\N	\N	2013-06-13 06:50:39.974956	2013-06-13 06:50:39.974956
273	48	53	\N	2.7	3396195	\N	\N	2013-06-13 06:50:40.001125	2013-06-13 06:50:40.001125
274	31	29	\N	0.2	4453648	\N	\N	2013-06-13 06:50:40.026858	2013-06-13 06:50:40.026858
275	57	160	\N	2.8	1107289	\N	\N	2013-06-13 06:50:40.050693	2013-06-13 06:50:40.050693
276	46	44	\N	2.2	6878322	\N	\N	2013-06-13 06:50:40.099805	2013-06-13 06:50:40.099805
277	53	69	\N	2.2	4619781	\N	\N	2013-06-13 06:50:40.124771	2013-06-13 06:50:40.124771
278	32	30	\N	2.0	6047145	\N	\N	2013-06-13 06:50:40.150691	2013-06-13 06:50:40.150691
279	8	8	\N	2.0	1719947	\N	\N	2013-06-13 06:50:40.177956	2013-06-13 06:50:40.177956
280	23	26	\N	1.7	1318558	\N	\N	2013-06-13 06:50:40.203589	2013-06-13 06:50:40.203589
281	57	160	\N	1.9	5663624	\N	\N	2013-06-13 06:50:40.226058	2013-06-13 06:50:40.226058
282	60	254	\N	0.8	9990470	\N	\N	2013-06-13 06:50:40.250631	2013-06-13 06:50:40.250631
283	26	27	\N	2.6	7073821	\N	\N	2013-06-13 06:50:40.275372	2013-06-13 06:50:40.275372
284	19	25	\N	2.8	2823590	\N	\N	2013-06-13 06:50:40.300724	2013-06-13 06:50:40.300724
285	60	257	\N	0.4	6416219	\N	\N	2013-06-13 06:50:40.326372	2013-06-13 06:50:40.326372
286	47	47	\N	2.5	9105099	\N	\N	2013-06-13 06:50:40.351849	2013-06-13 06:50:40.351849
287	15	22	\N	2.5	6345720	\N	\N	2013-06-13 06:50:40.379846	2013-06-13 06:50:40.379846
288	57	160	\N	1.4	3260814	\N	\N	2013-06-13 06:50:40.408859	2013-06-13 06:50:40.408859
289	32	30	\N	0.4	1886215	\N	\N	2013-06-13 06:50:40.434642	2013-06-13 06:50:40.434642
290	59	166	20	2.8	9598212	\N	\N	2013-06-13 06:50:40.463908	2013-06-13 06:50:40.483845
291	23	26	\N	2.7	8474966	\N	\N	2013-06-13 06:50:40.502624	2013-06-13 06:50:40.502624
292	45	43	\N	2.8	8194267	\N	\N	2013-06-13 06:50:40.52894	2013-06-13 06:50:40.52894
293	37	37	\N	2.2	2660492	\N	\N	2013-06-13 06:50:40.561353	2013-06-13 06:50:40.561353
294	28	28	\N	1.2	4716340	\N	\N	2013-06-13 06:50:40.584226	2013-06-13 06:50:40.584226
295	57	160	\N	0.2	2270536	\N	\N	2013-06-13 06:50:40.61076	2013-06-13 06:50:40.61076
296	26	27	\N	0.0	7874664	\N	\N	2013-06-13 06:50:40.636354	2013-06-13 06:50:40.636354
297	19	25	\N	1.4	3719173	\N	\N	2013-06-13 06:50:40.658373	2013-06-13 06:50:40.658373
298	8	4	\N	0.0	1480315	\N	\N	2013-06-13 06:50:40.719706	2013-06-13 06:50:40.719706
299	57	160	\N	0.6	2181129	\N	\N	2013-06-13 06:50:40.743679	2013-06-13 06:50:40.743679
300	28	28	\N	0.1	1540929	\N	\N	2013-06-13 06:50:40.767746	2013-06-13 06:50:40.767746
301	48	53	\N	2.0	9708932	\N	\N	2013-06-13 06:50:40.792536	2013-06-13 06:50:40.792536
302	4	2	2	0.7	8150604	\N	\N	2013-06-13 06:50:40.818065	2013-06-13 06:50:40.834679
303	46	44	\N	0.0	1218400	\N	\N	2013-06-13 06:50:40.851253	2013-06-13 06:50:40.851253
304	10	21	\N	1.1	4825662	\N	\N	2013-06-13 06:50:40.875538	2013-06-13 06:50:40.875538
305	26	27	\N	1.4	8937881	\N	\N	2013-06-13 06:50:40.900938	2013-06-13 06:50:40.900938
306	19	25	\N	1.7	8621464	\N	\N	2013-06-13 06:50:40.926383	2013-06-13 06:50:40.926383
307	18	24	\N	2.4	9022187	\N	\N	2013-06-13 06:50:40.950493	2013-06-13 06:50:40.950493
308	52	68	\N	0.8	7162312	\N	\N	2013-06-13 06:50:40.975341	2013-06-13 06:50:40.975341
309	54	143	\N	1.9	3711294	\N	\N	2013-06-13 06:50:41.005441	2013-06-13 06:50:41.005441
310	15	22	\N	0.4	5403630	\N	\N	2013-06-13 06:50:41.034877	2013-06-13 06:50:41.034877
311	15	22	\N	1.8	1108209	\N	\N	2013-06-13 06:50:41.060919	2013-06-13 06:50:41.060919
312	8	10	\N	0.1	3910541	\N	\N	2013-06-13 06:50:41.087012	2013-06-13 06:50:41.087012
313	39	42	\N	2.7	7046828	\N	\N	2013-06-13 06:50:41.10861	2013-06-13 06:50:41.10861
314	61	345	\N	1.2	5232791	\N	\N	2013-06-13 06:50:41.141759	2013-06-13 06:50:41.141759
315	23	26	\N	0.9	4713633	\N	\N	2013-06-13 06:50:41.168394	2013-06-13 06:50:41.168394
316	57	160	\N	1.7	4642713	\N	\N	2013-06-13 06:50:41.193423	2013-06-13 06:50:41.193423
317	15	22	\N	2.8	7331403	\N	\N	2013-06-13 06:50:41.217919	2013-06-13 06:50:41.217919
318	45	43	\N	2.8	5172151	\N	\N	2013-06-13 06:50:41.243446	2013-06-13 06:50:41.243446
319	37	37	\N	1.8	3780270	\N	\N	2013-06-13 06:50:41.268956	2013-06-13 06:50:41.268956
320	15	22	\N	0.8	7611298	\N	\N	2013-06-13 06:50:41.328554	2013-06-13 06:50:41.328554
321	31	29	\N	2.8	4854668	\N	\N	2013-06-13 06:50:41.351735	2013-06-13 06:50:41.351735
322	32	30	\N	1.5	3029112	\N	\N	2013-06-13 06:50:41.385165	2013-06-13 06:50:41.385165
323	57	160	\N	1.9	7127407	\N	\N	2013-06-13 06:50:41.409347	2013-06-13 06:50:41.409347
324	23	26	\N	2.6	2884758	\N	\N	2013-06-13 06:50:41.436296	2013-06-13 06:50:41.436296
325	16	23	\N	0.8	1519900	\N	\N	2013-06-13 06:50:41.458954	2013-06-13 06:50:41.458954
326	52	68	\N	2.7	5245908	\N	\N	2013-06-13 06:50:41.486855	2013-06-13 06:50:41.486855
327	46	44	\N	1.6	4478610	\N	\N	2013-06-13 06:50:41.508965	2013-06-13 06:50:41.508965
328	39	42	\N	1.0	7432933	\N	\N	2013-06-13 06:50:41.534426	2013-06-13 06:50:41.534426
329	18	24	\N	1.9	1670798	\N	\N	2013-06-13 06:50:41.559182	2013-06-13 06:50:41.559182
330	31	29	\N	0.0	3901770	\N	\N	2013-06-13 06:50:41.583776	2013-06-13 06:50:41.583776
331	37	37	\N	1.7	5119116	\N	\N	2013-06-13 06:50:41.609857	2013-06-13 06:50:41.609857
332	26	27	\N	1.5	5177181	\N	\N	2013-06-13 06:50:41.6361	2013-06-13 06:50:41.6361
333	15	22	\N	1.4	8107837	\N	\N	2013-06-13 06:50:41.66307	2013-06-13 06:50:41.66307
334	23	26	\N	2.0	8849080	\N	\N	2013-06-13 06:50:41.695986	2013-06-13 06:50:41.695986
335	45	43	\N	1.9	1379351	\N	\N	2013-06-13 06:50:41.719981	2013-06-13 06:50:41.719981
336	57	160	\N	0.2	7932467	\N	\N	2013-06-13 06:50:41.742795	2013-06-13 06:50:41.742795
337	52	68	\N	0.5	3749851	\N	\N	2013-06-13 06:50:41.767895	2013-06-13 06:50:41.767895
338	15	22	\N	0.2	2169244	\N	\N	2013-06-13 06:50:41.793554	2013-06-13 06:50:41.793554
339	26	27	\N	0.4	6456566	\N	\N	2013-06-13 06:50:41.818612	2013-06-13 06:50:41.818612
340	2	1	\N	2.9	1079779	\N	\N	2013-06-13 06:50:41.842307	2013-06-13 06:50:41.842307
341	57	160	\N	1.7	3313610	\N	\N	2013-06-13 06:50:41.868099	2013-06-13 06:50:41.868099
342	50	67	\N	1.7	7566776	\N	\N	2013-06-13 06:50:41.922696	2013-06-13 06:50:41.922696
343	33	31	\N	2.4	2003577	\N	\N	2013-06-13 06:50:41.940385	2013-06-13 06:50:41.940385
344	15	22	\N	0.0	2500796	\N	\N	2013-06-13 06:50:42.020118	2013-06-13 06:50:42.020118
345	45	43	\N	2.3	1147318	\N	\N	2013-06-13 06:50:42.045217	2013-06-13 06:50:42.045217
346	10	21	\N	2.5	3927864	\N	\N	2013-06-13 06:50:42.066992	2013-06-13 06:50:42.066992
347	54	157	\N	2.3	7412469	\N	\N	2013-06-13 06:50:42.096837	2013-06-13 06:50:42.096837
348	45	43	\N	0.1	1092213	\N	\N	2013-06-13 06:50:42.125886	2013-06-13 06:50:42.125886
349	8	18	\N	1.4	8178636	\N	\N	2013-06-13 06:50:42.152092	2013-06-13 06:50:42.152092
350	37	37	\N	2.4	7150429	\N	\N	2013-06-13 06:50:42.177614	2013-06-13 06:50:42.177614
351	2	1	\N	1.4	9801454	\N	\N	2013-06-13 06:50:42.202196	2013-06-13 06:50:42.202196
352	45	43	\N	1.7	3325973	\N	\N	2013-06-13 06:50:42.229593	2013-06-13 06:50:42.229593
353	52	68	\N	2.0	2525227	\N	\N	2013-06-13 06:50:42.250712	2013-06-13 06:50:42.250712
354	28	28	\N	1.8	9039352	\N	\N	2013-06-13 06:50:42.276807	2013-06-13 06:50:42.276807
355	53	69	\N	0.4	9617961	\N	\N	2013-06-13 06:50:42.301021	2013-06-13 06:50:42.301021
356	15	22	\N	0.0	5089445	\N	\N	2013-06-13 06:50:42.328176	2013-06-13 06:50:42.328176
357	60	257	\N	0.3	9105485	\N	\N	2013-06-13 06:50:42.351614	2013-06-13 06:50:42.351614
358	15	22	\N	0.4	7700929	\N	\N	2013-06-13 06:50:42.375587	2013-06-13 06:50:42.375587
359	50	66	\N	1.9	3720621	\N	\N	2013-06-13 06:50:42.401939	2013-06-13 06:50:42.401939
360	46	44	\N	0.6	8235724	\N	\N	2013-06-13 06:50:42.426276	2013-06-13 06:50:42.426276
361	57	160	\N	0.0	1064137	\N	\N	2013-06-13 06:50:42.451601	2013-06-13 06:50:42.451601
362	23	26	\N	0.4	1774565	\N	\N	2013-06-13 06:50:42.475855	2013-06-13 06:50:42.475855
363	32	30	\N	2.8	8862473	\N	\N	2013-06-13 06:50:42.500976	2013-06-13 06:50:42.500976
364	45	43	\N	0.5	7853577	\N	\N	2013-06-13 06:50:42.555536	2013-06-13 06:50:42.555536
365	45	43	\N	2.6	1165988	\N	\N	2013-06-13 06:50:42.576042	2013-06-13 06:50:42.576042
366	10	21	\N	2.0	4667650	\N	\N	2013-06-13 06:50:42.601004	2013-06-13 06:50:42.601004
367	26	27	\N	2.8	6663200	\N	\N	2013-06-13 06:50:42.626084	2013-06-13 06:50:42.626084
368	8	13	\N	1.2	5696320	\N	\N	2013-06-13 06:50:42.655177	2013-06-13 06:50:42.655177
369	16	23	\N	1.6	3204358	\N	\N	2013-06-13 06:50:42.675896	2013-06-13 06:50:42.675896
370	2	1	\N	1.6	2053032	\N	\N	2013-06-13 06:50:42.702329	2013-06-13 06:50:42.702329
371	37	37	\N	2.6	8699006	\N	\N	2013-06-13 06:50:42.727635	2013-06-13 06:50:42.727635
372	53	69	\N	0.0	7247608	\N	\N	2013-06-13 06:50:42.750769	2013-06-13 06:50:42.750769
373	59	206	\N	1.1	9431799	\N	\N	2013-06-13 06:50:42.781048	2013-06-13 06:50:42.781048
374	38	39	\N	2.3	3012751	\N	\N	2013-06-13 06:50:42.809072	2013-06-13 06:50:42.809072
375	50	55	\N	1.4	2119640	\N	\N	2013-06-13 06:50:42.834894	2013-06-13 06:50:42.834894
376	61	390	\N	2.4	3042958	\N	\N	2013-06-13 06:50:42.86703	2013-06-13 06:50:42.86703
377	23	26	\N	2.5	5852347	\N	\N	2013-06-13 06:50:42.894602	2013-06-13 06:50:42.894602
378	16	23	\N	1.2	2197877	\N	\N	2013-06-13 06:50:42.917861	2013-06-13 06:50:42.917861
379	10	21	\N	0.3	5956334	\N	\N	2013-06-13 06:50:42.942793	2013-06-13 06:50:42.942793
380	31	29	\N	0.3	1593634	\N	\N	2013-06-13 06:50:42.968665	2013-06-13 06:50:42.968665
381	52	68	\N	1.1	7346216	\N	\N	2013-06-13 06:50:42.993085	2013-06-13 06:50:42.993085
382	50	66	\N	2.6	1584188	\N	\N	2013-06-13 06:50:43.018191	2013-06-13 06:50:43.018191
383	16	23	\N	1.4	9875325	\N	\N	2013-06-13 06:50:43.042924	2013-06-13 06:50:43.042924
384	10	21	\N	1.3	8626031	\N	\N	2013-06-13 06:50:43.069031	2013-06-13 06:50:43.069031
385	37	37	\N	1.8	9944760	\N	\N	2013-06-13 06:50:43.09428	2013-06-13 06:50:43.09428
386	45	43	\N	2.0	7293692	\N	\N	2013-06-13 06:50:43.150371	2013-06-13 06:50:43.150371
387	33	31	\N	2.1	9080244	\N	\N	2013-06-13 06:50:43.174943	2013-06-13 06:50:43.174943
388	59	187	87	0.8	9607693	\N	\N	2013-06-13 06:50:43.205845	2013-06-13 06:50:43.226214
389	15	22	\N	0.0	6950060	\N	\N	2013-06-13 06:50:43.246554	2013-06-13 06:50:43.246554
390	8	9	\N	0.4	6858559	\N	\N	2013-06-13 06:50:43.293917	2013-06-13 06:50:43.293917
391	15	22	\N	2.0	1752473	\N	\N	2013-06-13 06:50:43.321208	2013-06-13 06:50:43.321208
392	33	32	\N	2.7	1795238	\N	\N	2013-06-13 06:50:43.343098	2013-06-13 06:50:43.343098
393	45	43	\N	1.5	7442061	\N	\N	2013-06-13 06:50:43.372673	2013-06-13 06:50:43.372673
394	4	2	1	0.7	9656967	\N	\N	2013-06-13 06:50:43.401876	2013-06-13 06:50:43.41771
395	15	22	\N	0.4	7085765	\N	\N	2013-06-13 06:50:43.434963	2013-06-13 06:50:43.434963
396	4	2	2	2.2	8329567	\N	\N	2013-06-13 06:50:43.459331	2013-06-13 06:50:43.476095
397	15	22	\N	2.9	1121185	\N	\N	2013-06-13 06:50:43.495941	2013-06-13 06:50:43.495941
398	8	18	\N	2.8	3885288	\N	\N	2013-06-13 06:50:43.518763	2013-06-13 06:50:43.518763
399	32	30	\N	1.9	1017806	\N	\N	2013-06-13 06:50:43.543388	2013-06-13 06:50:43.543388
400	45	43	\N	1.8	1082213	\N	\N	2013-06-13 06:50:43.571202	2013-06-13 06:50:43.571202
401	57	160	\N	0.4	3050807	\N	\N	2013-06-13 06:50:43.592678	2013-06-13 06:50:43.592678
402	50	62	\N	2.3	5169749	\N	\N	2013-06-13 06:50:43.619111	2013-06-13 06:50:43.619111
403	53	69	\N	2.5	8930323	\N	\N	2013-06-13 06:50:43.640907	2013-06-13 06:50:43.640907
404	2	1	\N	0.6	6847221	\N	\N	2013-06-13 06:50:43.668472	2013-06-13 06:50:43.668472
405	45	43	\N	1.3	3597100	\N	\N	2013-06-13 06:50:43.692712	2013-06-13 06:50:43.692712
406	23	26	\N	0.7	9656449	\N	\N	2013-06-13 06:50:43.719562	2013-06-13 06:50:43.719562
407	8	13	\N	1.0	5242802	\N	\N	2013-06-13 06:50:43.745297	2013-06-13 06:50:43.745297
408	8	15	\N	0.2	6189201	\N	\N	2013-06-13 06:50:43.792365	2013-06-13 06:50:43.792365
409	15	22	\N	0.5	9422873	\N	\N	2013-06-13 06:50:43.8191	2013-06-13 06:50:43.8191
410	31	29	\N	1.7	7304589	\N	\N	2013-06-13 06:50:43.842861	2013-06-13 06:50:43.842861
411	10	21	\N	2.2	8946157	\N	\N	2013-06-13 06:50:43.868177	2013-06-13 06:50:43.868177
412	57	160	\N	1.2	1544164	\N	\N	2013-06-13 06:50:43.893021	2013-06-13 06:50:43.893021
413	50	58	\N	1.7	2296578	\N	\N	2013-06-13 06:50:43.91923	2013-06-13 06:50:43.91923
414	26	27	\N	2.1	3617970	\N	\N	2013-06-13 06:50:43.944972	2013-06-13 06:50:43.944972
415	61	330	344	0.3	1367789	\N	\N	2013-06-13 06:50:43.975478	2013-06-13 06:50:43.993186
416	23	26	\N	1.5	8639469	\N	\N	2013-06-13 06:50:44.009889	2013-06-13 06:50:44.009889
417	31	29	\N	0.5	7380515	\N	\N	2013-06-13 06:50:44.037031	2013-06-13 06:50:44.037031
418	23	26	\N	1.6	7872930	\N	\N	2013-06-13 06:50:44.059423	2013-06-13 06:50:44.059423
419	23	26	\N	0.3	5254327	\N	\N	2013-06-13 06:50:44.085675	2013-06-13 06:50:44.085675
420	31	29	\N	2.9	9330399	\N	\N	2013-06-13 06:50:44.110372	2013-06-13 06:50:44.110372
421	8	16	\N	0.3	4169967	\N	\N	2013-06-13 06:50:44.135302	2013-06-13 06:50:44.135302
422	18	24	\N	2.9	7392031	\N	\N	2013-06-13 06:50:44.159806	2013-06-13 06:50:44.159806
423	45	43	\N	2.9	7002556	\N	\N	2013-06-13 06:50:44.187659	2013-06-13 06:50:44.187659
424	23	26	\N	1.2	5152846	\N	\N	2013-06-13 06:50:44.209618	2013-06-13 06:50:44.209618
425	48	53	\N	0.9	3590961	\N	\N	2013-06-13 06:50:44.234497	2013-06-13 06:50:44.234497
426	16	23	\N	1.3	5918563	\N	\N	2013-06-13 06:50:44.259519	2013-06-13 06:50:44.259519
427	23	26	\N	2.4	8061627	\N	\N	2013-06-13 06:50:44.28704	2013-06-13 06:50:44.28704
428	45	43	\N	1.9	8202553	\N	\N	2013-06-13 06:50:44.310909	2013-06-13 06:50:44.310909
429	54	129	\N	1.5	7949510	\N	\N	2013-06-13 06:50:44.339184	2013-06-13 06:50:44.339184
430	38	39	\N	1.8	5739148	\N	\N	2013-06-13 06:50:44.395673	2013-06-13 06:50:44.395673
431	45	43	\N	1.6	2062361	\N	\N	2013-06-13 06:50:44.41739	2013-06-13 06:50:44.41739
432	31	29	\N	0.7	2320498	\N	\N	2013-06-13 06:50:44.443297	2013-06-13 06:50:44.443297
433	15	22	\N	0.6	7780195	\N	\N	2013-06-13 06:50:44.468269	2013-06-13 06:50:44.468269
434	54	126	\N	2.4	7576417	\N	\N	2013-06-13 06:50:44.498163	2013-06-13 06:50:44.498163
435	59	229	231	2.2	8722093	\N	\N	2013-06-13 06:50:44.531144	2013-06-13 06:50:44.551441
436	23	26	\N	1.0	9664248	\N	\N	2013-06-13 06:50:44.56898	2013-06-13 06:50:44.56898
437	2	1	\N	2.4	1607717	\N	\N	2013-06-13 06:50:44.593669	2013-06-13 06:50:44.593669
438	2	1	\N	0.5	7310237	\N	\N	2013-06-13 06:50:44.641767	2013-06-13 06:50:44.641767
439	4	2	2	1.2	2843858	\N	\N	2013-06-13 06:50:44.693807	2013-06-13 06:50:44.709201
440	33	32	\N	2.1	3714127	\N	\N	2013-06-13 06:50:44.743847	2013-06-13 06:50:44.743847
441	8	13	\N	2.2	5373090	\N	\N	2013-06-13 06:50:44.769176	2013-06-13 06:50:44.769176
442	19	25	\N	0.6	9701305	\N	\N	2013-06-13 06:50:44.792614	2013-06-13 06:50:44.792614
443	45	43	\N	0.2	7998956	\N	\N	2013-06-13 06:50:44.818707	2013-06-13 06:50:44.818707
444	31	29	\N	0.2	9409988	\N	\N	2013-06-13 06:50:44.843633	2013-06-13 06:50:44.843633
445	31	29	\N	2.7	1666087	\N	\N	2013-06-13 06:50:44.86892	2013-06-13 06:50:44.86892
446	8	7	\N	1.9	4580755	\N	\N	2013-06-13 06:50:44.89629	2013-06-13 06:50:44.89629
447	15	22	\N	0.9	2614376	\N	\N	2013-06-13 06:50:44.918488	2013-06-13 06:50:44.918488
448	26	27	\N	1.0	2224177	\N	\N	2013-06-13 06:50:44.943802	2013-06-13 06:50:44.943802
449	8	4	\N	1.6	4524218	\N	\N	2013-06-13 06:50:44.968713	2013-06-13 06:50:44.968713
450	34	36	\N	0.6	8849029	\N	\N	2013-06-13 06:50:44.993866	2013-06-13 06:50:44.993866
451	47	49	\N	2.9	6746400	\N	\N	2013-06-13 06:50:45.035015	2013-06-13 06:50:45.035015
452	45	43	\N	0.9	9946761	\N	\N	2013-06-13 06:50:45.098083	2013-06-13 06:50:45.098083
453	47	51	\N	2.1	9776023	\N	\N	2013-06-13 06:50:45.127164	2013-06-13 06:50:45.127164
454	4	2	1	0.0	7465361	\N	\N	2013-06-13 06:50:45.152714	2013-06-13 06:50:45.167968
455	28	28	\N	0.2	9156472	\N	\N	2013-06-13 06:50:45.18599	2013-06-13 06:50:45.18599
456	45	43	\N	2.5	9803146	\N	\N	2013-06-13 06:50:45.212203	2013-06-13 06:50:45.212203
457	31	29	\N	1.4	5506361	\N	\N	2013-06-13 06:50:45.236304	2013-06-13 06:50:45.236304
458	33	31	\N	1.1	9076145	\N	\N	2013-06-13 06:50:45.259621	2013-06-13 06:50:45.259621
459	61	355	\N	1.7	1863486	\N	\N	2013-06-13 06:50:45.292904	2013-06-13 06:50:45.292904
460	45	43	\N	2.8	4039852	\N	\N	2013-06-13 06:50:45.3223	2013-06-13 06:50:45.3223
461	37	37	\N	1.9	4511459	\N	\N	2013-06-13 06:50:45.35315	2013-06-13 06:50:45.35315
462	23	26	\N	2.0	9923724	\N	\N	2013-06-13 06:50:45.395424	2013-06-13 06:50:45.395424
463	38	39	\N	2.3	5171710	\N	\N	2013-06-13 06:50:45.418314	2013-06-13 06:50:45.418314
464	45	43	\N	2.2	3468851	\N	\N	2013-06-13 06:50:45.44782	2013-06-13 06:50:45.44782
465	23	26	\N	0.8	3521494	\N	\N	2013-06-13 06:50:45.479004	2013-06-13 06:50:45.479004
466	57	160	\N	2.2	7860821	\N	\N	2013-06-13 06:50:45.510614	2013-06-13 06:50:45.510614
467	37	37	\N	2.7	5264829	\N	\N	2013-06-13 06:50:45.535622	2013-06-13 06:50:45.535622
468	4	2	1	1.8	2442955	\N	\N	2013-06-13 06:50:45.569033	2013-06-13 06:50:45.584971
469	4	2	1	1.9	4877935	\N	\N	2013-06-13 06:50:45.60235	2013-06-13 06:50:45.618169
470	15	22	\N	1.4	6692634	\N	\N	2013-06-13 06:50:45.636959	2013-06-13 06:50:45.636959
471	57	160	\N	0.8	8605308	\N	\N	2013-06-13 06:50:45.660405	2013-06-13 06:50:45.660405
472	32	30	\N	0.3	5231561	\N	\N	2013-06-13 06:50:45.685584	2013-06-13 06:50:45.685584
473	32	30	\N	0.0	6792926	\N	\N	2013-06-13 06:50:45.711155	2013-06-13 06:50:45.711155
474	57	160	\N	1.4	4002170	\N	\N	2013-06-13 06:50:45.769773	2013-06-13 06:50:45.769773
475	23	26	\N	0.2	3270107	\N	\N	2013-06-13 06:50:45.793063	2013-06-13 06:50:45.793063
476	45	43	\N	2.4	3526041	\N	\N	2013-06-13 06:50:45.822395	2013-06-13 06:50:45.822395
477	32	30	\N	1.4	8021713	\N	\N	2013-06-13 06:50:45.851475	2013-06-13 06:50:45.851475
478	2	1	\N	1.9	5791854	\N	\N	2013-06-13 06:50:45.876309	2013-06-13 06:50:45.876309
479	38	38	\N	0.6	4141823	\N	\N	2013-06-13 06:50:45.901228	2013-06-13 06:50:45.901228
480	28	28	\N	2.3	4052748	\N	\N	2013-06-13 06:50:45.927216	2013-06-13 06:50:45.927216
481	57	160	\N	0.7	4924887	\N	\N	2013-06-13 06:50:45.95212	2013-06-13 06:50:45.95212
482	16	23	\N	0.2	8897828	\N	\N	2013-06-13 06:50:45.976123	2013-06-13 06:50:45.976123
483	26	27	\N	0.6	9044237	\N	\N	2013-06-13 06:50:46.003099	2013-06-13 06:50:46.003099
484	28	28	\N	2.1	7492800	\N	\N	2013-06-13 06:50:46.02718	2013-06-13 06:50:46.02718
485	48	53	\N	2.7	1975201	\N	\N	2013-06-13 06:50:46.05142	2013-06-13 06:50:46.05142
486	8	7	\N	2.5	4125857	\N	\N	2013-06-13 06:50:46.079093	2013-06-13 06:50:46.079093
487	15	22	\N	2.2	4663602	\N	\N	2013-06-13 06:50:46.103612	2013-06-13 06:50:46.103612
488	23	26	\N	0.8	7322256	\N	\N	2013-06-13 06:50:46.127684	2013-06-13 06:50:46.127684
489	45	43	\N	0.3	8927443	\N	\N	2013-06-13 06:50:46.154593	2013-06-13 06:50:46.154593
490	32	30	\N	1.3	8176101	\N	\N	2013-06-13 06:50:46.176314	2013-06-13 06:50:46.176314
491	26	27	\N	2.1	5487859	\N	\N	2013-06-13 06:50:46.201321	2013-06-13 06:50:46.201321
492	52	68	\N	0.7	3582324	\N	\N	2013-06-13 06:50:46.226919	2013-06-13 06:50:46.226919
493	54	132	\N	1.1	9881824	\N	\N	2013-06-13 06:50:46.256937	2013-06-13 06:50:46.256937
494	26	27	\N	2.8	9409467	\N	\N	2013-06-13 06:50:46.2891	2013-06-13 06:50:46.2891
495	8	3	\N	2.4	6953238	\N	\N	2013-06-13 06:50:46.320266	2013-06-13 06:50:46.320266
496	37	37	\N	0.7	9000880	\N	\N	2013-06-13 06:50:46.377686	2013-06-13 06:50:46.377686
497	31	29	\N	1.8	8444035	\N	\N	2013-06-13 06:50:46.401888	2013-06-13 06:50:46.401888
498	59	173	45	2.4	9370213	\N	\N	2013-06-13 06:50:46.432697	2013-06-13 06:50:46.451501
499	52	68	\N	1.0	2456502	\N	\N	2013-06-13 06:50:46.469306	2013-06-13 06:50:46.469306
500	15	22	\N	1.7	3287164	\N	\N	2013-06-13 06:50:46.493304	2013-06-13 06:50:46.493304
\.


--
-- Data for Name: details_equipment; Type: TABLE DATA; Schema: public; Owner: ode
--

COPY details_equipment (detail_id, equipment_id) FROM stdin;
300	1
275	1
1	1
259	1
130	1
299	2
266	2
239	3
194	3
340	3
10	3
172	4
141	5
356	5
153	6
108	6
411	6
385	6
66	7
333	7
352	7
69	7
453	7
7	7
321	7
198	7
397	7
441	8
172	8
204	8
172	8
458	8
271	8
303	9
287	9
37	9
305	9
469	10
408	10
45	10
298	10
102	10
335	10
379	10
365	10
414	11
309	12
418	12
355	12
469	12
220	12
224	12
235	13
17	13
499	13
189	14
132	14
357	14
480	14
155	14
426	14
423	14
314	14
133	14
498	15
450	15
164	15
114	15
326	15
176	15
220	15
324	16
108	16
491	16
286	17
97	17
326	18
79	18
156	19
158	19
391	19
52	19
365	19
86	19
63	19
234	19
455	19
29	20
300	20
55	20
333	20
125	20
195	20
204	20
87	20
426	20
153	21
456	21
432	21
246	21
434	21
25	21
282	22
212	22
167	22
381	22
403	23
118	23
260	23
172	23
445	24
479	25
149	25
460	25
64	25
495	25
338	25
9	25
171	25
186	25
453	25
213	26
312	26
432	26
28	26
454	26
293	26
139	26
358	26
403	26
362	27
361	27
274	28
469	28
399	28
430	29
299	29
232	29
145	29
491	29
82	29
336	29
32	29
389	30
183	30
163	30
26	30
108	31
184	31
166	31
31	31
106	31
313	31
165	32
259	32
387	32
327	32
41	32
368	32
87	32
278	32
377	32
101	33
444	33
7	33
442	33
315	33
447	33
69	33
211	33
321	33
148	34
496	34
314	34
236	34
367	34
441	35
94	35
437	35
238	35
208	35
34	36
250	37
39	38
429	38
36	38
411	38
202	38
207	38
500	38
159	38
334	39
166	39
305	39
61	39
9	39
172	39
497	39
259	39
70	40
290	40
192	40
143	40
236	40
125	40
303	40
176	40
68	41
100	41
246	41
241	41
63	41
198	41
148	42
94	43
292	43
392	43
482	43
247	43
105	44
379	44
34	44
185	44
291	45
271	45
294	45
231	45
1	45
107	45
487	46
431	46
409	46
463	46
245	47
214	47
495	47
46	47
171	47
406	47
352	48
224	48
461	48
456	48
406	48
446	49
156	49
286	49
383	49
454	49
211	49
441	49
40	49
71	49
239	50
220	50
140	50
429	50
107	50
451	50
217	50
208	50
304	51
279	51
323	51
461	51
389	51
236	51
50	51
346	52
96	52
163	52
15	52
408	52
105	52
263	53
71	53
264	54
313	54
346	54
305	54
174	55
307	56
220	56
380	56
423	56
180	56
29	57
384	57
135	57
428	57
30	57
75	57
343	58
191	58
293	58
307	58
209	58
11	58
450	59
128	59
478	59
135	59
329	59
196	60
153	60
408	60
185	60
484	61
108	62
431	62
333	62
456	62
482	62
26	62
219	62
448	62
101	62
241	62
133	63
344	63
465	63
496	63
436	63
300	63
495	63
147	63
242	63
229	64
352	64
122	64
36	64
475	64
483	65
303	65
282	65
279	65
128	65
58	65
65	65
120	65
112	65
424	66
461	66
58	66
440	66
383	66
34	66
272	66
286	66
214	66
241	66
444	67
4	67
18	67
401	67
93	68
34	68
300	68
168	68
255	68
444	68
313	68
323	69
92	69
124	69
66	69
361	69
183	69
261	69
477	69
494	69
249	69
308	70
306	70
202	70
295	71
115	71
166	71
351	71
363	71
314	71
379	71
392	71
194	71
34	72
189	73
316	73
198	73
357	73
3	73
480	73
372	73
351	74
338	74
395	74
178	74
431	74
83	74
245	74
176	74
345	75
59	76
368	76
111	76
73	76
497	76
200	76
312	77
43	78
355	78
191	78
75	78
428	78
309	78
312	79
305	79
441	79
424	79
59	79
246	79
56	79
436	79
228	79
424	79
33	80
7	80
286	81
334	81
367	81
44	81
133	81
323	81
192	81
33	81
223	81
276	82
280	82
86	82
284	82
213	82
411	83
363	84
345	84
366	84
9	84
111	84
264	84
203	84
459	84
253	85
374	85
424	85
426	85
122	85
437	85
460	86
464	86
326	86
230	86
218	86
391	86
392	86
101	86
474	87
224	87
439	87
198	87
313	87
448	87
423	87
203	87
52	87
394	88
484	88
393	88
384	88
468	88
153	88
360	88
401	88
149	89
124	89
205	89
448	89
182	89
6	89
286	89
249	90
283	90
189	90
107	90
185	90
284	90
226	90
490	90
469	90
216	91
72	92
222	92
101	92
235	92
87	92
139	92
100	92
10	92
401	93
188	93
258	93
434	93
396	94
27	94
157	94
161	94
482	95
465	95
184	95
289	95
245	95
148	95
137	95
391	95
308	95
173	95
441	96
142	96
161	96
19	96
249	96
485	96
20	96
393	96
290	96
23	96
7	97
262	97
379	98
443	98
430	98
163	98
139	98
310	98
220	99
10	99
83	99
358	99
468	99
309	99
184	99
101	99
255	99
264	99
492	100
30	100
370	100
311	100
314	100
330	100
442	100
128	100
493	101
255	101
445	101
275	102
97	102
25	102
124	102
283	102
151	102
127	102
452	103
137	104
275	104
404	104
33	104
125	104
450	104
214	104
194	104
43	104
454	104
363	105
468	105
197	105
396	105
234	105
318	105
236	106
173	106
231	106
266	107
485	107
235	107
174	107
226	107
145	107
471	108
383	108
59	108
374	108
403	108
106	108
72	109
242	109
408	109
13	109
347	109
157	109
399	109
390	109
289	109
50	109
147	110
238	111
129	111
359	111
48	111
35	111
307	111
480	111
140	111
495	111
285	111
456	112
65	113
271	113
126	113
17	113
441	113
238	113
30	113
268	114
195	114
212	114
378	114
449	114
151	114
293	114
304	115
422	116
319	116
316	116
61	116
410	116
132	116
281	116
42	116
114	116
125	117
196	117
155	117
435	118
491	118
473	118
234	118
224	118
417	118
3	118
161	118
278	119
47	119
210	119
318	119
483	119
246	119
32	119
389	119
72	119
451	120
363	120
75	120
102	120
326	120
38	120
69	120
99	121
28	121
104	121
486	122
456	122
459	122
447	123
348	123
307	123
268	123
485	123
325	123
424	123
295	123
27	123
378	123
477	124
131	124
461	124
44	124
341	125
81	125
44	125
300	125
28	125
307	125
49	125
443	126
353	126
167	126
165	126
70	126
243	126
258	126
335	126
315	126
424	126
90	127
308	127
273	127
411	127
237	127
311	127
70	127
181	127
9	127
134	128
34	128
438	128
488	128
109	128
325	128
255	129
141	129
420	129
449	129
149	129
322	130
289	130
299	130
307	130
474	130
376	130
35	130
315	130
154	130
362	130
435	131
381	131
46	131
166	131
21	131
374	131
355	131
429	131
258	131
409	132
368	132
55	132
420	133
464	133
277	134
68	134
215	134
107	134
166	134
460	134
497	134
18	134
385	134
354	134
444	135
220	135
77	135
471	135
70	135
199	135
73	135
78	135
480	136
45	136
391	136
63	136
309	136
231	136
93	136
434	136
290	137
335	137
215	137
155	137
49	138
323	138
333	138
319	139
267	139
490	139
263	140
284	140
403	140
214	140
423	140
394	140
353	140
283	140
397	140
77	141
452	141
133	141
205	142
431	142
424	142
368	142
320	143
227	143
221	144
238	144
441	144
380	144
206	144
118	144
100	144
309	144
438	144
215	145
149	145
407	145
251	145
244	145
137	146
175	146
147	146
408	146
156	146
141	147
291	147
410	147
311	147
386	147
459	147
196	148
215	148
395	148
119	148
265	148
273	148
483	148
443	148
365	149
494	149
358	149
366	149
373	149
463	149
200	149
422	149
489	149
121	149
133	150
15	120
3	99
3	99
3	99
3	99
3	99
4	99
\.


--
-- Name: details_id_seq; Type: SEQUENCE SET; Schema: public; Owner: ode
--

SELECT pg_catalog.setval('details_id_seq', 500, true);


--
-- Data for Name: devices; Type: TABLE DATA; Schema: public; Owner: ode
--

COPY devices (id, device_hex, vendor_id, name) FROM stdin;
1	0x8139	2	AT-2500TX V3 Ethernet
2	0x0001	4	PCAN-PCI CAN-Bus controller
3	0x0003	8	WinTV PVR-250
4	0x0009	8	WinTV PVR-150
5	0x0801	8	WinTV PVR-150
6	0x0807	8	WinTV PVR-150
7	0x4000	8	WinTV PVR-350
8	0x4001	8	WinTV PVR-250 (v1)
9	0x4009	8	WinTV PVR-250
10	0x4800	8	WinTV PVR-350
11	0x4801	8	WinTV PVR-250 MCE
12	0x4803	8	WinTV PVR-250
13	0x7444	8	WinTV HVR-1600
14	0x7801	8	WinTV HVR-1800 MCE
15	0x8003	8	WinTV PVR-150
16	0x8801	8	WinTV PVR-150
17	0xc108	8	WinTV-HVR-4400-HD model 1278
18	0xc801	8	WinTV PVR-150
19	0xe807	8	WinTV PVR-500 MCE (1st tuner)
20	0xe817	8	WinTV PVR-500 MCE (2nd tuner)
21	0x0680	10	Ultra ATA/133 IDE RAID CONTROLLER CARD
22	0x0106	15	FPC-0106TX misprogrammed [RTL81xx]
23	0x8139	16	HNE-300 (RealTek RTL8139c) [iPaq Networking]
24	0x8212	18	DM9102A(DM9102AE, SM9102AF) Ethernet 100/10 MBit(Rev 40)
25	0x1012	19	1012 PCMCIA 10/100 Ethernet Card [RTL81xx]
26	0x000a	23	TTP-Monitoring Card V2.0
27	0x0001	26	Pluto2 DVB-T Receiver for PCMCIA [EasyWatch MobilSet]
28	0x4001	28	Remote System Administration device [RSA2]
29	0x8519	31	OV519 series
30	0x0701	32	CBD516
31	0x3410	33	SMTP3410
32	0x3500	33	SMTP3500
33	0x1700	34	IS64PH ISDN Adapter
34	0x1702	34	IS64PH ISDN Adapter
35	0x1703	34	ISDN Adapter (PCI Bus, DV, W)
36	0x1704	34	ISDN Adapter (PCI Bus, D, C)
37	0x3005	37	XtremeRange5
38	0x6663	38	Butane II (MPEG2 encoder board)
39	0x6666	38	MediaPress (MPEG2 encoder board)
40	0x534a	39	Slim mobile Express DVB-T (Fujitsu)
41	0xa301	39	AVerTV 301
42	0xb808	39	AVerTV DVB-T Volar (USB 2.0)
43	0xafe4	45	[Anchor] AF-S2 FingerLoc Sensor Module
44	0x1234	46	VA-502 Mainboard
45	0x010e	47	Innovage Mini Digital Camera
46	0x010f	47	SDC-300 Webcam
47	0x020f	47	Digital Photo Viewer
48	0x2468	47	CIF Single Chip
49	0x2600	47	PAC7311
50	0x2603	47	Philips Webcam SPC500NC
51	0x2608	47	Maxell MaxCam RotaWeb
52	0x2620	47	C3 Tech Mod. 153
53	0x0704	48	CM 200E Cable Modem
54	0x0105	50	Rhino R1T1
55	0x0205	50	Rhino R4FXO
56	0x0206	50	RCB4FXO 4-channel FXO analog telphony card
57	0x0305	50	Rhino R4T1
58	0x0405	50	Rhino R8FXX
59	0x0406	50	RCB8FXX 8-channel modular analog telphony card
60	0x0505	50	Rhino R24FXX
61	0x0506	50	RCB24FXS 24-Channel FXS analog telphony card
62	0x0605	50	Rhino R2T1
63	0x0705	50	Rhino R24FXS
64	0x0706	50	RCB24FXO 24-Channel FXO analog telphony card
65	0x0905	50	R1T3 Single T3 Digital Telephony Card
66	0x0906	50	RCB24FXX 24-channel modular analog telphony card
67	0x0a06	50	RCB672FXX 672-channel modular analog telphony card
68	0x064f	52	Trance Vibrator
69	0x0038	53	Cinergy T^2 DVB-T Receiver
70	0x0001	54	PCI to EISA Bridge
71	0x0002	54	PCI to ISA Bridge
72	0x0046	54	Smart Array 64xx
73	0x0049	54	NC7132 Gigabit Upgrade Module
74	0x004a	54	NC6136 Gigabit Server Adapter
75	0x005a	54	Remote Insight II board - Lights-Out
76	0x007c	54	NC7770 1000BaseTX
77	0x007d	54	NC6770 1000BaseTX
78	0x0085	54	NC7780 1000BaseTX
79	0x00b1	54	Remote Insight II board - PCI device
80	0x00bb	54	NC7760
81	0x00ca	54	NC7771
82	0x00cb	54	NC7781
83	0x00cf	54	NC7772
84	0x00d0	54	NC7782
85	0x00d1	54	NC7783
86	0x00e3	54	NC7761
87	0x0508	54	Netelligent 4/16 Token Ring
88	0x1000	54	Triflex/Pentium Bridge, Model 1000
89	0x2000	54	Triflex/Pentium Bridge, Model 2000
90	0x3032	54	QVision 1280/p
91	0x3033	54	QVision 1280/p
92	0x3034	54	QVision 1280/p
93	0x4000	54	4000 [Triflex]
94	0x4040	54	Integrated Array
95	0x4048	54	Compaq Raid LC2
96	0x4050	54	Smart Array 4200
97	0x4051	54	Smart Array 4250ES
98	0x4058	54	Smart Array 431
99	0x4070	54	Smart Array 5300
100	0x4080	54	Smart Array 5i
101	0x4082	54	Smart Array 532
102	0x4083	54	Smart Array 5312
103	0x4091	54	Smart Array 6i
104	0x409a	54	Smart Array 641
105	0x409b	54	Smart Array 642
106	0x409c	54	Smart Array 6400
107	0x409d	54	Smart Array 6400 EM
108	0x6010	54	HotPlug PCI Bridge 6010
109	0x7020	54	USB Controller
110	0xa0ec	54	Fibre Channel Host Controller
111	0xa0f0	54	Advanced System Management Controller
112	0xa0f3	54	Triflex PCI to ISA Bridge
113	0xa0f7	54	PCI Hotplug Controller
114	0xa0f8	54	ZFMicro Chipset USB
115	0xa0fc	54	FibreChannel HBA Tachyon
116	0xae10	54	Smart-2/P RAID Controller
117	0xae29	54	MIS-L
118	0xae2a	54	MPC
119	0xae2b	54	MIS-E
120	0xae31	54	System Management Controller
121	0xae32	54	Netelligent 10/100 TX PCI UTP
122	0xae33	54	Triflex Dual EIDE Controller
123	0xae34	54	Netelligent 10 T PCI UTP
124	0xae35	54	Integrated NetFlex-3/P
125	0xae40	54	Netelligent Dual 10/100 TX PCI UTP
126	0xae43	54	Netelligent Integrated 10/100 TX UTP
127	0xae69	54	CETUS-L
128	0xae6c	54	Northstar
129	0xae6d	54	NorthStar CPU to PCI Bridge
130	0xb011	54	Netelligent 10/100 TX Embedded UTP
131	0xb012	54	Netelligent 10 T/2 PCI UTP/Coax
132	0xb01e	54	NC3120 Fast Ethernet NIC
133	0xb01f	54	NC3122 Fast Ethernet NIC
134	0xb02f	54	NC1120 Ethernet NIC
135	0xb030	54	Netelligent 10/100 TX UTP
136	0xb04a	54	10/100 TX PCI Intel WOL UTP Controller
137	0xb060	54	Smart Array 5300 Controller
138	0xb0c6	54	NC3161 Fast Ethernet NIC
139	0xb0c7	54	NC3160 Fast Ethernet NIC
140	0xb0d7	54	NC3121 Fast Ethernet NIC
141	0xb0dd	54	NC3131 Fast Ethernet NIC
142	0xb0de	54	NC3132 Fast Ethernet Module
143	0xb0df	54	NC6132 Gigabit Module
144	0xb0e0	54	NC6133 Gigabit Module
145	0xb0e1	54	NC3133 Fast Ethernet Module
146	0xb123	54	NC6134 Gigabit NIC
147	0xb134	54	NC3163 Fast Ethernet NIC
148	0xb13c	54	NC3162 Fast Ethernet NIC
149	0xb144	54	NC3123 Fast Ethernet NIC
150	0xb163	54	NC3134 Fast Ethernet NIC
151	0xb164	54	NC3165 Fast Ethernet Upgrade Module
152	0xb178	54	Smart Array 5i/532
153	0xb1a4	54	NC7131 Gigabit Server Adapter
154	0xb200	54	Memory Hot-Plug Controller
155	0xb203	54	Integrated Lights Out Controller
156	0xb204	54	Integrated Lights Out  Processor
157	0xc000	54	Remote Insight Lights-Out Edition
158	0xf130	54	NetFlex-3/P ThunderLAN 1.0
159	0xf150	54	NetFlex-3/P ThunderLAN 2.3
160	0x0008	57	Ethernet Powerlink Managing Node 01
161	0x0001	59	53c810
162	0x0002	59	53c820
163	0x0003	59	53c825
164	0x0004	59	53c815
165	0x0005	59	53c810AP
166	0x0006	59	53c860
167	0x000a	59	53c1510
168	0x000b	59	53C896/897
169	0x000c	59	53c895
170	0x000d	59	53c885
171	0x000f	59	53c875
172	0x0010	59	53C1510
173	0x0012	59	53c895a
174	0x0013	59	53c875a
175	0x0020	59	53c1010 Ultra3 SCSI Adapter
176	0x0021	59	53c1010 66MHz  Ultra3 SCSI Adapter
177	0x0030	59	53c1030 PCI-X Fusion-MPT Dual Ultra320 SCSI
178	0x0031	59	53c1030ZC PCI-X Fusion-MPT Dual Ultra320 SCSI
179	0x0032	59	53c1035 PCI-X Fusion-MPT Dual Ultra320 SCSI
180	0x0033	59	1030ZC_53c1035 PCI-X Fusion-MPT Dual Ultra320 SCSI
181	0x0040	59	53c1035 PCI-X Fusion-MPT Dual Ultra320 SCSI
182	0x0041	59	53C1035ZC PCI-X Fusion-MPT Dual Ultra320 SCSI
183	0x0050	59	SAS1064 PCI-X Fusion-MPT SAS
184	0x0054	59	SAS1068 PCI-X Fusion-MPT SAS
185	0x0055	59	SAS1068 PCI-X Fusion-MPT SAS
186	0x0056	59	SAS1064ET PCI-Express Fusion-MPT SAS
187	0x0057	59	M1064E MegaRAID SAS
188	0x0058	59	SAS1068E PCI-Express Fusion-MPT SAS
189	0x0059	59	MegaRAID SAS 8208ELP/8208ELP
190	0x005a	59	SAS1066E PCI-Express Fusion-MPT SAS
191	0x005b	59	MegaRAID SAS 2208 [Thunderbolt]
192	0x005c	59	SAS1064A PCI-X Fusion-MPT SAS
193	0x005d	59	MegaRAID SAS-3 3108 [Invader]
194	0x005e	59	SAS1066 PCI-X Fusion-MPT SAS
195	0x0060	59	MegaRAID SAS 1078
196	0x0062	59	SAS1078 PCI-Express Fusion-MPT SAS
197	0x0064	59	SAS2116 PCI-Express Fusion-MPT SAS-2 [Meteor]
198	0x0065	59	SAS2116 PCI-Express Fusion-MPT SAS-2 [Meteor]
199	0x006e	59	SAS2308 PCI-Express Fusion-MPT SAS-2
200	0x0070	59	SAS2004 PCI-Express Fusion-MPT SAS-2 [Spitfire]
201	0x0071	59	MR SAS HBA
202	0x0072	59	SAS2008 PCI-Express Fusion-MPT SAS-2 [Falcon]
203	0x0073	59	MegaRAID SAS 9240
204	0x0074	59	SAS2108 PCI-Express Fusion-MPT SAS-2 [Liberator]
205	0x0076	59	SAS2108 PCI-Express Fusion-MPT SAS-2 [Liberator]
206	0x0077	59	SAS2108 PCI-Express Fusion-MPT SAS-2 [Liberator]
207	0x0079	59	MegaRAID SAS 2108 [Liberator]
208	0x007c	59	MegaRAID SAS 1078DE
209	0x007e	59	SSS6200 PCI-Express Flash SSD
210	0x0080	59	SAS2208 PCI-Express Fusion-MPT SAS-2
211	0x0081	59	SAS2208 PCI-Express Fusion-MPT SAS-2
212	0x0082	59	SAS2208 PCI-Express Fusion-MPT SAS-2
213	0x0083	59	SAS2208 PCI-Express Fusion-MPT SAS-2
214	0x0084	59	SAS2208 PCI-Express Fusion-MPT SAS-2
215	0x0085	59	SAS2208 PCI-Express Fusion-MPT SAS-2
216	0x0086	59	SAS2308 PCI-Express Fusion-MPT SAS-2
217	0x0087	59	SAS2308 PCI-Express Fusion-MPT SAS-2
218	0x008f	59	53c875J
219	0x0090	59	SAS3108 PCI-Express Fusion-MPT SAS-3
220	0x0091	59	SAS3108 PCI-Express Fusion-MPT SAS-3
221	0x0094	59	SAS3108 PCI-Express Fusion-MPT SAS-3
222	0x0095	59	SAS3108 PCI-Express Fusion-MPT SAS-3
223	0x0096	59	SAS3004 PCI-Express Fusion-MPT SAS-3
224	0x0097	59	SAS3008 PCI-Express Fusion-MPT SAS-3
225	0x0407	59	MegaRAID
226	0x0408	59	MegaRAID
227	0x0409	59	MegaRAID
228	0x0411	59	MegaRAID SAS
229	0x0413	59	MegaRAID SAS Verde ZCR
230	0x0621	59	FC909 Fibre Channel Adapter
231	0x0622	59	FC929 Fibre Channel Adapter
232	0x0623	59	FC929 LAN
233	0x0624	59	FC919 Fibre Channel Adapter
234	0x0625	59	FC919 LAN
235	0x0626	59	FC929X Fibre Channel Adapter
236	0x0627	59	FC929X LAN
237	0x0628	59	FC919X Fibre Channel Adapter
238	0x0629	59	FC919X LAN
239	0x0640	59	FC949X Fibre Channel Adapter
240	0x0642	59	FC939X Fibre Channel Adapter
241	0x0646	59	FC949ES Fibre Channel Adapter
242	0x0701	59	83C885 NT50 DigitalScape Fast Ethernet
243	0x0702	59	Yellowfin G-NIC gigabit ethernet
244	0x0804	59	SA2010
245	0x0805	59	SA2010ZC
246	0x0806	59	SA2020
247	0x0807	59	SA2020ZC
248	0x0901	59	61C102
249	0x1000	59	63C815
250	0x1960	59	MegaRAID
251	0x6001	59	DX1 Multiformat Broadcast HD/SD Encoder/Decoder
252	0x0010	60	PCI 1616 Measurement card with 32 digital I/O lines
253	0x0011	60	OPTO-PCI Opto-Isolated digital I/O board
254	0x0012	60	PCI-AD/DA Analogue I/O board
255	0x0013	60	PCI-OPTO-RELAIS Digital I/O board with relay outputs
256	0x0014	60	PCI-Counter/Timer Counter Timer board
257	0x0015	60	PCI-DAC416 Analogue output board
258	0x0016	60	PCI-MFB Analogue I/O board
259	0x0017	60	PROTO-3 PCI Prototyping board
260	0x9100	60	INI-9100/9100W SCSI Host
261	0x1314	61	Wrestler HDMI Audio [Radeon HD 6250/6310]
262	0x3150	61	M24 1P [Radeon Mobility X600]
263	0x3151	61	M24 [FireMV 2400]
264	0x3152	61	M22 [Radeon Mobility X300]
265	0x3154	61	M24GL [Mobility FireGL V3200]
266	0x3171	61	M24 [FireMV 2400] (Secondary)
267	0x3e50	61	RV380 0x3e50 [Radeon X600]
268	0x3e54	61	RV380 0x3e54 [FireGL V3200]
269	0x3e70	61	RV380 [Radeon X600] (Secondary)
270	0x4136	61	Radeon IGP 320 M
271	0x4137	61	Radeon IGP330/340/350
272	0x4144	61	R300 AD [Radeon 9500 Pro]
273	0x4145	61	R300 AE [Radeon 9700 Pro]
274	0x4146	61	R300 AF [Radeon 9700 Pro]
275	0x4147	61	R300 AG [FireGL Z1/X1]
276	0x4148	61	R350 AH [Radeon 9800]
277	0x4149	61	R350 AI [Radeon 9800]
278	0x414a	61	R350 AJ [Radeon 9800]
279	0x414b	61	R350 AK [FireGL X2]
280	0x4150	61	RV350 AP [Radeon 9600]
281	0x4151	61	RV350 AQ [Radeon 9600]
282	0x4152	61	RV350 AR [Radeon 9600]
283	0x4153	61	RV350 AS [Radeon 9550]
284	0x4154	61	RV350 AT [FireGL T2]
285	0x4155	61	RV350 AU [FireGL T2]
286	0x4156	61	RV350 AV [FireGL T2]
287	0x4157	61	RV350 AW [FireGL T2]
288	0x4158	61	68800AX [Mach32]
289	0x4164	61	R300 AD [Radeon 9500 Pro] (Secondary)
290	0x4165	61	R300 AE [Radeon 9700 Pro] (Secondary)
291	0x4166	61	R300 AF [Radeon 9700 Pro] (Secondary)
292	0x4168	61	Radeon R350 [Radeon 9800] (Secondary)
293	0x4170	61	RV350 AP [Radeon 9600] (Secondary)
294	0x4171	61	RV350 AQ [Radeon 9600] (Secondary)
295	0x4172	61	RV350 AR [Radeon 9600] (Secondary)
296	0x4173	61	RV350 AS [Radeon 9550] (Secondary)
297	0x4237	61	Radeon 7000 IGP
298	0x4242	61	R200 BB [Radeon All in Wonder 8500DV]
299	0x4243	61	R200 BC [Radeon All in Wonder 8500]
300	0x4336	61	Radeon Mobility U1
301	0x4337	61	Radeon IGP 330M/340M/350M
302	0x4341	61	IXP150 AC'97 Audio Controller
303	0x4342	61	IXP200 3COM 3C920B Ethernet Controller
304	0x4345	61	EHCI USB Controller
305	0x4347	61	OHCI USB Controller #1
306	0x4348	61	OHCI USB Controller #2
307	0x4349	61	Dual Channel Bus Master PCI IDE Controller
308	0x434d	61	IXP AC'97 Modem
309	0x4353	61	SMBus
310	0x4354	61	215CT [Mach64 CT]
311	0x4358	61	210888CX [Mach64 CX]
312	0x4361	61	IXP SB300 AC'97 Audio Controller
313	0x4363	61	SMBus
314	0x436e	61	436E Serial ATA Controller
315	0x4370	61	IXP SB400 AC'97 Audio Controller
316	0x4371	61	IXP SB400 PCI-PCI Bridge
317	0x4372	61	IXP SB400 SMBus Controller
318	0x4373	61	IXP SB400 USB2 Host Controller
319	0x4374	61	IXP SB400 USB Host Controller
320	0x4375	61	IXP SB400 USB Host Controller
321	0x4376	61	IXP SB400 IDE Controller
322	0x4377	61	IXP SB400 PCI-ISA Bridge
323	0x4378	61	SB400 AC'97 Modem Controller
324	0x4379	61	IXP SB400 Serial ATA Controller
325	0x437a	61	IXP SB400 Serial ATA Controller
326	0x437b	61	IXP SB4x0 High Definition Audio Controller
327	0x4380	61	SB600 Non-Raid-5 SATA
328	0x4381	61	SB600 Raid-5 SATA
329	0x4382	61	SB600 AC97 Audio
330	0x4383	61	SBx00 Azalia (Intel HDA)
331	0x4384	61	SBx00 PCI to PCI Bridge
332	0x4385	61	SBx00 SMBus Controller
333	0x4386	61	SB600 USB Controller (EHCI)
334	0x4387	61	SB600 USB (OHCI0)
335	0x4388	61	SB600 USB (OHCI1)
336	0x4389	61	SB600 USB (OHCI2)
337	0x438a	61	SB600 USB (OHCI3)
338	0x438b	61	SB600 USB (OHCI4)
339	0x438c	61	SB600 IDE
340	0x438d	61	SB600 PCI to LPC Bridge
341	0x438e	61	SB600 AC97 Modem
342	0x4390	61	SB7x0/SB8x0/SB9x0 SATA Controller [IDE mode]
343	0x4391	61	SB7x0/SB8x0/SB9x0 SATA Controller [AHCI mode]
344	0x4392	61	SB7x0/SB8x0/SB9x0 SATA Controller [Non-RAID5 mode]
345	0x4393	61	SB7x0/SB8x0/SB9x0 SATA Controller [RAID5 mode]
346	0x4394	61	SB7x0/SB8x0/SB9x0 SATA Controller [AHCI mode]
347	0x4395	61	SB8x0/SB9x0 SATA Controller [Storage mode]
348	0x4396	61	SB7x0/SB8x0/SB9x0 USB EHCI Controller
349	0x4397	61	SB7x0/SB8x0/SB9x0 USB OHCI0 Controller
350	0x4398	61	SB7x0 USB OHCI1 Controller
351	0x4399	61	SB7x0/SB8x0/SB9x0 USB OHCI2 Controller
352	0x439c	61	SB7x0/SB8x0/SB9x0 IDE Controller
353	0x439d	61	SB7x0/SB8x0/SB9x0 LPC host controller
354	0x43a0	61	SB700/SB800 PCI to PCI bridge (PCIE port 0)
355	0x43a1	61	SB700/SB800 PCI to PCI bridge (PCIE port 1)
356	0x4437	61	Radeon Mobility 7000 IGP
357	0x4554	61	210888ET [Mach64 ET]
358	0x4654	61	Mach64 VT
359	0x4742	61	3D Rage Pro AGP 1X/2X
360	0x4744	61	3D Rage Pro AGP 1X
361	0x4747	61	3D Rage Pro
362	0x4749	61	3D Rage Pro
363	0x474c	61	Rage XC
364	0x474d	61	Rage XL AGP 2X
365	0x474e	61	Rage XC AGP
366	0x474f	61	Rage XL
367	0x4750	61	3D Rage Pro 215GP
368	0x4751	61	3D Rage Pro 215GQ
369	0x4752	61	Rage XL
370	0x4753	61	Rage XC
371	0x4754	61	3D Rage I/II 215GT [Mach64 GT]
372	0x4755	61	3D Rage II+ 215GTB [Mach64 GTB]
373	0x4756	61	3D Rage IIC 215IIC [Mach64 GT IIC]
374	0x4757	61	3D Rage IIC AGP
375	0x4758	61	210888GX [Mach64 GX]
376	0x4759	61	3D Rage IIC
377	0x475a	61	3D Rage IIC AGP
378	0x4964	61	Radeon RV250 Id [Radeon 9000]
379	0x4965	61	Radeon RV250 Ie [Radeon 9000]
380	0x4966	61	Radeon RV250 If [Radeon 9000]
381	0x4967	61	Radeon RV250 Ig [Radeon 9000]
382	0x496e	61	Radeon RV250 [Radeon 9000] (Secondary)
383	0x4a48	61	R420 JH [Radeon X800]
384	0x4a49	61	R420 JI [Radeon X800PRO]
385	0x4a4a	61	R420 JJ [Radeon X800SE]
386	0x4a4b	61	R420 JK [Radeon X800]
387	0x4a4c	61	R420 JL [Radeon X800]
388	0x4a4d	61	R420 JM [FireGL X3]
389	0x4a4e	61	M18 JN [Radeon Mobility 9800]
390	0x4a4f	61	Radeon X800 SE (R420) (AGP)
391	0x4a50	61	R420 JP [Radeon X800XT]
392	0x4a54	61	R420 [Radeon X800 VE]
393	0x4a69	61	R420 [Radeon X800 PRO/GTO] (Secondary)
394	0x4a6a	61	R420 [Radeon X800] (Secondary)
395	0x4a6b	61	R420 [Radeon X800] (Secondary)
396	0x4a70	61	R420 [X800XT-PE] (Secondary)
397	0x4a74	61	R420 [Radeon X800 VE] (Secondary)
398	0x4b48	61	Radeon X850 Consumer (R481)
399	0x4b49	61	R480 [Radeon X850XT]
400	0x4b4a	61	Radeon X850 SE (R480) (AGP)
401	0x4b4b	61	R480 [Radeon X850Pro]
402	0x4b4c	61	R481 [Radeon X850XT-PE]
403	0x4b69	61	R480 [Radeon X850XT] (Secondary)
404	0x4b6b	61	R480 [Radeon X850Pro] (Secondary)
405	0x4b6c	61	R481 [Radeon X850XT-PE] (Secondary)
406	0x4c42	61	3D Rage LT Pro AGP-133
407	0x4c44	61	3D Rage LT Pro AGP-66
408	0x4c45	61	Rage Mobility M3 AGP
409	0x4c46	61	Rage Mobility M3 AGP 2x
410	0x4c47	61	3D Rage LT-G 215LG
411	0x4c49	61	3D Rage LT Pro
412	0x4c4d	61	Rage Mobility P/M AGP 2x
413	0x4c4e	61	Rage Mobility L AGP 2x
414	0x4c50	61	3D Rage LT Pro
415	0x4c51	61	3D Rage LT Pro
416	0x4c52	61	Rage Mobility P/M
417	0x4c53	61	Rage Mobility L
418	0x4c54	61	264LT [Mach64 LT]
419	0x4c57	61	Radeon Mobility M7 LW [Radeon Mobility 7500]
\.


--
-- Name: devices_id_seq; Type: SEQUENCE SET; Schema: public; Owner: ode
--

SELECT pg_catalog.setval('devices_id_seq', 419, true);


--
-- Data for Name: equipment; Type: TABLE DATA; Schema: public; Owner: ode
--

COPY equipment (id, inventory_id, room_id, responsible_id, domain_name, md5sum, accepted_at, deleted_at, allow_del_at, created_at, updated_at) FROM stdin;
1	44	5	7	stone 9	\N	2013-06-13 06:50:46.696837	\N	\N	2013-06-13 06:50:46.611818	2013-06-13 06:50:46.703689
2	6	4	3	stone 3	\N	2013-06-13 06:50:46.754722	2013-06-13 06:50:46.755096	\N	2013-06-13 06:50:46.731794	2013-06-13 06:50:46.758636
3	37	2	7	mars 10	\N	2013-06-13 06:50:46.804982	\N	\N	2013-06-13 06:50:46.786539	2013-06-13 06:50:46.808547
4	42	6	18	ice 16	\N	\N	\N	\N	2013-06-13 06:50:46.829581	2013-06-13 06:50:46.829581
5	27	3	8	monster 8	\N	2013-06-13 06:50:46.879682	2013-06-13 06:50:46.880061	\N	2013-06-13 06:50:46.861892	2013-06-13 06:50:46.883651
6	48	3	1	fire 23	\N	\N	\N	\N	2013-06-13 06:50:46.911182	2013-06-13 06:50:46.911182
7	15	7	9	lib 21	\N	2013-06-13 06:50:47.02201	2013-06-13 06:50:47.022376	\N	2013-06-13 06:50:46.962782	2013-06-13 06:50:47.025995
8	42	6	15	ice 6	\N	\N	2013-06-13 06:50:47.096524	\N	2013-06-13 06:50:47.066586	2013-06-13 06:50:47.100068
9	26	11	19	ghost 12	\N	2013-06-13 06:50:47.154808	\N	\N	2013-06-13 06:50:47.128823	2013-06-13 06:50:47.158417
10	24	8	7	gorynich 19	\N	2013-06-13 06:50:47.221468	2013-06-13 06:50:47.221832	\N	2013-06-13 06:50:47.195371	2013-06-13 06:50:47.225305
11	30	12	6	monster 5	\N	\N	\N	\N	2013-06-13 06:50:47.245735	2013-06-13 06:50:47.245735
12	12	8	14	mars 14	\N	2013-06-13 06:50:47.313381	2013-06-13 06:50:47.313744	\N	2013-06-13 06:50:47.287825	2013-06-13 06:50:47.317198
13	37	4	20	fire 12	\N	2013-06-13 06:50:47.363281	\N	\N	2013-06-13 06:50:47.34269	2013-06-13 06:50:47.366932
14	19	8	16	gorynich 24	\N	\N	2013-06-13 06:50:47.463503	\N	2013-06-13 06:50:47.406744	2013-06-13 06:50:47.467219
15	23	10	3	gorynich 24	\N	2013-06-13 06:50:47.52991	2013-06-13 06:50:47.530271	\N	2013-06-13 06:50:47.502866	2013-06-13 06:50:47.533823
16	48	12	8	stone 1	\N	2013-06-13 06:50:47.580102	\N	\N	2013-06-13 06:50:47.559241	2013-06-13 06:50:47.583716
17	35	2	4	gorynich 12	\N	\N	\N	\N	2013-06-13 06:50:47.607192	2013-06-13 06:50:47.607192
18	4	11	17	ghost 13	\N	2013-06-13 06:50:47.663253	\N	\N	2013-06-13 06:50:47.643765	2013-06-13 06:50:47.666529
19	32	2	1	monster 4	\N	2013-06-13 06:50:47.73841	2013-06-13 06:50:47.738781	\N	2013-06-13 06:50:47.706778	2013-06-13 06:50:47.742485
20	7	9	1	mars 15	\N	\N	\N	\N	2013-06-13 06:50:47.782459	2013-06-13 06:50:47.782459
21	38	11	4	ice 24	\N	2013-06-13 06:50:47.863442	\N	\N	2013-06-13 06:50:47.839626	2013-06-13 06:50:47.867034
22	34	6	13	gorynich 6	\N	\N	\N	\N	2013-06-13 06:50:47.894678	2013-06-13 06:50:47.894678
23	25	9	4	stone 10	\N	2013-06-13 06:50:47.955081	2013-06-13 06:50:47.955442	\N	2013-06-13 06:50:47.933044	2013-06-13 06:50:47.958904
24	42	11	1	lib 8	\N	2013-06-13 06:50:47.996823	\N	\N	2013-06-13 06:50:47.979472	2013-06-13 06:50:48.000415
25	23	5	9	monster 19	\N	\N	2013-06-13 06:50:48.071803	\N	2013-06-13 06:50:48.04229	2013-06-13 06:50:48.075447
26	38	4	5	gorynich 21	\N	2013-06-13 06:50:48.146843	\N	\N	2013-06-13 06:50:48.11562	2013-06-13 06:50:48.150622
27	12	6	20	mars 16	\N	\N	\N	\N	2013-06-13 06:50:48.174267	2013-06-13 06:50:48.174267
28	43	1	7	gorynich 4	\N	\N	2013-06-13 06:50:48.238622	\N	2013-06-13 06:50:48.214799	2013-06-13 06:50:48.242234
29	41	5	13	ice 11	\N	\N	\N	\N	2013-06-13 06:50:48.335014	2013-06-13 06:50:48.335014
30	41	1	7	ghost 4	\N	2013-06-13 06:50:48.405248	2013-06-13 06:50:48.405617	\N	2013-06-13 06:50:48.385201	2013-06-13 06:50:48.409056
31	24	12	8	ice 3	\N	\N	2013-06-13 06:50:48.463614	\N	2013-06-13 06:50:48.441516	2013-06-13 06:50:48.467175
32	47	10	8	ghost 5	\N	2013-06-13 06:50:48.538695	\N	\N	2013-06-13 06:50:48.508072	2013-06-13 06:50:48.542438
33	42	12	19	ghost 17	\N	\N	2013-06-13 06:50:48.613654	\N	2013-06-13 06:50:48.582758	2013-06-13 06:50:48.617281
34	22	12	5	gorynich 6	\N	\N	2013-06-13 06:50:48.672107	\N	2013-06-13 06:50:48.648097	2013-06-13 06:50:48.675771
35	14	5	7	monster 21	\N	\N	2013-06-13 06:50:48.730444	\N	2013-06-13 06:50:48.704878	2013-06-13 06:50:48.734141
36	11	2	18	mars 6	\N	\N	\N	\N	2013-06-13 06:50:48.755048	2013-06-13 06:50:48.755048
38	45	12	16	monster 19	\N	2013-06-13 06:50:48.872103	2013-06-13 06:50:48.872528	\N	2013-06-13 06:50:48.847309	2013-06-13 06:50:48.875985
39	45	3	2	stone 2	\N	\N	\N	\N	2013-06-13 06:50:48.913479	2013-06-13 06:50:48.913479
40	13	8	3	ghost 24	\N	\N	\N	\N	2013-06-13 06:50:48.970449	2013-06-13 06:50:48.970449
41	13	2	19	mars 22	\N	2013-06-13 06:50:49.047138	2013-06-13 06:50:49.04751	\N	2013-06-13 06:50:49.022343	2013-06-13 06:50:49.050961
42	43	1	12	stone 5	\N	2013-06-13 06:50:49.088747	\N	\N	2013-06-13 06:50:49.071663	2013-06-13 06:50:49.092356
43	41	3	4	mars 18	\N	\N	2013-06-13 06:50:49.180567	\N	2013-06-13 06:50:49.123528	2013-06-13 06:50:49.184268
44	1	4	17	ghost 7	\N	2013-06-13 06:50:49.231123	2013-06-13 06:50:49.23149	\N	2013-06-13 06:50:49.212388	2013-06-13 06:50:49.235093
45	37	4	15	fire 16	\N	\N	2013-06-13 06:50:49.297266	\N	2013-06-13 06:50:49.268151	2013-06-13 06:50:49.300959
46	27	4	1	gorynich 5	\N	\N	2013-06-13 06:50:49.355728	\N	2013-06-13 06:50:49.329313	2013-06-13 06:50:49.359372
47	34	1	16	stone 10	\N	2013-06-13 09:57:04.291683	\N	\N	2013-06-13 06:50:49.392181	2013-06-13 09:57:04.295802
48	34	8	8	ice 6	\N	\N	2013-06-13 06:50:49.47239	\N	2013-06-13 06:50:49.448414	2013-06-13 06:50:49.475945
49	42	3	17	ghost 7	\N	2013-06-13 06:50:49.547393	2013-06-13 06:50:49.547813	\N	2013-06-13 06:50:49.515609	2013-06-13 06:50:49.551334
50	37	2	3	stone 15	\N	\N	\N	\N	2013-06-13 06:50:49.589435	2013-06-13 06:50:49.589435
51	31	9	13	fire 4	\N	2013-06-13 06:50:49.664251	2013-06-13 06:50:49.664613	\N	2013-06-13 06:50:49.640204	2013-06-13 06:50:49.667995
52	17	6	13	monster 13	\N	\N	\N	\N	2013-06-13 06:50:49.701021	2013-06-13 06:50:49.701021
53	22	6	7	monster 23	\N	\N	\N	\N	2013-06-13 06:50:49.747347	2013-06-13 06:50:49.747347
54	30	12	3	ghost 13	\N	2013-06-13 06:50:49.805874	2013-06-13 06:50:49.806233	\N	2013-06-13 06:50:49.784519	2013-06-13 06:50:49.80973
55	46	3	9	fire 4	\N	\N	\N	\N	2013-06-13 06:50:49.830058	2013-06-13 06:50:49.830058
56	27	10	5	lib 19	\N	2013-06-13 06:50:49.897523	\N	\N	2013-06-13 06:50:49.870094	2013-06-13 06:50:49.90123
57	37	2	6	stone 5	\N	2013-06-13 06:50:49.964224	2013-06-13 06:50:49.964603	\N	2013-06-13 06:50:49.934395	2013-06-13 06:50:49.967997
60	28	10	16	lib 23	\N	2013-06-13 09:57:11.022752	\N	\N	2013-06-13 06:50:50.135101	2013-06-13 09:57:11.026912
59	45	9	9	ghost 24	\N	\N	\N	\N	2013-06-13 06:50:50.090926	2013-06-13 06:50:50.090926
58	5	4	16	lib 3	\N	2013-06-13 06:50:50.055983	\N	\N	2013-06-13 06:50:50.032277	2013-06-13 09:56:55.838171
61	44	1	19	lib 1	\N	\N	2013-06-13 06:50:50.197531	\N	2013-06-13 06:50:50.18008	2013-06-13 06:50:50.201259
62	37	9	5	mars 20	\N	\N	2013-06-13 06:50:50.281069	\N	2013-06-13 06:50:50.245584	2013-06-13 06:50:50.28483
63	36	10	3	stone 3	\N	2013-06-13 06:50:50.35602	2013-06-13 06:50:50.356437	\N	2013-06-13 06:50:50.324964	2013-06-13 06:50:50.359965
64	47	5	9	lib 19	\N	2013-06-13 06:50:50.414403	2013-06-13 06:50:50.414805	\N	2013-06-13 06:50:50.390408	2013-06-13 06:50:50.418418
65	42	11	12	lib 3	\N	2013-06-13 06:50:50.489447	2013-06-13 06:50:50.489818	\N	2013-06-13 06:50:50.457695	2013-06-13 06:50:50.493448
66	32	6	2	ice 17	\N	2013-06-13 06:50:50.56457	2013-06-13 06:50:50.564939	\N	2013-06-13 06:50:50.535831	2013-06-13 06:50:50.568472
67	45	12	4	ice 14	\N	2013-06-13 06:50:50.614427	2013-06-13 06:50:50.614792	\N	2013-06-13 06:50:50.595775	2013-06-13 06:50:50.61828
68	6	4	19	fire 20	\N	\N	\N	\N	2013-06-13 06:50:50.649231	2013-06-13 06:50:50.649231
69	31	9	15	monster 21	\N	\N	2013-06-13 06:50:50.739604	\N	2013-06-13 06:50:50.709001	2013-06-13 06:50:50.743353
70	11	12	13	lib 10	\N	\N	2013-06-13 06:50:50.789518	\N	2013-06-13 06:50:50.769006	2013-06-13 06:50:50.793126
71	21	11	7	lib 22	\N	2013-06-13 06:50:50.864664	\N	\N	2013-06-13 06:50:50.833538	2013-06-13 06:50:50.868391
72	29	12	4	ice 17	\N	\N	2013-06-13 06:50:50.939645	\N	2013-06-13 06:50:50.919666	2013-06-13 06:50:50.943391
73	32	11	6	ghost 14	\N	\N	\N	\N	2013-06-13 06:50:50.977911	2013-06-13 06:50:50.977911
74	37	10	18	ghost 10	\N	2013-06-13 06:50:51.056271	\N	\N	2013-06-13 06:50:51.028134	2013-06-13 06:50:51.059875
75	31	8	16	monster 8	\N	2013-06-13 06:50:51.09798	\N	\N	2013-06-13 06:50:51.080826	2013-06-13 06:50:51.101678
76	33	5	1	stone 19	\N	2013-06-13 06:50:51.156826	\N	\N	2013-06-13 06:50:51.134881	2013-06-13 06:50:51.160448
77	28	4	6	ice 18	\N	2013-06-13 06:50:51.198049	2013-06-13 06:50:51.198409	\N	2013-06-13 06:50:51.180964	2013-06-13 06:50:51.201861
78	7	8	9	ice 15	\N	\N	2013-06-13 06:50:51.256421	\N	2013-06-13 06:50:51.233584	2013-06-13 06:50:51.259945
79	30	1	14	gorynich 21	\N	\N	2013-06-13 06:50:51.33149	\N	2013-06-13 06:50:51.30347	2013-06-13 06:50:51.33518
80	23	10	17	monster 4	\N	2013-06-13 06:50:51.373591	\N	\N	2013-06-13 06:50:51.358078	2013-06-13 06:50:51.377332
81	20	1	3	lib 4	\N	2013-06-13 06:50:51.448154	2013-06-13 06:50:51.448551	\N	2013-06-13 06:50:51.416517	2013-06-13 06:50:51.451999
82	49	4	18	gorynich 2	\N	2013-06-13 06:50:51.506568	2013-06-13 06:50:51.506936	\N	2013-06-13 06:50:51.48154	2013-06-13 06:50:51.510455
83	41	11	14	mars 4	\N	\N	\N	\N	2013-06-13 06:50:51.531138	2013-06-13 06:50:51.531138
84	45	3	20	gorynich 13	\N	\N	\N	\N	2013-06-13 06:50:51.578171	2013-06-13 06:50:51.578171
85	4	12	12	fire 21	\N	\N	2013-06-13 06:50:51.673322	\N	2013-06-13 06:50:51.631008	2013-06-13 06:50:51.676998
86	30	12	9	fire 10	\N	2013-06-13 06:50:51.78149	\N	\N	2013-06-13 06:50:51.714508	2013-06-13 06:50:51.783704
87	15	8	1	ice 19	\N	2013-06-13 06:50:51.856664	2013-06-13 06:50:51.857038	\N	2013-06-13 06:50:51.826184	2013-06-13 06:50:51.860567
88	29	10	1	gorynich 10	\N	\N	2013-06-13 06:50:51.923386	\N	2013-06-13 06:50:51.898123	2013-06-13 06:50:51.926992
89	36	5	11	gorynich 11	\N	2013-06-13 06:50:52.131875	\N	\N	2013-06-13 06:50:52.103097	2013-06-13 06:50:52.135483
90	33	10	13	ice 8	\N	\N	\N	\N	2013-06-13 06:50:52.176239	2013-06-13 06:50:52.176239
91	3	6	9	gorynich 7	\N	\N	2013-06-13 06:50:52.240184	\N	2013-06-13 06:50:52.222902	2013-06-13 06:50:52.243889
92	43	7	1	lib 1	\N	\N	\N	\N	2013-06-13 06:50:52.28215	2013-06-13 06:50:52.28215
93	15	9	3	fire 3	\N	2013-06-13 06:50:52.348554	\N	\N	2013-06-13 06:50:52.327566	2013-06-13 06:50:52.352308
94	5	11	8	gorynich 22	\N	2013-06-13 06:50:52.39896	\N	\N	2013-06-13 06:50:52.380562	2013-06-13 06:50:52.402535
95	25	2	3	monster 14	\N	2013-06-13 06:50:52.473606	\N	\N	2013-06-13 06:50:52.445056	2013-06-13 06:50:52.477277
96	31	12	17	stone 18	\N	2013-06-13 06:50:52.565334	2013-06-13 06:50:52.565706	\N	2013-06-13 06:50:52.519835	2013-06-13 06:50:52.569299
97	16	8	4	stone 4	\N	\N	2013-06-13 06:50:52.607149	\N	2013-06-13 06:50:52.591687	2013-06-13 06:50:52.610691
98	22	7	19	fire 23	\N	2013-06-13 06:50:52.665331	\N	\N	2013-06-13 06:50:52.642209	2013-06-13 06:50:52.668937
100	39	1	3	stone 15	\N	2013-06-13 06:50:52.840576	2013-06-13 06:50:52.840941	\N	2013-06-13 06:50:52.815663	2013-06-13 06:50:52.844439
101	11	7	2	mars 13	\N	2013-06-13 06:50:52.890506	\N	\N	2013-06-13 06:50:52.870037	2013-06-13 06:50:52.894158
102	16	7	8	ice 10	\N	2013-06-13 06:50:52.957107	2013-06-13 06:50:52.957468	\N	2013-06-13 06:50:52.929729	2013-06-13 06:50:52.96103
103	50	3	13	gorynich 24	\N	\N	\N	\N	2013-06-13 06:50:52.981892	2013-06-13 06:50:52.981892
105	30	3	16	stone 18	\N	2013-06-13 06:50:53.132313	\N	\N	2013-06-13 06:50:53.109979	2013-06-13 06:50:53.136028
106	34	8	13	fire 7	\N	2013-06-13 06:50:53.18228	\N	\N	2013-06-13 06:50:53.161372	2013-06-13 06:50:53.185943
107	3	10	18	ice 16	\N	\N	2013-06-13 06:50:53.240485	\N	2013-06-13 06:50:53.219255	2013-06-13 06:50:53.244116
108	25	2	4	ghost 22	\N	2013-06-13 06:50:53.323973	2013-06-13 06:50:53.324342	\N	2013-06-13 06:50:53.301971	2013-06-13 06:50:53.32782
109	50	10	18	gorynich 7	\N	\N	2013-06-13 06:50:53.398947	\N	2013-06-13 06:50:53.369631	2013-06-13 06:50:53.402672
110	46	8	14	lib 11	\N	2013-06-13 06:50:53.440655	2013-06-13 06:50:53.441017	\N	2013-06-13 06:50:53.423785	2013-06-13 06:50:53.444445
111	38	1	5	ghost 21	\N	2013-06-13 06:50:53.515742	\N	\N	2013-06-13 06:50:53.487411	2013-06-13 06:50:53.519402
112	26	4	18	fire 1	\N	2013-06-13 06:50:53.557373	\N	\N	2013-06-13 06:50:53.540423	2013-06-13 06:50:53.56106
113	15	2	8	ghost 21	\N	2013-06-13 06:50:53.624049	2013-06-13 06:50:53.624447	\N	2013-06-13 06:50:53.597457	2013-06-13 06:50:53.62788
114	44	5	16	ice 21	\N	\N	\N	\N	2013-06-13 06:50:53.69097	2013-06-13 06:50:53.69097
115	36	7	8	gorynich 10	\N	\N	\N	\N	2013-06-13 06:50:53.728864	2013-06-13 06:50:53.728864
116	29	1	4	mars 15	\N	\N	\N	\N	2013-06-13 06:50:53.780544	2013-06-13 06:50:53.780544
118	36	8	18	ghost 9	\N	\N	\N	\N	2013-06-13 06:50:53.89134	2013-06-13 06:50:53.89134
120	37	7	12	fire 13	\N	2013-06-13 06:50:54.057562	2013-06-13 06:50:54.057928	\N	2013-06-13 06:50:54.030494	2013-06-13 06:50:54.061453
121	8	4	12	ghost 17	\N	2013-06-13 06:50:54.115924	2013-06-13 06:50:54.11633	\N	2013-06-13 06:50:54.095322	2013-06-13 06:50:54.119765
122	1	4	13	ghost 24	\N	2013-06-13 06:50:54.165866	\N	\N	2013-06-13 06:50:54.145822	2013-06-13 06:50:54.169383
123	20	11	12	lib 10	\N	2013-06-13 06:50:54.240923	\N	\N	2013-06-13 06:50:54.212592	2013-06-13 06:50:54.244649
124	29	8	7	gorynich 5	\N	\N	\N	\N	2013-06-13 06:50:54.273488	2013-06-13 06:50:54.273488
125	35	7	9	fire 7	\N	\N	\N	\N	2013-06-13 06:50:54.327105	2013-06-13 06:50:54.327105
126	6	12	15	fire 21	\N	\N	\N	\N	2013-06-13 06:50:54.386007	2013-06-13 06:50:54.386007
127	12	12	16	lib 24	\N	2013-06-13 06:50:54.474369	\N	\N	2013-06-13 06:50:54.44727	2013-06-13 06:50:54.478058
128	46	12	3	stone 14	\N	\N	\N	\N	2013-06-13 06:50:54.562393	2013-06-13 06:50:54.562393
129	18	3	18	fire 20	\N	\N	2013-06-13 06:50:54.632813	\N	2013-06-13 06:50:54.605803	2013-06-13 06:50:54.636671
130	19	1	9	monster 6	\N	2013-06-13 06:50:54.707841	2013-06-13 06:50:54.708205	\N	2013-06-13 06:50:54.67857	2013-06-13 06:50:54.711759
131	34	2	18	gorynich 1	\N	\N	2013-06-13 06:50:54.782832	\N	2013-06-13 06:50:54.752096	2013-06-13 06:50:54.786588
132	41	3	7	ghost 4	\N	\N	2013-06-13 06:50:54.832862	\N	2013-06-13 06:50:54.812829	2013-06-13 06:50:54.836544
133	48	12	7	gorynich 3	\N	\N	\N	\N	2013-06-13 06:50:54.860409	2013-06-13 06:50:54.860409
134	29	4	13	mars 23	\N	\N	2013-06-13 06:50:54.949618	\N	2013-06-13 06:50:54.915966	2013-06-13 06:50:54.953279
135	24	11	18	ghost 4	\N	\N	\N	\N	2013-06-13 06:50:54.991525	2013-06-13 06:50:54.991525
136	6	2	13	mars 14	\N	2013-06-13 06:50:55.074685	\N	\N	2013-06-13 06:50:55.046053	2013-06-13 06:50:55.078442
137	15	9	15	fire 17	\N	\N	2013-06-13 06:50:55.124653	\N	2013-06-13 06:50:55.105485	2013-06-13 06:50:55.128163
139	27	6	8	monster 14	\N	2013-06-13 06:50:55.224664	\N	\N	2013-06-13 06:50:55.204084	2013-06-13 06:50:55.228195
140	14	8	2	lib 10	\N	\N	2013-06-13 06:50:55.29973	\N	2013-06-13 06:50:55.268521	2013-06-13 06:50:55.303402
141	39	3	10	gorynich 5	\N	2013-06-13 06:50:55.349676	\N	\N	2013-06-13 06:50:55.329427	2013-06-13 06:50:55.353262
142	44	7	6	ice 12	\N	\N	\N	\N	2013-06-13 06:50:55.382007	2013-06-13 06:50:55.382007
143	14	10	4	mars 23	\N	\N	2013-06-13 06:50:55.466648	\N	2013-06-13 06:50:55.448972	2013-06-13 06:50:55.470265
144	33	11	20	lib 15	\N	\N	\N	\N	2013-06-13 06:50:55.51024	2013-06-13 06:50:55.51024
145	15	9	6	fire 14	\N	2013-06-13 06:50:55.591529	\N	\N	2013-06-13 06:50:55.565091	2013-06-13 06:50:55.59514
146	25	9	12	monster 21	\N	2013-06-13 06:50:55.649908	\N	\N	2013-06-13 06:50:55.625521	2013-06-13 06:50:55.653665
147	21	2	2	ice 24	\N	\N	\N	\N	2013-06-13 06:50:55.686702	2013-06-13 06:50:55.686702
148	15	7	20	stone 5	\N	2013-06-13 06:50:55.774984	2013-06-13 06:50:55.775361	\N	2013-06-13 06:50:55.747307	2013-06-13 06:50:55.778888
149	13	1	3	monster 11	\N	2013-06-13 06:50:55.833134	2013-06-13 06:50:55.833363	\N	2013-06-13 06:50:55.810009	2013-06-13 06:50:55.83546
150	13	11	19	ice 2	\N	2013-06-13 06:50:55.875001	2013-06-13 06:50:55.875329	\N	2013-06-13 06:50:55.856525	2013-06-13 06:50:55.878678
104	32	7	18	ghost 20	\N	2013-06-13 07:22:32.781314	2013-06-13 06:50:53.065764	\N	2013-06-13 06:50:53.032548	2013-06-13 07:22:32.801595
119	15	4	16	monster 23	\N	2013-06-13 06:50:53.990886	\N	\N	2013-06-13 06:50:53.958083	2013-06-13 09:56:43.40688
117	31	8	16	monster 19	\N	2013-06-13 06:50:53.849216	\N	\N	2013-06-13 06:50:53.825065	2013-06-13 09:56:46.613629
138	26	8	1	fire 23	\N	\N	2013-06-13 10:15:09.296759	\N	2013-06-13 06:50:55.154869	2013-06-13 10:15:09.32092
37	13	8	20	fire 12	\N	\N	2013-06-13 10:15:23.320817	\N	2013-06-13 06:50:48.785131	2013-06-13 10:15:23.32376
99	7	6	16	lib 1	\N	2013-06-13 10:19:17.748019	\N	\N	2013-06-13 06:50:52.711454	2013-06-13 10:19:17.751722
\.


--
-- Name: equipment_id_seq; Type: SEQUENCE SET; Schema: public; Owner: ode
--

SELECT pg_catalog.setval('equipment_id_seq', 150, true);


--
-- Data for Name: inventories; Type: TABLE DATA; Schema: public; Owner: ode
--

COPY inventories (id, inv_num, act_num, act_type_id, accept_date, body, created_at, updated_at) FROM stdin;
1	1	77625310	10	2013-06-13	\N	2013-06-13 06:50:14.104154	2013-06-13 06:50:14.104154
2	2	83702299	5	2013-06-13	\N	2013-06-13 06:50:14.176893	2013-06-13 06:50:14.176893
3	3	56255392	4	2013-06-13	\N	2013-06-13 06:50:14.202271	2013-06-13 06:50:14.202271
4	4	36774601	7	2013-06-13	\N	2013-06-13 06:50:14.226208	2013-06-13 06:50:14.226208
5	5	34397035	4	2013-06-13	\N	2013-06-13 06:50:14.251471	2013-06-13 06:50:14.251471
6	6	66255375	2	2013-06-13	\N	2013-06-13 06:50:14.277178	2013-06-13 06:50:14.277178
7	7	76500795	3	2013-06-13	\N	2013-06-13 06:50:14.302269	2013-06-13 06:50:14.302269
8	8	8317688	12	2013-06-13	\N	2013-06-13 06:50:14.326801	2013-06-13 06:50:14.326801
9	9	82574081	7	2013-06-13	\N	2013-06-13 06:50:14.35166	2013-06-13 06:50:14.35166
10	10	2178259	2	2013-06-13	\N	2013-06-13 06:50:14.399316	2013-06-13 06:50:14.399316
11	11	17374738	7	2013-06-13	\N	2013-06-13 06:50:14.425993	2013-06-13 06:50:14.425993
12	12	46415598	8	2013-06-13	\N	2013-06-13 06:50:14.450801	2013-06-13 06:50:14.450801
13	13	50845386	7	2013-06-13	\N	2013-06-13 06:50:14.475737	2013-06-13 06:50:14.475737
14	14	46450983	2	2013-06-13	\N	2013-06-13 06:50:14.500704	2013-06-13 06:50:14.500704
15	15	19752287	5	2013-06-13	\N	2013-06-13 06:50:14.526792	2013-06-13 06:50:14.526792
16	16	80826322	8	2013-06-13	\N	2013-06-13 06:50:14.552057	2013-06-13 06:50:14.552057
18	18	89353276	6	2013-06-13	\N	2013-06-13 06:50:14.600731	2013-06-13 06:50:14.600731
19	19	85123183	14	2013-06-13	\N	2013-06-13 06:50:14.626134	2013-06-13 06:50:14.626134
20	20	47673488	2	2013-06-13	\N	2013-06-13 06:50:14.651062	2013-06-13 06:50:14.651062
21	21	27692999	6	2013-06-13	\N	2013-06-13 06:50:14.676507	2013-06-13 06:50:14.676507
22	22	87835790	3	2013-06-13	\N	2013-06-13 06:50:14.701827	2013-06-13 06:50:14.701827
23	23	76480089	5	2013-06-13	\N	2013-06-13 06:50:14.726521	2013-06-13 06:50:14.726521
24	24	61836717	5	2013-06-13	\N	2013-06-13 06:50:14.750971	2013-06-13 06:50:14.750971
25	25	35180485	10	2013-06-13	\N	2013-06-13 06:50:14.775924	2013-06-13 06:50:14.775924
26	26	58341387	2	2013-06-13	\N	2013-06-13 06:50:14.801489	2013-06-13 06:50:14.801489
27	27	28228138	12	2013-06-13	\N	2013-06-13 06:50:14.826337	2013-06-13 06:50:14.826337
28	28	36564532	8	2013-06-13	\N	2013-06-13 06:50:14.851433	2013-06-13 06:50:14.851433
29	29	53945943	11	2013-06-13	\N	2013-06-13 06:50:14.877989	2013-06-13 06:50:14.877989
30	30	37476967	12	2013-06-13	\N	2013-06-13 06:50:14.901068	2013-06-13 06:50:14.901068
31	31	68107543	9	2013-06-13	\N	2013-06-13 06:50:14.926008	2013-06-13 06:50:14.926008
32	32	70668068	10	2013-06-13	\N	2013-06-13 06:50:14.95158	2013-06-13 06:50:14.95158
33	33	83853477	7	2013-06-13	\N	2013-06-13 06:50:15.000928	2013-06-13 06:50:15.000928
34	34	89411244	13	2013-06-13	\N	2013-06-13 06:50:15.026056	2013-06-13 06:50:15.026056
35	35	75223830	6	2013-06-13	\N	2013-06-13 06:50:15.051191	2013-06-13 06:50:15.051191
36	36	56852247	2	2013-06-13	\N	2013-06-13 06:50:15.076425	2013-06-13 06:50:15.076425
37	37	54956244	11	2013-06-13	\N	2013-06-13 06:50:15.101923	2013-06-13 06:50:15.101923
38	38	43403508	7	2013-06-13	\N	2013-06-13 06:50:15.125546	2013-06-13 06:50:15.125546
39	39	3404709	8	2013-06-13	\N	2013-06-13 06:50:15.150801	2013-06-13 06:50:15.150801
40	40	56914176	2	2013-06-13	\N	2013-06-13 06:50:15.175877	2013-06-13 06:50:15.175877
41	41	73624610	6	2013-06-13	\N	2013-06-13 06:50:15.200992	2013-06-13 06:50:15.200992
42	42	48122646	2	2013-06-13	\N	2013-06-13 06:50:15.227048	2013-06-13 06:50:15.227048
43	43	71719464	6	2013-06-13	\N	2013-06-13 06:50:15.251834	2013-06-13 06:50:15.251834
44	44	49363960	7	2013-06-13	\N	2013-06-13 06:50:15.275899	2013-06-13 06:50:15.275899
45	45	18680974	7	2013-06-13	\N	2013-06-13 06:50:15.301124	2013-06-13 06:50:15.301124
46	46	4287627	10	2013-06-13	\N	2013-06-13 06:50:15.325967	2013-06-13 06:50:15.325967
47	47	51964417	5	2013-06-13	\N	2013-06-13 06:50:15.351482	2013-06-13 06:50:15.351482
48	48	87469570	1	2013-06-13	\N	2013-06-13 06:50:15.376399	2013-06-13 06:50:15.376399
49	49	41985197	3	2013-06-13	\N	2013-06-13 06:50:15.40091	2013-06-13 06:50:15.40091
50	50	57447850	9	2013-06-13	\N	2013-06-13 06:50:15.426189	2013-06-13 06:50:15.426189
17	17	11805869	3	2013-06-13	235365467	2013-06-13 06:50:14.575843	2013-06-13 11:50:40.525488
\.


--
-- Name: inventories_id_seq; Type: SEQUENCE SET; Schema: public; Owner: ode
--

SELECT pg_catalog.setval('inventories_id_seq', 50, true);


--
-- Data for Name: rooms; Type: TABLE DATA; Schema: public; Owner: ode
--

COPY rooms (id, name) FROM stdin;
1	2204
2	2204a
3	2205
4	2216
5	2217
6	1201
7	1202
8	1209
9	1211
10	1217
11	1310
12	1317
\.


--
-- Name: rooms_id_seq; Type: SEQUENCE SET; Schema: public; Owner: ode
--

SELECT pg_catalog.setval('rooms_id_seq', 12, true);


--
-- Data for Name: schema_migrations; Type: TABLE DATA; Schema: public; Owner: ode
--

COPY schema_migrations (version) FROM stdin;
20130220070745
20130220070746
20130221072046
20130221072648
20130221073629
20130221074937
20130221075259
20130221084735
20130221091924
20130310111102
20130310134618
20130319135331
20130408103847
\.


--
-- Data for Name: subsystems; Type: TABLE DATA; Schema: public; Owner: ode
--

COPY subsystems (id, device_id, subvendor_hex, subdevice_hex, name) FROM stdin;
1	2	0x001c	0x0004	2 Channel CAN Bus SJC1000
2	2	0x001c	0x0005	2 Channel CAN Bus SJC1000 (Optically Isolated)
3	72	0x0e11	0x4091	Smart Array 6i
4	72	0x0e11	0x409a	Smart Array 641
5	72	0x0e11	0x409b	Smart Array 642
6	72	0x0e11	0x409c	Smart Array 6400
7	72	0x0e11	0x409d	Smart Array 6400 EM
8	113	0x8086	0x002a	PCI Hotplug Controller A
9	113	0x8086	0x002b	PCI Hotplug Controller B
10	116	0x0e11	0x4030	Smart-2/P Array Controller
11	116	0x0e11	0x4031	Smart-2SL Array Controller
12	116	0x0e11	0x4032	Smart Array 3200 Controller
13	116	0x0e11	0x4033	Smart Array 3100ES Controller
14	116	0x0e11	0x4034	Smart Array 221 Controller
15	152	0x0e11	0x4080	Smart Array 5i
16	152	0x0e11	0x4082	Smart Array 532
17	152	0x0e11	0x4083	Smart Array 5312
18	161	0x1000	0x1000	LSI53C810AE PCI to SCSI I/O Processor
19	163	0x1000	0x1000	LSI53C825AE PCI to SCSI I/O Processor (Ultra Wide)
20	166	0x1000	0x1000	LSI53C860E PCI to Ultra SCSI I/O Processor
21	167	0x0e11	0xb143	Integrated Dual Channel Wide Ultra2 SCSI Controller
22	167	0x1000	0x1000	LSI53C1510 PCI to Dual Channel Wide Ultra2 SCSI Controller (Nonintelligent mode)
23	168	0x0e11	0x6004	EOB003 Series SCSI host adapter
24	168	0x1000	0x1000	LSI53C896/7 PCI to Dual Channel Ultra2 SCSI Multifunction Controller
25	168	0x1000	0x1010	LSI22910 PCI to Dual Channel Ultra2 SCSI host adapter
26	168	0x1000	0x1020	LSI21002 PCI to Dual Channel Ultra2 SCSI host adapter
27	168	0x13e9	0x1000	6221L-4U (Dual U2W SCSI, dual 10/100TX, graphics)
28	169	0x1000	0x1010	LSI8951U PCI to Ultra2 SCSI host adapter
29	169	0x1000	0x1020	LSI8952U PCI to Ultra2 SCSI host adapter
30	169	0x1de1	0x3906	DC-390U2B SCSI adapter
31	169	0x1de1	0x3907	DC-390U2W
32	171	0x0e11	0x7004	Embedded Ultra Wide SCSI Controller
33	171	0x1000	0x1000	LSI53C876/E PCI to Dual Channel SCSI Controller
34	171	0x1000	0x1010	LSI22801 PCI to Dual Channel Ultra SCSI host adapter
35	171	0x1000	0x1020	LSI22802 PCI to Dual Channel Ultra SCSI host adapter
36	171	0x1092	0x8760	FirePort 40 Dual SCSI Controller
37	171	0x1775	0x10d0	V5D Single Board Computer Wide Ultra SCSI
38	171	0x1775	0x10d1	V5D Single Board Computer Ultra SCSI
39	171	0x1de1	0x3904	DC390F/U Ultra Wide SCSI Adapter
40	171	0x4c53	0x1000	CC7/CR7/CP7/VC7/VP7/VR7 mainboard
41	171	0x4c53	0x1050	CT7 mainboard
42	172	0x0e11	0x4040	Integrated Smart Array Controller
43	172	0x0e11	0x4048	RAID LC2 Controller
44	172	0x1000	0x1000	53C1510 PCI to Dual Channel Wide Ultra2 SCSI Controller (Intelligent mode)
45	173	0x1000	0x1000	LSI53C895A PCI to Ultra2 SCSI Controller
46	174	0x1000	0x1000	LSI53C875A PCI to Ultra SCSI Controller
47	175	0x1000	0x1000	LSI53C1010-33 PCI to Dual Channel Ultra160 SCSI Controller
48	175	0x107b	0x1040	Server Onboard 53C1010-33
49	175	0x1de1	0x1020	DC-390U3W
50	176	0x1000	0x1000	LSI53C1000/1000R/1010R/1010-66 PCI to Ultra160 SCSI Controller
51	176	0x1000	0x1010	Asus TR-DLS onboard 53C1010-66
52	176	0x103c	0x1300	Ultra160 SCSI [AB306A]
53	176	0x103c	0x1310	Ultra160 SCSI [A9918A]
54	176	0x103c	0x1330	Ultra160 SCSI [A7059A]
55	176	0x103c	0x1340	Ultra160 SCSI [A7060A]
56	176	0x124b	0x1070	PMC-USCSI3
57	176	0x4c53	0x1080	CT8 mainboard
58	176	0x4c53	0x1300	P017 mezzanine (32-bit PMC)
59	176	0x4c53	0x1310	P017 mezzanine (64-bit PMC)
60	177	0x0e11	0x00da	ProLiant ML 350
61	177	0x1028	0x0123	LSI Logic 1020/1030
62	177	0x1028	0x014a	LSI Logic 1020/1030
63	177	0x1028	0x016c	PowerEdge 1850 MPT Fusion SCSI/RAID (Perc 4)
64	177	0x1028	0x0183	LSI Logic 1020/1030
65	177	0x1028	0x018a	PERC 4/IM
66	177	0x1028	0x1010	LSI U320 SCSI Controller
67	177	0x103c	0x12c5	Ultra320 SCSI [A7173A]
68	177	0x103c	0x1323	Core I/O LAN/SCSI Combo [AB314A]
69	177	0x103c	0x3108	Single Channel Ultra320 SCSI HBA G2
70	177	0x124b	0x1170	PMC-USCSI320
71	177	0x15ad	0x1976	LSI Logic Parallel SCSI Controller
72	177	0x1734	0x1052	PRIMERGY BX/RX/TX S2 series onboard SCSI(IME)
73	179	0x1000	0x1000	LSI53C1020/1030 PCI-X to Ultra320 SCSI Controller
74	181	0x1000	0x0033	MegaRAID SCSI 320-2XR
75	181	0x1000	0x0066	MegaRAID SCSI 320-2XRWS
76	183	0x1028	0x1f04	SAS 5/E
77	183	0x1028	0x1f09	SAS 5i/R
78	184	0x1028	0x1f04	SAS 5/E Adapter Controller
79	184	0x1028	0x1f05	SAS 5/i Adapter Controller
80	184	0x1028	0x1f06	SAS 5/i Integrated Controller
81	184	0x1028	0x1f07	SAS 5/iR Integrated RAID Controller
82	184	0x1028	0x1f08	SAS 5/iR Integrated RAID Controller
83	184	0x1028	0x1f09	SAS 5/iR Adapter RAID Controller
84	184	0x15ad	0x1976	SAS Controller
85	185	0x1033	0x8336	SAS1068
86	186	0x1014	0x03bb	ServeRAID BR10il SAS/SATA Controller v2
87	187	0x8086	0x346c	Embedded Software RAID Technology II (ESTRII)
88	188	0x1000	0x3140	SAS3081E-R 8-Port SAS/SATA Host Bus Adapter
89	188	0x1028	0x021d	SAS 6/iR Integrated Workstations RAID Controller
90	188	0x1028	0x1f0e	SAS 6/iR Adapter RAID Controller
91	188	0x1028	0x1f0f	SAS 6/iR Integrated Blades RAID Controller
92	188	0x1028	0x1f10	SAS 6/iR Integrated RAID Controller
93	188	0x103c	0x3229	SC44Ge Host Bus Adapter
94	191	0x1028	0x1f2d	PERC H810 Adapter
95	191	0x1028	0x1f30	PERC H710 Embedded
96	191	0x1028	0x1f31	PERC H710P Adapter
97	191	0x1028	0x1f33	PERC H710P Mini (for blades)
98	191	0x1028	0x1f34	PERC H710P Mini (for monolithics)
99	191	0x1028	0x1f35	PERC H710 Adapter
100	191	0x1028	0x1f37	PERC H710 Mini (for blades)
101	191	0x1028	0x1f38	PERC H710 Mini (for monolithics)
102	195	0x1000	0x1006	MegaRAID SAS 8888ELP
103	195	0x1000	0x100a	MegaRAID SAS 8708ELP
104	195	0x1000	0x100e	MegaRAID SAS 8884E
105	195	0x1000	0x100f	MegaRAID SAS 8708E
106	195	0x1000	0x1010	MegaRAID SATA 350-8ELP
107	195	0x1000	0x1011	MegaRAID SATA 350-4ELP
108	195	0x1000	0x1012	MegaRAID SAS 8704ELP
109	195	0x1000	0x1016	MegaRAID SAS 8880EM2
110	195	0x1014	0x0363	MegaRAID SAS PCI Express ROMB
111	195	0x1014	0x0364	SystemX MegaRAID SAS 8808E
112	195	0x1014	0x0365	SystemX MegaRAID SAS 8884E
113	195	0x1014	0x0379	SystemX MegaRAID SAS 8880EM2
114	195	0x1028	0x1f0a	PERC 6/E Adapter RAID Controller
115	195	0x1028	0x1f0b	PERC 6/i Adapter RAID Controller
116	195	0x1028	0x1f0c	PERC 6/i Integrated RAID Controller
117	195	0x1028	0x1f0d	PERC 6/i Integrated RAID Controller
118	195	0x1028	0x1f11	CERC 6/i Integrated RAID Controller
119	195	0x1033	0x835a	MegaRAID SAS PCI Express ROMB
120	195	0x1043	0x824d	MegaRAID SAS PCI Express ROMB
121	195	0x1170	0x002f	MegaRAID SAS PCI Express ROMB
122	195	0x1170	0x0036	MegaRAID SAS PCI Express ROMB
123	195	0x15d9	0xc080	MegaRAID SAS PCI Express ROMB
124	195	0x17aa	0x6b7c	MegaRAID SAS PCI Express ROMB
125	195	0x18a1	0x0003	LSI MegaRAID SAS PCI Express ROMB
126	195	0x8086	0x1006	RAID Controller SRCSAS28EP
127	195	0x8086	0x100a	RAID Controller SRCSAS28EV
128	195	0x8086	0x1010	RAID Controller SRCSATA28E
129	195	0x8086	0x34cc	Integrated RAID Controller SROMBSAS28E
130	195	0x8086	0x34cd	Integrated RAID Controller SROMBSAS28E
131	196	0x1000	0x0062	SAS1078 PCI-Express Fusion-MPT SAS
132	202	0x1028	0x1f1c	6Gbps SAS HBA Adapter
133	202	0x1028	0x1f1d	PERC H200 Adapter
134	202	0x1028	0x1f1e	PERC H200 Integrated
135	202	0x1028	0x1f1f	PERC H200 Modular
136	202	0x1028	0x1f20	PERC H200 Embedded
137	202	0x1028	0x1f22	Internal Tape Adapter
138	202	0x8086	0x350f	RMS2LL040 RAID Controller
139	203	0x1000	0x9240	MegaRAID SAS 9240-8i
140	203	0x1000	0x9241	MegaRAID SAS 9240-4i
141	203	0x1014	0x03b1	ServeRAID M1015 SAS/SATA Controller
142	203	0x1028	0x1f4e	PERC H310 Adapter
143	203	0x1028	0x1f4f	PERC H310 Integrated
144	203	0x1028	0x1f50	PERC H310 Mini Blades
145	203	0x1028	0x1f51	PERC H310 Mini Monolithics
146	203	0x1028	0x1f52	PERC H310 Embedded1
147	203	0x1028	0x1f53	PERC H310 Embedded2
148	203	0x1028	0x1f54	PERC H310 Reserved
149	203	0x1054	0x3035	LSI MegaRAID SAS 9240-8i
150	203	0x1137	0x0072	2004 iMR ROMB
151	203	0x1137	0x0073	2008 ROMB
152	203	0x15d9	0x0400	Supermicro SMC2008-iMR
153	203	0x1734	0x1177	RAID Ctrl SAS 6G 0/1 (D2607)
154	203	0x8086	0x350d	RMS2AF040 RAID Controller
155	203	0x8086	0x9240	RAID Controller RS2WC080
156	203	0x8086	0x9241	RAID Controller RS2WC040
157	207	0x1000	0x9251	MegaRAID SAS 9260-4ix
158	207	0x1000	0x9256	MegaRAID SAS 9260-8ix
159	207	0x1000	0x9260	MegaRAID SAS 9260-4i
160	207	0x1000	0x9261	MegaRAID SAS 9260-8i
161	207	0x1000	0x9262	MegaRAID SAS 9262-8i
162	207	0x1000	0x9263	MegaRAID SAS 9261-8i
163	207	0x1000	0x9264	MegaRAID SAS 9264-8i
164	207	0x1000	0x9275	MegaRAID SAS 9280-8ex
165	207	0x1000	0x9276	MR9260-16i
166	207	0x1000	0x9280	MegaRAID SAS 9280-8e
167	207	0x1000	0x9281	MegaRAID SAS 9281-8E
168	207	0x1000	0x9282	MegaRAID SAS 9280-4i4e
169	207	0x1000	0x9290	MegaRAID SAS 9280DE-24i4e
170	207	0x1014	0x03b2	ServeRAID M5015 SAS/SATA Controller
171	207	0x1014	0x03b3	ServeRAID M5025 SAS/SATA Controller
172	207	0x1028	0x1f15	PERC H800 Adapter
173	207	0x1028	0x1f16	PERC H700 Adapter
174	207	0x1028	0x1f17	PERC H700 Integrated
175	207	0x1028	0x1f18	PERC H700 Modular
176	207	0x1028	0x1f1a	PERC H800 Proto Adapter
177	207	0x1028	0x1f1b	PERC H700 Integrated
178	207	0x1043	0x8480	PIKE-2108 16PD
179	207	0x1734	0x1176	RAID Ctrl SAS 6G 5/6 512MB (D2616)
180	207	0x1734	0x1177	RAID Ctrl SAS 6G 0/1 (D2607)
181	207	0x8086	0x9256	MegaRAID SAS 9260DE-8i
182	207	0x8086	0x9260	RAID Controller RS2BL040
183	207	0x8086	0x9261	RAID Controller RS2BL080
184	207	0x8086	0x9264	Warm Beach (Caster Lite)
185	207	0x8086	0x9267	RAID Controller RS2VB040
186	207	0x8086	0x9268	RAID Controller RS2VB080
187	208	0x1014	0x0395	ServeRAID-AR10is SAS/SATA Controller
188	218	0x1092	0x8000	FirePort 40 SCSI Controller
189	218	0x1092	0x8760	FirePort 40 Dual SCSI Host Adapter
190	225	0x1000	0x0530	MegaRAID 530 SCSI 320-0X RAID Controller
191	225	0x1000	0x0531	MegaRAID 531 SCSI 320-4X RAID Controller
192	225	0x1000	0x0532	MegaRAID 532 SCSI 320-2X RAID Controller
193	225	0x1028	0x0531	PowerEdge Expandable RAID Controller 4/QC
194	225	0x1028	0x0533	PowerEdge Expandable RAID Controller 4/QC
195	225	0x8086	0x0530	MegaRAID Intel RAID Controller SRCZCRX
196	225	0x8086	0x0532	MegaRAID Intel RAID Controller SRCU42X
197	226	0x1000	0x0001	MegaRAID SCSI 320-1E RAID Controller
198	226	0x1000	0x0002	MegaRAID SCSI 320-2E RAID Controller
199	226	0x1025	0x004d	MegaRAID ACER ROMB-2E RAID Controller
200	226	0x1028	0x0001	PowerEdge RAID Controller PERC4e/SC
201	226	0x1028	0x0002	PowerEdge RAID Controller PERC4e/DC
202	226	0x1028	0x0012	PowerEdge RAID Controller RAC4
203	226	0x1028	0x0015	PowerEdge RAID Controller PERC5
204	226	0x1028	0x1f03	PowerEdge RAID Controller PERC5
205	226	0x1734	0x1065	FSC MegaRAID PCI Express ROMB
206	226	0x8086	0x0002	MegaRAID Intel RAID Controller SRCU42E
207	226	0x8086	0x3449	MegaRAID Intel RAID Controller SROMBU
208	227	0x1000	0x3004	MegaRAID SATA 300-4X RAID Controller
209	227	0x1000	0x3008	MegaRAID SATA 300-8X RAID Controller
210	227	0x8086	0x3008	MegaRAID RAID Controller SRCS28X
211	227	0x8086	0x3431	MegaRAID RAID Controller Alief SROMBU42E
212	227	0x8086	0x3499	MegaRAID RAID Controller Harwich SROMBU42E
213	228	0x1000	0x1001	MegaRAID SAS 8408E
214	228	0x1000	0x1002	MegaRAID SAS 8480E
215	228	0x1000	0x1003	MegaRAID SAS 8344ELP
216	228	0x1000	0x1004	MegaRAID SAS 8308ELP
217	228	0x1000	0x1008	MegaRAID SAS 84016E
218	228	0x1000	0x100c	MegaRAID SATA 300-12E
219	228	0x1000	0x100d	MegaRAID SATA 300-16E
220	228	0x1000	0x2004	MegaRAID SATA 300-8ELP
221	228	0x1000	0x2005	MegaRAID SATA 300-4ELP
222	228	0x1033	0x8287	MegaRAID SAS PCI Express ROMB
223	228	0x1054	0x3016	MegaRAID SAS RoMB Server
224	228	0x1734	0x1081	MegaRAID SAS PCI Express ROMB
225	228	0x1734	0x10a3	MegaRAID SAS PCI Express ROMB
226	228	0x8086	0x1001	RAID Controller SRCSAS18E
227	228	0x8086	0x1003	RAID Controller SRCSAS144E
228	228	0x8086	0x3500	SROMBSAS18E RAID Controller
229	228	0x8086	0x3501	SROMBSAS18E RAID Controller
230	228	0x8086	0x3504	SROMBSAS18E RAID Controller
231	229	0x1000	0x1005	MegaRAID SAS 8300XLP
232	231	0x1000	0x1020	44929 O Dual Fibre Channel card
233	235	0x1000	0x1010	7202-XP-LC Dual Fibre Channel card
234	243	0x1318	0x0000	PEI100X
235	250	0x1000	0x0518	MegaRAID 518 SCSI 320-2 Controller
236	250	0x1000	0x0520	MegaRAID 520 SCSI 320-1 Controller
237	250	0x1000	0x0522	MegaRAID 522 i4 133 RAID Controller
238	250	0x1000	0x0523	MegaRAID SATA 150-6 RAID Controller
239	250	0x1000	0x4523	MegaRAID SATA 150-4 RAID Controller
240	250	0x1000	0xa520	MegaRAID ZCR SCSI 320-0 Controller
241	250	0x1028	0x0518	MegaRAID 518 DELL PERC 4/DC RAID Controller
242	250	0x1028	0x0520	MegaRAID 520 DELL PERC 4/SC RAID Controller
243	250	0x1028	0x0531	PowerEdge Expandable RAID Controller 4/QC
244	250	0x1028	0x0533	PowerEdge Expandable RAID Controller 4/QC
245	250	0x8086	0x0520	MegaRAID RAID Controller SRCU41L
246	250	0x8086	0x0523	MegaRAID RAID Controller SRCS16
247	262	0x103c	0x0934	nx8220
248	280	0x1002	0x0002	R9600 Pro primary (Asus OEM for HP)
249	280	0x1002	0x0003	R9600 Pro secondary (Asus OEM for HP)
250	280	0x1002	0x4722	All-in-Wonder 2006 AGP Edition
251	280	0x1458	0x4024	Giga-Byte GV-R96128D (Primary)
252	280	0x148c	0x2064	PowerColor R96A-C3N
253	280	0x148c	0x2066	PowerColor R96A-C3N
254	280	0x174b	0x7c19	Sapphire Atlantis Radeon 9600 Pro
255	280	0x174b	0x7c29	GC-R9600PRO [Sapphire] (Primary)
256	280	0x17ee	0x2002	Radeon 9600 256Mb Primary
257	280	0x18bc	0x0101	GC-R9600PRO (Primary)
258	281	0x1043	0xc004	A9600SE
259	282	0x1002	0x0002	Radeon 9600XT
260	282	0x1002	0x4772	All-in-Wonder 9600 XT
261	282	0x1043	0xc002	Radeon 9600 XT TVD
262	282	0x1043	0xc01a	A9600XT/TD
263	282	0x174b	0x7c29	Sapphire Radeon 9600XT
264	282	0x1787	0x4002	Radeon 9600 XT
265	283	0x1043	0x010c	A9550GE/TD
266	283	0x1462	0x932c	RX9550SE-TD128 (MS-8932)
267	293	0x1002	0x0003	R9600 Pro secondary (Asus OEM for HP)
268	293	0x1002	0x4723	All-in-Wonder 2006 AGP Edition (Secondary)
269	293	0x1458	0x4025	Giga-Byte GV-R96128D (Secondary)
270	293	0x148c	0x2067	PowerColor R96A-C3N (Secondary)
271	293	0x174b	0x7c28	GC-R9600PRO [Sapphire] (Secondary)
272	293	0x17ee	0x2003	Radeon 9600 256Mb (Secondary)
273	293	0x18bc	0x0100	GC-R9600PRO (Secondary)
274	294	0x1043	0xc005	A9600SE (Secondary)
275	295	0x1002	0x0003	Radeon 9600XT (Secondary)
276	295	0x1002	0x4773	All-in-Wonder 9600 XT (Secondary)
277	295	0x1043	0xc003	A9600XT (Secondary)
278	295	0x1043	0xc01b	A9600XT/TD (Secondary)
279	295	0x174b	0x7c28	Sapphire Radeon 9600XT (Secondary)
280	295	0x1787	0x4003	Radeon 9600 XT (Secondary)
281	296	0x1043	0x010d	A9550GE/TD (Secondary)
282	298	0x1002	0x02aa	Radeon 8500 AIW DV Edition
283	300	0x1002	0x4336	Pavilion ze4300 ATI Radeon Mobility U1 (IGP 320 M)
284	300	0x103c	0x0024	Pavilion ze4400 builtin Video
285	300	0x161f	0x2029	eMachines M5312 builtin Video
286	301	0x1014	0x053a	ThinkPad R40e
287	301	0x103c	0x0850	Radeon IGP 345M
288	315	0x1025	0x0079	Aspire 5024WLMMi
289	315	0x1025	0x0091	Aspire 5032WXMi
290	315	0x103c	0x2a05	Pavilion t3030.de Desktop PC
291	315	0x103c	0x308b	MX6125
292	315	0x105b	0x0c81	Realtek ALC 653
293	315	0x107b	0x0300	MX6421
294	315	0x1462	0x0131	MS-1013 Notebook
295	316	0x103c	0x308b	MX6125
296	316	0x1462	0x7217	Aspire L250
297	317	0x1025	0x0080	Aspire 5024WLMMi
298	317	0x103c	0x2a20	Pavilion t3030.de Desktop PC
299	317	0x103c	0x308b	MX6125
300	317	0x1462	0x0131	MS-1013 Notebook
301	317	0x1462	0x7217	Aspire L250
302	318	0x1025	0x0080	Aspire 5024WLMMi
303	318	0x103c	0x2a20	Pavilion t3030.de Desktop PC
304	318	0x103c	0x308b	MX6125
305	318	0x1462	0x7217	Aspire L250
306	319	0x103c	0x2a20	Pavilion t3030.de Desktop PC
307	319	0x103c	0x308b	MX6125
308	319	0x1462	0x7217	Aspire L250
309	320	0x1025	0x0080	Aspire 5024WLMMi
310	320	0x103c	0x2a20	Pavilion t3030.de Desktop PC
311	320	0x103c	0x308b	MX6125
312	320	0x1462	0x7217	Aspire L250
313	321	0x1025	0x0080	Aspire 5024WLMMi
314	321	0x103c	0x2a20	Pavilion t3030.de Desktop PC
315	321	0x103c	0x308b	MX6125
316	321	0x1462	0x0131	MS-1013 Notebook
317	321	0x1462	0x7217	Aspire L250
318	322	0x1025	0x0080	Aspire 5024WLMi
319	322	0x103c	0x2a20	Pavilion t3030.de Desktop PC
320	322	0x103c	0x308b	MX6125
321	322	0x1462	0x7217	Aspire L250
322	323	0x1025	0x0080	Aspire 5024WLMMi
323	323	0x103c	0x308b	MX6125
324	323	0x1462	0x0131	MS-1013 Notebook
325	324	0x1462	0x7141	Aspire L250
326	325	0x1002	0x4379	4379 Serial ATA Controller
327	325	0x1002	0x437a	437A Serial ATA Controller
328	325	0x1462	0x7141	Aspire L250
329	325	0x14f1	0x8800	Leadtek WinFast TV2000XP Expert
330	326	0x1002	0x437b	IXP SB4x0 High Definition Audio Controller
331	326	0x10cf	0x1326	Fujitsu Lifebook A3040
332	326	0x1734	0x10b8	Realtek High Definition Audio
333	327	0x103c	0x2813	DC5750 Microtower
334	327	0x1179	0xff50	Satellite P305D-S8995E
335	327	0x1458	0xb003	GA-MA790FX-DS5 (rev. 1.0)
336	327	0x1458	0xb005	Gigabyte GA-MA69G-S3H Motherboard
337	327	0x1462	0x7327	K9AG Neo2
338	327	0x17f2	0x5999	KI690-AM2 Motherboard
339	330	0x103c	0x1611	Pavilion DM1Z-3000
340	330	0x103c	0x280a	DC5750 Microtower
341	330	0x1043	0x8230	M3A78-EH Motherboard
342	330	0x1043	0x836c	M4A785TD Motherboard
343	330	0x1043	0x8410	M4A89GTD PRO/USB3 Motherboard
344	330	0x1043	0x841b	M5A88-V EVO
345	330	0x1179	0xff50	Satellite P305D-S8995E
346	330	0x1458	0xa022	GA-MA770-DS3rev2.0 Motherboard
347	330	0x17f2	0x5000	KI690-AM2 Motherboard
348	332	0x103c	0x1611	Pavilion DM1Z-3000
349	332	0x103c	0x280a	DC5750 Microtower
350	332	0x1043	0x82ef	M3A78-EH Motherboard
351	332	0x1043	0x8389	M4A785TD Motherboard
352	332	0x1179	0xff50	Satellite P305D-S8995E
353	332	0x1458	0x4385	GA-MA770-DS3rev2.0 Motherboard
354	332	0x1462	0x7368	K9AG Neo2
355	332	0x17f2	0x5000	KI690-AM2 Motherboard
356	333	0x103c	0x280a	DC5750 Microtower
357	333	0x1179	0xff50	Satellite P305D-S8995E
358	333	0x1462	0x7368	K9AG Neo2
359	333	0x17f2	0x5000	KI690-AM2 Motherboard
360	334	0x103c	0x280a	DC5750 Microtower
361	334	0x1179	0xff50	Satellite P305D-S8995E
362	334	0x1462	0x7368	K9AG Neo2
363	334	0x17f2	0x5000	KI690-AM2 Motherboard
364	335	0x103c	0x280a	DC5750 Microtower
365	335	0x1179	0xff50	Satellite P305D-S8995E
366	335	0x1462	0x7368	K9AG Neo2
367	335	0x17f2	0x5000	KI690-AM2 Motherboard
368	336	0x103c	0x280a	DC5750 Microtower
369	336	0x1179	0xff50	Satellite P305D-S8995E
370	336	0x1462	0x7368	K9AG Neo2
371	336	0x17f2	0x5000	KI690-AM2 Motherboard
372	337	0x103c	0x280a	DC5750 Microtower
373	337	0x1179	0xff50	Satellite P305D-S8995E
374	337	0x1462	0x7368	K9AG Neo2
375	337	0x17f2	0x5000	KI690-AM2 Motherboard
376	338	0x103c	0x280a	DC5750 Microtower
377	338	0x1179	0xff50	Satellite P305D-S8995E
378	338	0x1462	0x7368	K9AG Neo2
379	338	0x17f2	0x5000	KI690-AM2 Motherboard
380	339	0x103c	0x280a	DC5750 Microtower
381	339	0x1179	0xff50	Satellite P305D-S8995E
382	339	0x1458	0x5002	Gigabyte GA-MA69G-S3H Motherboard
383	339	0x1462	0x7368	K9AG Neo2
384	339	0x17f2	0x5000	KI690-AM2 Motherboard
385	340	0x103c	0x280a	DC5750 Microtower
386	340	0x1179	0xff50	Satellite P305D-S8995E
387	340	0x1462	0x7368	K9AG Neo2
388	340	0x17f2	0x5000	KI690-AM2 Motherboard
389	342	0x1043	0x82ef	M3A78-EH Motherboard
390	342	0x1043	0x8389	M4A785TD Motherboard
391	342	0x1458	0xb002	GA-MA770-DS3rev2.0 Motherboard
392	342	0x1849	0x4390	Motherboard (one of many)
393	343	0x103c	0x1611	Pavilion DM1Z-3000
394	343	0x1043	0x82ef	M3A78-EH Motherboard
395	343	0x1043	0x8443	M5A88-V EVO
396	348	0x103c	0x1611	Pavilion DM1Z-3000
397	348	0x1043	0x82ef	M3A78-EH Motherboard
398	348	0x1043	0x8443	M5A88-V EVO
399	349	0x103c	0x1611	Pavilion DM1Z-3000
400	349	0x1043	0x82ef	M3A78-EH Motherboard
401	349	0x1043	0x8443	M5A88-V EVO
402	350	0x1043	0x82ef	M3A78-EH Motherboard
403	351	0x1043	0x82ef	M3A78-EH Motherboard
404	351	0x1043	0x8443	M5A88-V EVO
405	352	0x1043	0x82ef	M3A78-EH Motherboard
406	353	0x103c	0x1611	Pavilion DM1Z-3000
407	353	0x1043	0x82ef	M3A78-EH Motherboard
408	353	0x1043	0x8443	M5A88-V EVO
409	359	0x1002	0x0040	Rage Pro Turbo AGP 2X
410	359	0x1002	0x0044	Rage Pro Turbo AGP 2X
411	359	0x1002	0x0061	Rage Pro AIW AGP 2X
412	359	0x1002	0x0062	Rage Pro AIW AGP 2X
413	359	0x1002	0x0063	Rage Pro AIW AGP 2X
414	359	0x1002	0x0080	Rage Pro Turbo AGP 2X
415	359	0x1002	0x0084	Rage Pro Turbo AGP 2X
416	359	0x1002	0x4742	Rage Pro Turbo AGP 2X
417	359	0x1002	0x8001	Rage Pro Turbo AGP 2X
418	359	0x1028	0x0082	Rage Pro Turbo AGP 2X
419	359	0x1028	0x4082	Optiplex GX1 Onboard Display Adapter
420	359	0x1028	0x8082	Rage Pro Turbo AGP 2X
421	359	0x1028	0xc082	Rage Pro Turbo AGP 2X
422	359	0x8086	0x4152	Xpert 98D AGP 2X
423	359	0x8086	0x464a	Rage Pro Turbo AGP 2X
424	360	0x1002	0x4744	Rage Pro Turbo AGP
425	360	0x8086	0x4d55	Rage 3D Pro AGP 1X [Intel MU440EX]
426	362	0x1002	0x0061	Rage Pro AIW
427	362	0x1002	0x0062	Rage Pro AIW
428	364	0x1002	0x0004	Xpert 98 RXL AGP 2X
429	364	0x1002	0x0008	Xpert 98 RXL AGP 2X
430	364	0x1002	0x0080	Rage XL AGP 2X
431	364	0x1002	0x0084	Xpert 98 AGP 2X
432	364	0x1002	0x474d	Rage XL AGP
433	364	0x1033	0x806a	Rage XL AGP
434	365	0x1002	0x474e	Rage XC AGP
435	366	0x1002	0x0008	Rage XL
436	366	0x1002	0x474f	Rage XL
437	367	0x1002	0x0040	Rage Pro Turbo
438	367	0x1002	0x0044	Rage Pro Turbo
439	367	0x1002	0x0080	Rage Pro Turbo
440	367	0x1002	0x0084	Rage Pro Turbo
441	367	0x1002	0x4750	Rage Pro Turbo
442	369	0x0e11	0x001e	Proliant Rage XL
443	369	0x1002	0x0008	Rage XL
444	369	0x1002	0x4752	Proliant Rage XL
445	369	0x1002	0x8008	Rage XL
446	369	0x1014	0x0240	eServer xSeries server mainboard
447	369	0x1028	0x00ce	PowerEdge 1400
448	369	0x1028	0x00d1	PowerEdge 2550
449	369	0x1028	0x00d9	PowerEdge 2500
450	369	0x1028	0x0134	PowerEdge 600SC
451	369	0x1028	0x014a	PowerEdge 1750
452	369	0x1028	0x0165	PowerEdge 750
453	369	0x103c	0x10e1	NetServer Rage XL
454	369	0x107b	0x6400	6400 Server
455	369	0x1734	0x007a	PRIMERGY RX/TX series onboard VGA
456	369	0x8086	0x3411	SDS2 Mainboard
457	369	0x8086	0x3427	S875WP1-E mainboard
458	369	0x8086	0x5744	S845WD1-E mainboard
459	370	0x1002	0x4753	Rage XC
460	373	0x1002	0x4756	Rage IIC
461	374	0x1002	0x4757	Rage IIC AGP
462	374	0x1028	0x0089	Rage 3D IIC
463	374	0x1028	0x008e	PowerEdge 1300 onboard video
464	374	0x1028	0x4082	Rage 3D IIC
465	374	0x1028	0x8082	Rage 3D IIC
466	374	0x1028	0xc082	Rage 3D IIC
467	377	0x1002	0x0084	Rage 3D Pro AGP 2x XPERT 98
468	377	0x1002	0x0087	Rage 3D IIC
469	377	0x1002	0x475a	Rage IIC AGP
470	380	0x10f1	0x0002	RV250 If [Tachyon G9000 PRO]
471	380	0x148c	0x2039	RV250 If [Radeon 9000 Pro "Evil Commando"]
472	380	0x1509	0x9a00	RV250 If [Radeon 9000 "AT009"]
473	380	0x1681	0x0040	RV250 If [3D prophet 9000]
474	380	0x174b	0x7176	RV250 If [Sapphire Radeon 9000 Pro]
475	380	0x174b	0x7192	RV250 If [Radeon 9000 "Atlantis"]
476	380	0x17af	0x2005	RV250 If [Excalibur Radeon 9000 Pro]
477	380	0x17af	0x2006	RV250 If [Excalibur Radeon 9000]
478	406	0x0e11	0xb0e7	Rage LT Pro (Compaq Presario 5240)
479	406	0x0e11	0xb0e8	Rage 3D LT Pro
480	406	0x0e11	0xb10e	3D Rage LT Pro (Compaq Armada 1750)
481	406	0x1002	0x0040	Rage LT Pro AGP 2X
482	406	0x1002	0x0044	Rage LT Pro AGP 2X
483	406	0x1002	0x4c42	Rage LT Pro AGP 2X
484	406	0x1002	0x8001	Rage LT Pro AGP 2X
485	406	0x1028	0x0085	Rage 3D LT Pro
486	409	0x1002	0x0155	IBM Thinkpad A22p
487	409	0x1014	0x0155	IBM Thinkpad A22p
488	409	0x1028	0x00b1	Latitude C600
489	411	0x1002	0x0004	Rage LT Pro
490	411	0x1002	0x0040	Rage LT Pro
491	411	0x1002	0x0044	Rage LT Pro
492	411	0x1002	0x4c49	Rage LT Pro
493	412	0x0e11	0xb111	Armada M700
494	412	0x0e11	0xb160	Armada E500
495	412	0x1002	0x0084	Xpert 98 AGP 2X (Mobility)
496	412	0x1014	0x0154	ThinkPad A20m/A21m
497	412	0x1028	0x00aa	Latitude CPt
498	412	0x1028	0x00bb	Latitude CPx
499	412	0x1179	0xff00	Satellite 1715XCDS laptop
500	412	0x13bd	0x1019	PC-AR10
501	414	0x1002	0x4c50	Rage LT Pro
502	416	0x1033	0x8112	Versa Note VXi
503	419	0x1014	0x0517	ThinkPad T30
504	419	0x1014	0x0530	ThinkPad T42 2373-4WU
505	419	0x1028	0x00e6	Radeon Mobility M7 LW (Dell Inspiron 8100)
506	419	0x1028	0x012a	Latitude C640
507	419	0x1043	0x1622	Mobility Radeon M7 (L3C/S)
508	419	0x144d	0xc006	Radeon Mobility M7 LW in vpr Matrix 170B4
\.


--
-- Name: subsystems_id_seq; Type: SEQUENCE SET; Schema: public; Owner: ode
--

SELECT pg_catalog.setval('subsystems_id_seq', 508, true);


--
-- Data for Name: users; Type: TABLE DATA; Schema: public; Owner: ode
--

COPY users (id, login, name, email, crypted_password, salt, admin_user, admin_equip, admin_inv, responsible, assistant, login_count, last_login_at, created_at, updated_at, deleted_at, remember_me_token, remember_me_token_expires_at) FROM stdin;
2	ololow	Ололош Петр Вазгенович	ololow@msiu.ru	$2a$10$0CQtvzJYT7EqeU89LWwjE.GjnTldoPgdKk97jJTeh2/fBOTnzmLUC	Fs7GacSpB3YLQoFe5gMw	1	1	0	1	0	0	\N	2013-06-13 06:50:15.929659	2013-06-13 06:50:15.929659	\N	\N	\N
3	arapova	Арапова Анастасия Алексеевна	arapova@msiu.ru	$2a$10$nsbVhcrq/8fUT3L5knnU4uKXweYvq4k8fivMxlbXnXf9N4Yi2Cfmi	S2JnAJqE786r8S3UY4on	0	1	1	0	0	0	\N	2013-06-13 06:50:16.117464	2013-06-13 06:50:16.117464	\N	\N	\N
4	barmin	Бармин Никита Юрьевич	barmin@msiu.ru	$2a$10$TGrrYkxNEGt8IWe8nyHxneBGq86JYs5vvA8oSiclXYVvWGBD6DJYK	URpBq7JmxptRjpfy3WcF	0	1	1	0	0	0	\N	2013-06-13 06:50:16.318902	2013-06-13 06:50:16.318902	\N	\N	\N
5	blinov	Блинов Максим Сергеевич	blinov@msiu.ru	$2a$10$1rVM5hjL6H3le7F2Sq6hOOD4i3.7GxGscQrODzqDNmXtgwrlZSUsS	Z1ubxyJnyAgtYXmZZYhu	1	1	1	1	0	0	\N	2013-06-13 06:50:16.505271	2013-06-13 06:50:16.505271	\N	\N	\N
6	volodin	Володин Дмитрий Павлович	volodin@msiu.ru	$2a$10$HIRRKYA9pfCz2jX8QWzbFexkbOzemTFvEAkQWHWWm6Nny8.3/J33m	WivpoyHQm1qxpxsswyKy	0	1	1	0	0	0	\N	2013-06-13 06:50:16.701767	2013-06-13 06:50:16.701767	\N	\N	\N
7	volodina	Володина Ксения Андреевна	volodina@msiu.ru	$2a$10$L0lqzD6OP5M1gdlGfMjWo.cJlMEXvtb7B/f8RV6B6pzPZaYWoFUa2	8hR9bsXd65nS5xyPSLLx	0	0	1	1	0	0	\N	2013-06-13 06:50:16.888973	2013-06-13 06:50:16.888973	\N	\N	\N
8	korunkov	Корунков Иван Александрович	korunkov@msiu.ru	$2a$10$dBlThVGSYegRBaLNhBag1ew77jW6bkfz9I00BT6zr7Eg.uXq/I9aW	J1WzKD5uHDYqBdt1jkdW	0	0	0	1	1	0	\N	2013-06-13 06:50:17.089665	2013-06-13 06:50:17.089665	\N	\N	\N
9	mahar	Махарадзе Константин Бидзинович	mahar@msiu.ru	$2a$10$6dKeeKbpns109nf7Tf4XEuAHSCcknKS3NNObuphepnUh/Ivn0g/.O	jYXBdUuEQgxRqH2Nxres	1	0	0	0	1	0	\N	2013-06-13 06:50:17.451126	2013-06-13 06:50:17.451126	\N	\N	\N
10	ostapenko	Остапенко Дмитрий Евгеньевич	ostapenko@msiu.ru	$2a$10$FvzzqFwOfo8yfqpPLnEer.lXbLBDch77SXL/kbNGpobCeRgt3mjtq	Foye458GPqnoqQFJ9cpW	0	0	1	1	1	0	\N	2013-06-13 06:50:17.648686	2013-06-13 06:50:17.648686	\N	\N	\N
11	pasko	Пасько Дмитрий Анатольевич	pasko@msiu.ru	$2a$10$qKWMqarVY4ReepYkDVn0W.b03.P0iNIQbF/2G5SgIOob3bBCo6wva	5dkB2gm1QUNyhmSQmupS	0	1	1	1	0	0	\N	2013-06-13 06:50:17.843202	2013-06-13 06:50:17.843202	\N	\N	\N
12	wkolnik	Ржавин Тимофей Сергеевич	wkolnik@msiu.ru	$2a$10$jAGqzlAas.tZNe5eWoEgvuCiv5zKIPCodwjVYh4jCIuugYlEm5GiC	iWezcKp2V8WyUecD58qB	1	1	1	0	0	0	\N	2013-06-13 06:50:18.04005	2013-06-13 06:50:18.04005	\N	\N	\N
13	silaev	Силаев Владислав Сергеевич	silaev@msiu.ru	$2a$10$eig06CL/kwWN9VufQC./4uMTOm2KA8Ak/ic3Ro5Q9ol5XDrn.0Tme	yp8X6Anztm56rVySQy98	0	1	0	1	1	0	\N	2013-06-13 06:50:18.231561	2013-06-13 06:50:18.231561	\N	\N	\N
14	sitnikov	Ситников Андрей Валентинович	sitnikov@msiu.ru	$2a$10$IPzPN5ZFXzdWPHPPXGq0hOT1IjhnCqzckTkfTEn4hmbuLuUw90n1O	YoWCd2F6sqFAezSZJnNM	1	0	0	1	1	0	\N	2013-06-13 06:50:18.444454	2013-06-13 06:50:18.444454	\N	\N	\N
15	shavrin	Шаврин Александр Сергеевич	shavrin@msiu.ru	$2a$10$9ZxhLncFYEfjl4fNkzYW3eE2Pvdt7U1CpKuDDwQ21tp4vNaLTogO6	bYphXWspzy7zWQL7hWHx	0	0	0	0	1	0	\N	2013-06-13 06:50:18.629375	2013-06-13 06:50:18.629375	\N	\N	\N
17	jesus	Онипко Константин Петрович	jesus@msiu.ru	$2a$10$vHixyG9tykZ7eh.fV4PbCuC3IwxoF5zc7dBwv73lAt2mmaIY2Pg1y	rLfgCxkBTXknMqV3TZ22	0	1	0	0	0	0	\N	2013-06-13 06:50:19.008996	2013-06-13 06:50:19.008996	\N	\N	\N
18	sidorov	Сидоров Евгений Вальрьянович	sidorov@msiu.ru	$2a$10$stP7hg9ABTAO.zV3WiyOlu/OITX0Azp2R1PV89jztqzuk96pgPApK	CskFD54wKnNbVnooQzjx	0	0	0	1	1	0	\N	2013-06-13 06:50:19.200952	2013-06-13 06:50:19.200952	\N	\N	\N
19	ivanov	Иванов Сидор Константинович	ivanov@msiu.ru	$2a$10$yvce6ZFPoy0m1PJrGYnRSevrBJVZhorXBQMrWtZmDcC08/JwKw0h.	pQQnmsCWiZFiKcYkCjLk	1	1	0	1	1	0	\N	2013-06-13 06:50:19.392759	2013-06-13 06:50:19.392759	\N	\N	\N
20	mouse	Мышь Мила Ивановна	mouse@msiu.ru	$2a$10$8xl2jWVNNak9y1/D86aftOc3WCg0RpOe15MeF49HiRXsE.fo0vwse	wdKYKQviN2fo4QGX2yt3	0	0	0	1	0	0	\N	2013-06-13 06:50:19.604978	2013-06-13 06:50:19.604978	\N	\N	\N
1	admin	Супер-Администратор	admin@msiu.ru	$2a$10$yXKN7UPHivZuzsfNc7igMem4ii1B8QxhL08udpFqwVhmts5GN636a	CvUd6d9HsxxypPpyZ1tT	1	1	1	1	1	1	2013-06-13 06:51:53.393045	2013-06-13 06:50:15.713293	2013-06-13 09:56:19.222285	\N	\N	\N
16	slowpoke	Некрасов Василий Иванович	slowpoke@msiu.ru	$2a$10$gq3E7mUp1z2It6PL334QmO1VZoeLawbL.yoW52SUsk2RjcVAD9IJq	pW9zGkajKQsqpQXHw4Es	1	1	1	1	0	1	2013-06-13 09:56:36.164382	2013-06-13 06:50:18.821598	2013-06-13 09:56:36.190242	\N	8c3ZHxnEpD2epLqwU7AL	2013-06-20 09:56:36.072821
\.


--
-- Name: users_id_seq; Type: SEQUENCE SET; Schema: public; Owner: ode
--

SELECT pg_catalog.setval('users_id_seq', 20, true);


--
-- Data for Name: vendors; Type: TABLE DATA; Schema: public; Owner: ode
--

COPY vendors (id, vendor_hex, name) FROM stdin;
1	0x0000	Gammagraphx, Inc. (or missing ID)
2	0x0010	Allied Telesis, Inc
3	0x001a	Ascend Communications, Inc.
4	0x001c	PEAK-System Technik GmbH
5	0x0033	Paradyne corp.
6	0x003d	Lockheed Martin-Marietta Corp
7	0x0059	Tiger Jet Network Inc. (Wrong ID)
8	0x0070	Hauppauge computer works Inc.
9	0x0071	Nebula Electronics Ltd.
10	0x0095	Silicon Image, Inc. (Wrong ID)
11	0x00a7	Teles AG (Wrong ID)
12	0x00f5	BFG Technologies, Inc.
13	0x0100	Ncipher Corp Ltd
14	0x0123	General Dynamics
15	0x018a	LevelOne
16	0x021b	Compaq Computer Corporation
17	0x0270	Hauppauge computer works Inc. (Wrong ID)
18	0x0291	Davicom Semiconductor, Inc.
19	0x02ac	SpeedStream
20	0x02e0	XFX Pine Group Inc
21	0x0308	ZyXEL Communications Corporation
22	0x0315	SK-Electronics Co., Ltd.
23	0x0357	TTTech AG
24	0x036f	Trigem Computer Inc.
25	0x0403	Future Technology Devices International Ltd
26	0x0432	SCM Microsystems, Inc.
27	0x0482	Kyocera
28	0x04b3	IBM Corp.
29	0x050d	Belkin
30	0x058f	Alcor Micro Corporation
31	0x05a9	OmniVision
32	0x05e3	CyberDoor
33	0x066f	Sigmatel Inc.
34	0x0675	Dynalink
35	0x069d	Hughes Network Systems (HNS)
36	0x0721	Sapphire, Inc.
37	0x0777	Ubiquiti Networks, Inc.
38	0x0795	Wired Inc.
39	0x07ca	AVerMedia Technologies Inc.
40	0x07d0	ITT Geospatial Systems
41	0x07d1	D-Link System Inc
42	0x07e2	ELMEG Communication Systems GmbH
43	0x0842	NPG, Personal Grand Technology
44	0x08e6	Gemalto NV
45	0x08ff	AuthenTec
46	0x0925	First International Computer, Inc.
47	0x093a	PixArt Imaging Inc.
48	0x09c1	Arris
49	0x0a89	BREA Technologies Inc
50	0x0b0b	Rhino Equipment Corp.
51	0x0b3d	Brontes Technologies
52	0x0b49	ASCII Corporation
53	0x0ccd	TerraTec Electronic GmbH
54	0x0e11	Compaq Computer Corporation
55	0x0e21	Cowon Systems, Inc.
56	0x0e55	HaSoTec GmbH
57	0x0eac	SHF Communication Technologies AG
58	0x0f62	Acrox Technologies Co., Ltd.
59	0x1000	LSI Logic / Symbios Logic
60	0x1001	Kolter Electronic
61	0x1002	ATI Technologies Inc
\.


--
-- Name: vendors_id_seq; Type: SEQUENCE SET; Schema: public; Owner: ode
--

SELECT pg_catalog.setval('vendors_id_seq', 61, true);


--
-- Data for Name: versions; Type: TABLE DATA; Schema: public; Owner: ode
--

COPY versions (id, item_type, item_id, event, whodunnit, object, created_at) FROM stdin;
1	Equipment	1	create	\N	\N	2013-06-13 06:50:46.654954
2	Equipment	1	update	\N	---\ninventory_id: 44\nroom_id: 5\nresponsible_id: 7\ndomain_name: stone 9\nmd5sum: \naccepted_at: \ndeleted_at: \nallow_del_at: \ncreated_at: 2013-06-13 06:50:46.611818605 Z\nupdated_at: 2013-06-13 06:50:46.611818605 Z\nid: 1\n	2013-06-13 06:50:46.706039
3	Equipment	2	create	\N	\N	2013-06-13 06:50:46.734972
4	Equipment	2	update	\N	---\ninventory_id: 6\nroom_id: 4\nresponsible_id: 3\ndomain_name: stone 3\nmd5sum: \naccepted_at: \ndeleted_at: \nallow_del_at: \ncreated_at: 2013-06-13 06:50:46.731794432 Z\nupdated_at: 2013-06-13 06:50:46.731794432 Z\nid: 2\n	2013-06-13 06:50:46.760512
5	Equipment	3	create	\N	\N	2013-06-13 06:50:46.789735
6	Equipment	3	update	\N	---\ninventory_id: 37\nroom_id: 2\nresponsible_id: 7\ndomain_name: mars 10\nmd5sum: \naccepted_at: \ndeleted_at: \nallow_del_at: \ncreated_at: 2013-06-13 06:50:46.786539555 Z\nupdated_at: 2013-06-13 06:50:46.786539555 Z\nid: 3\n	2013-06-13 06:50:46.810396
7	Equipment	4	create	\N	\N	2013-06-13 06:50:46.832779
8	Equipment	5	create	\N	\N	2013-06-13 06:50:46.865071
9	Equipment	5	update	\N	---\ninventory_id: 27\nroom_id: 3\nresponsible_id: 8\ndomain_name: monster 8\nmd5sum: \naccepted_at: \ndeleted_at: \nallow_del_at: \ncreated_at: 2013-06-13 06:50:46.861892574 Z\nupdated_at: 2013-06-13 06:50:46.861892574 Z\nid: 5\n	2013-06-13 06:50:46.885593
10	Equipment	6	create	\N	\N	2013-06-13 06:50:46.914563
11	Equipment	7	create	\N	\N	2013-06-13 06:50:46.965934
12	Equipment	7	update	\N	---\ninventory_id: 15\nroom_id: 7\nresponsible_id: 9\ndomain_name: lib 21\nmd5sum: \naccepted_at: \ndeleted_at: \nallow_del_at: \ncreated_at: 2013-06-13 06:50:46.962782241 Z\nupdated_at: 2013-06-13 06:50:46.962782241 Z\nid: 7\n	2013-06-13 06:50:47.027868
13	Equipment	8	create	\N	\N	2013-06-13 06:50:47.069909
14	Equipment	8	update	\N	---\ninventory_id: 42\nroom_id: 6\nresponsible_id: 15\ndomain_name: ice 6\nmd5sum: \naccepted_at: \ndeleted_at: \nallow_del_at: \ncreated_at: 2013-06-13 06:50:47.066586227 Z\nupdated_at: 2013-06-13 06:50:47.066586227 Z\nid: 8\n	2013-06-13 06:50:47.101873
15	Equipment	9	create	\N	\N	2013-06-13 06:50:47.131985
16	Equipment	9	update	\N	---\ninventory_id: 26\nroom_id: 11\nresponsible_id: 19\ndomain_name: ghost 12\nmd5sum: \naccepted_at: \ndeleted_at: \nallow_del_at: \ncreated_at: 2013-06-13 06:50:47.128823064 Z\nupdated_at: 2013-06-13 06:50:47.128823064 Z\nid: 9\n	2013-06-13 06:50:47.16023
17	Equipment	10	create	\N	\N	2013-06-13 06:50:47.198586
18	Equipment	10	update	\N	---\ninventory_id: 24\nroom_id: 8\nresponsible_id: 7\ndomain_name: gorynich 19\nmd5sum: \naccepted_at: \ndeleted_at: \nallow_del_at: \ncreated_at: 2013-06-13 06:50:47.195371328 Z\nupdated_at: 2013-06-13 06:50:47.195371328 Z\nid: 10\n	2013-06-13 06:50:47.227163
19	Equipment	11	create	\N	\N	2013-06-13 06:50:47.249016
20	Equipment	12	create	\N	\N	2013-06-13 06:50:47.291009
21	Equipment	12	update	\N	---\ninventory_id: 12\nroom_id: 8\nresponsible_id: 14\ndomain_name: mars 14\nmd5sum: \naccepted_at: \ndeleted_at: \nallow_del_at: \ncreated_at: 2013-06-13 06:50:47.287825591 Z\nupdated_at: 2013-06-13 06:50:47.287825591 Z\nid: 12\n	2013-06-13 06:50:47.319076
22	Equipment	13	create	\N	\N	2013-06-13 06:50:47.345929
23	Equipment	13	update	\N	---\ninventory_id: 37\nroom_id: 4\nresponsible_id: 20\ndomain_name: fire 12\nmd5sum: \naccepted_at: \ndeleted_at: \nallow_del_at: \ncreated_at: 2013-06-13 06:50:47.342690628 Z\nupdated_at: 2013-06-13 06:50:47.342690628 Z\nid: 13\n	2013-06-13 06:50:47.36879
24	Equipment	14	create	\N	\N	2013-06-13 06:50:47.441917
25	Equipment	14	update	\N	---\ninventory_id: 19\nroom_id: 8\nresponsible_id: 16\ndomain_name: gorynich 24\nmd5sum: \naccepted_at: \ndeleted_at: \nallow_del_at: \ncreated_at: 2013-06-13 06:50:47.406744565 Z\nupdated_at: 2013-06-13 06:50:47.406744565 Z\nid: 14\n	2013-06-13 06:50:47.469113
26	Equipment	15	create	\N	\N	2013-06-13 06:50:47.50607
27	Equipment	15	update	\N	---\ninventory_id: 23\nroom_id: 10\nresponsible_id: 3\ndomain_name: gorynich 24\nmd5sum: \naccepted_at: \ndeleted_at: \nallow_del_at: \ncreated_at: 2013-06-13 06:50:47.502866595 Z\nupdated_at: 2013-06-13 06:50:47.502866595 Z\nid: 15\n	2013-06-13 06:50:47.535771
28	Equipment	16	create	\N	\N	2013-06-13 06:50:47.562549
29	Equipment	16	update	\N	---\ninventory_id: 48\nroom_id: 12\nresponsible_id: 8\ndomain_name: stone 1\nmd5sum: \naccepted_at: \ndeleted_at: \nallow_del_at: \ncreated_at: 2013-06-13 06:50:47.559241496 Z\nupdated_at: 2013-06-13 06:50:47.559241496 Z\nid: 16\n	2013-06-13 06:50:47.58558
30	Equipment	17	create	\N	\N	2013-06-13 06:50:47.610395
31	Equipment	18	create	\N	\N	2013-06-13 06:50:47.646011
32	Equipment	18	update	\N	---\ninventory_id: 4\nroom_id: 11\nresponsible_id: 17\ndomain_name: ghost 13\nmd5sum: \naccepted_at: \ndeleted_at: \nallow_del_at: \ncreated_at: 2013-06-13 06:50:47.643765296 Z\nupdated_at: 2013-06-13 06:50:47.643765296 Z\nid: 18\n	2013-06-13 06:50:47.668383
33	Equipment	19	create	\N	\N	2013-06-13 06:50:47.709934
34	Equipment	19	update	\N	---\ninventory_id: 32\nroom_id: 2\nresponsible_id: 1\ndomain_name: monster 4\nmd5sum: \naccepted_at: \ndeleted_at: \nallow_del_at: \ncreated_at: 2013-06-13 06:50:47.706778434 Z\nupdated_at: 2013-06-13 06:50:47.706778434 Z\nid: 19\n	2013-06-13 06:50:47.74447
35	Equipment	20	create	\N	\N	2013-06-13 06:50:47.785873
36	Equipment	21	create	\N	\N	2013-06-13 06:50:47.842937
37	Equipment	21	update	\N	---\ninventory_id: 38\nroom_id: 11\nresponsible_id: 4\ndomain_name: ice 24\nmd5sum: \naccepted_at: \ndeleted_at: \nallow_del_at: \ncreated_at: 2013-06-13 06:50:47.839626304 Z\nupdated_at: 2013-06-13 06:50:47.839626304 Z\nid: 21\n	2013-06-13 06:50:47.868858
38	Equipment	22	create	\N	\N	2013-06-13 06:50:47.897838
39	Equipment	23	create	\N	\N	2013-06-13 06:50:47.936124
40	Equipment	23	update	\N	---\ninventory_id: 25\nroom_id: 9\nresponsible_id: 4\ndomain_name: stone 10\nmd5sum: \naccepted_at: \ndeleted_at: \nallow_del_at: \ncreated_at: 2013-06-13 06:50:47.933044734 Z\nupdated_at: 2013-06-13 06:50:47.933044734 Z\nid: 23\n	2013-06-13 06:50:47.960813
41	Equipment	24	create	\N	\N	2013-06-13 06:50:47.982833
42	Equipment	24	update	\N	---\ninventory_id: 42\nroom_id: 11\nresponsible_id: 1\ndomain_name: lib 8\nmd5sum: \naccepted_at: \ndeleted_at: \nallow_del_at: \ncreated_at: 2013-06-13 06:50:47.979472286 Z\nupdated_at: 2013-06-13 06:50:47.979472286 Z\nid: 24\n	2013-06-13 06:50:48.002388
43	Equipment	25	create	\N	\N	2013-06-13 06:50:48.045469
44	Equipment	25	update	\N	---\ninventory_id: 23\nroom_id: 5\nresponsible_id: 9\ndomain_name: monster 19\nmd5sum: \naccepted_at: \ndeleted_at: \nallow_del_at: \ncreated_at: 2013-06-13 06:50:48.042290838 Z\nupdated_at: 2013-06-13 06:50:48.042290838 Z\nid: 25\n	2013-06-13 06:50:48.077084
45	Equipment	26	create	\N	\N	2013-06-13 06:50:48.118962
46	Equipment	26	update	\N	---\ninventory_id: 38\nroom_id: 4\nresponsible_id: 5\ndomain_name: gorynich 21\nmd5sum: \naccepted_at: \ndeleted_at: \nallow_del_at: \ncreated_at: 2013-06-13 06:50:48.115620833 Z\nupdated_at: 2013-06-13 06:50:48.115620833 Z\nid: 26\n	2013-06-13 06:50:48.152501
47	Equipment	27	create	\N	\N	2013-06-13 06:50:48.177841
48	Equipment	28	create	\N	\N	2013-06-13 06:50:48.217941
49	Equipment	28	update	\N	---\ninventory_id: 43\nroom_id: 1\nresponsible_id: 7\ndomain_name: gorynich 4\nmd5sum: \naccepted_at: \ndeleted_at: \nallow_del_at: \ncreated_at: 2013-06-13 06:50:48.214799885 Z\nupdated_at: 2013-06-13 06:50:48.214799885 Z\nid: 28\n	2013-06-13 06:50:48.244165
50	Equipment	29	create	\N	\N	2013-06-13 06:50:48.337098
51	Equipment	30	create	\N	\N	2013-06-13 06:50:48.388535
102	Equipment	59	create	\N	\N	2013-06-13 06:50:50.094111
103	Equipment	60	create	\N	\N	2013-06-13 06:50:50.13833
52	Equipment	30	update	\N	---\ninventory_id: 41\nroom_id: 1\nresponsible_id: 7\ndomain_name: ghost 4\nmd5sum: \naccepted_at: \ndeleted_at: \nallow_del_at: \ncreated_at: 2013-06-13 06:50:48.385201232 Z\nupdated_at: 2013-06-13 06:50:48.385201232 Z\nid: 30\n	2013-06-13 06:50:48.410951
53	Equipment	31	create	\N	\N	2013-06-13 06:50:48.444693
54	Equipment	31	update	\N	---\ninventory_id: 24\nroom_id: 12\nresponsible_id: 8\ndomain_name: ice 3\nmd5sum: \naccepted_at: \ndeleted_at: \nallow_del_at: \ncreated_at: 2013-06-13 06:50:48.441516475 Z\nupdated_at: 2013-06-13 06:50:48.441516475 Z\nid: 31\n	2013-06-13 06:50:48.469079
55	Equipment	32	create	\N	\N	2013-06-13 06:50:48.511515
56	Equipment	32	update	\N	---\ninventory_id: 47\nroom_id: 10\nresponsible_id: 8\ndomain_name: ghost 5\nmd5sum: \naccepted_at: \ndeleted_at: \nallow_del_at: \ncreated_at: 2013-06-13 06:50:48.508072482 Z\nupdated_at: 2013-06-13 06:50:48.508072482 Z\nid: 32\n	2013-06-13 06:50:48.544285
57	Equipment	33	create	\N	\N	2013-06-13 06:50:48.586106
58	Equipment	33	update	\N	---\ninventory_id: 42\nroom_id: 12\nresponsible_id: 19\ndomain_name: ghost 17\nmd5sum: \naccepted_at: \ndeleted_at: \nallow_del_at: \ncreated_at: 2013-06-13 06:50:48.582758240 Z\nupdated_at: 2013-06-13 06:50:48.582758240 Z\nid: 33\n	2013-06-13 06:50:48.619082
59	Equipment	34	create	\N	\N	2013-06-13 06:50:48.651291
60	Equipment	34	update	\N	---\ninventory_id: 22\nroom_id: 12\nresponsible_id: 5\ndomain_name: gorynich 6\nmd5sum: \naccepted_at: \ndeleted_at: \nallow_del_at: \ncreated_at: 2013-06-13 06:50:48.648097953 Z\nupdated_at: 2013-06-13 06:50:48.648097953 Z\nid: 34\n	2013-06-13 06:50:48.677256
61	Equipment	35	create	\N	\N	2013-06-13 06:50:48.708019
62	Equipment	35	update	\N	---\ninventory_id: 14\nroom_id: 5\nresponsible_id: 7\ndomain_name: monster 21\nmd5sum: \naccepted_at: \ndeleted_at: \nallow_del_at: \ncreated_at: 2013-06-13 06:50:48.704878251 Z\nupdated_at: 2013-06-13 06:50:48.704878251 Z\nid: 35\n	2013-06-13 06:50:48.736003
63	Equipment	36	create	\N	\N	2013-06-13 06:50:48.758257
64	Equipment	37	create	\N	\N	2013-06-13 06:50:48.788148
65	Equipment	37	update	\N	---\ninventory_id: 13\nroom_id: 8\nresponsible_id: 20\ndomain_name: fire 12\nmd5sum: \naccepted_at: \ndeleted_at: \nallow_del_at: \ncreated_at: 2013-06-13 06:50:48.785131195 Z\nupdated_at: 2013-06-13 06:50:48.785131195 Z\nid: 37\n	2013-06-13 06:50:48.811204
66	Equipment	38	create	\N	\N	2013-06-13 06:50:48.850449
67	Equipment	38	update	\N	---\ninventory_id: 45\nroom_id: 12\nresponsible_id: 16\ndomain_name: monster 19\nmd5sum: \naccepted_at: \ndeleted_at: \nallow_del_at: \ncreated_at: 2013-06-13 06:50:48.847309191 Z\nupdated_at: 2013-06-13 06:50:48.847309191 Z\nid: 38\n	2013-06-13 06:50:48.877868
68	Equipment	39	create	\N	\N	2013-06-13 06:50:48.917011
69	Equipment	40	create	\N	\N	2013-06-13 06:50:48.973594
70	Equipment	41	create	\N	\N	2013-06-13 06:50:49.025565
71	Equipment	41	update	\N	---\ninventory_id: 13\nroom_id: 2\nresponsible_id: 19\ndomain_name: mars 22\nmd5sum: \naccepted_at: \ndeleted_at: \nallow_del_at: \ncreated_at: 2013-06-13 06:50:49.022343776 Z\nupdated_at: 2013-06-13 06:50:49.022343776 Z\nid: 41\n	2013-06-13 06:50:49.05284
72	Equipment	42	create	\N	\N	2013-06-13 06:50:49.074944
73	Equipment	42	update	\N	---\ninventory_id: 43\nroom_id: 1\nresponsible_id: 12\ndomain_name: stone 5\nmd5sum: \naccepted_at: \ndeleted_at: \nallow_del_at: \ncreated_at: 2013-06-13 06:50:49.071663692 Z\nupdated_at: 2013-06-13 06:50:49.071663692 Z\nid: 42\n	2013-06-13 06:50:49.094213
74	Equipment	43	create	\N	\N	2013-06-13 06:50:49.126974
75	Equipment	43	update	\N	---\ninventory_id: 41\nroom_id: 3\nresponsible_id: 4\ndomain_name: mars 18\nmd5sum: \naccepted_at: \ndeleted_at: \nallow_del_at: \ncreated_at: 2013-06-13 06:50:49.123528765 Z\nupdated_at: 2013-06-13 06:50:49.123528765 Z\nid: 43\n	2013-06-13 06:50:49.186264
76	Equipment	44	create	\N	\N	2013-06-13 06:50:49.215619
77	Equipment	44	update	\N	---\ninventory_id: 1\nroom_id: 4\nresponsible_id: 17\ndomain_name: ghost 7\nmd5sum: \naccepted_at: \ndeleted_at: \nallow_del_at: \ncreated_at: 2013-06-13 06:50:49.212388370 Z\nupdated_at: 2013-06-13 06:50:49.212388370 Z\nid: 44\n	2013-06-13 06:50:49.237096
78	Equipment	45	create	\N	\N	2013-06-13 06:50:49.271379
79	Equipment	45	update	\N	---\ninventory_id: 37\nroom_id: 4\nresponsible_id: 15\ndomain_name: fire 16\nmd5sum: \naccepted_at: \ndeleted_at: \nallow_del_at: \ncreated_at: 2013-06-13 06:50:49.268151504 Z\nupdated_at: 2013-06-13 06:50:49.268151504 Z\nid: 45\n	2013-06-13 06:50:49.302789
80	Equipment	46	create	\N	\N	2013-06-13 06:50:49.332486
81	Equipment	46	update	\N	---\ninventory_id: 27\nroom_id: 4\nresponsible_id: 1\ndomain_name: gorynich 5\nmd5sum: \naccepted_at: \ndeleted_at: \nallow_del_at: \ncreated_at: 2013-06-13 06:50:49.329313679 Z\nupdated_at: 2013-06-13 06:50:49.329313679 Z\nid: 46\n	2013-06-13 06:50:49.361257
82	Equipment	47	create	\N	\N	2013-06-13 06:50:49.395374
83	Equipment	47	update	\N	---\ninventory_id: 34\nroom_id: 1\nresponsible_id: 16\ndomain_name: stone 10\nmd5sum: \naccepted_at: \ndeleted_at: \nallow_del_at: \ncreated_at: 2013-06-13 06:50:49.392181699 Z\nupdated_at: 2013-06-13 06:50:49.392181699 Z\nid: 47\n	2013-06-13 06:50:49.42003
84	Equipment	48	create	\N	\N	2013-06-13 06:50:49.451545
85	Equipment	48	update	\N	---\ninventory_id: 34\nroom_id: 8\nresponsible_id: 8\ndomain_name: ice 6\nmd5sum: \naccepted_at: \ndeleted_at: \nallow_del_at: \ncreated_at: 2013-06-13 06:50:49.448414864 Z\nupdated_at: 2013-06-13 06:50:49.448414864 Z\nid: 48\n	2013-06-13 06:50:49.477768
86	Equipment	49	create	\N	\N	2013-06-13 06:50:49.519061
87	Equipment	49	update	\N	---\ninventory_id: 42\nroom_id: 3\nresponsible_id: 17\ndomain_name: ghost 7\nmd5sum: \naccepted_at: \ndeleted_at: \nallow_del_at: \ncreated_at: 2013-06-13 06:50:49.515609997 Z\nupdated_at: 2013-06-13 06:50:49.515609997 Z\nid: 49\n	2013-06-13 06:50:49.552983
88	Equipment	50	create	\N	\N	2013-06-13 06:50:49.592776
89	Equipment	51	create	\N	\N	2013-06-13 06:50:49.642503
90	Equipment	51	update	\N	---\ninventory_id: 31\nroom_id: 9\nresponsible_id: 13\ndomain_name: fire 4\nmd5sum: \naccepted_at: \ndeleted_at: \nallow_del_at: \ncreated_at: 2013-06-13 06:50:49.640204619 Z\nupdated_at: 2013-06-13 06:50:49.640204619 Z\nid: 51\n	2013-06-13 06:50:49.669876
91	Equipment	52	create	\N	\N	2013-06-13 06:50:49.704178
92	Equipment	53	create	\N	\N	2013-06-13 06:50:49.750613
93	Equipment	54	create	\N	\N	2013-06-13 06:50:49.787637
94	Equipment	54	update	\N	---\ninventory_id: 30\nroom_id: 12\nresponsible_id: 3\ndomain_name: ghost 13\nmd5sum: \naccepted_at: \ndeleted_at: \nallow_del_at: \ncreated_at: 2013-06-13 06:50:49.784519713 Z\nupdated_at: 2013-06-13 06:50:49.784519713 Z\nid: 54\n	2013-06-13 06:50:49.81167
95	Equipment	55	create	\N	\N	2013-06-13 06:50:49.83323
96	Equipment	56	create	\N	\N	2013-06-13 06:50:49.873183
97	Equipment	56	update	\N	---\ninventory_id: 27\nroom_id: 10\nresponsible_id: 5\ndomain_name: lib 19\nmd5sum: \naccepted_at: \ndeleted_at: \nallow_del_at: \ncreated_at: 2013-06-13 06:50:49.870094733 Z\nupdated_at: 2013-06-13 06:50:49.870094733 Z\nid: 56\n	2013-06-13 06:50:49.90316
98	Equipment	57	create	\N	\N	2013-06-13 06:50:49.937649
99	Equipment	57	update	\N	---\ninventory_id: 37\nroom_id: 2\nresponsible_id: 6\ndomain_name: stone 5\nmd5sum: \naccepted_at: \ndeleted_at: \nallow_del_at: \ncreated_at: 2013-06-13 06:50:49.934395538 Z\nupdated_at: 2013-06-13 06:50:49.934395538 Z\nid: 57\n	2013-06-13 06:50:49.969879
100	Equipment	58	create	\N	\N	2013-06-13 06:50:50.034254
101	Equipment	58	update	\N	---\ninventory_id: 5\nroom_id: 4\nresponsible_id: 16\ndomain_name: lib 3\nmd5sum: \naccepted_at: \ndeleted_at: \nallow_del_at: \ncreated_at: 2013-06-13 06:50:50.032277136 Z\nupdated_at: 2013-06-13 06:50:50.032277136 Z\nid: 58\n	2013-06-13 06:50:50.061827
104	Equipment	60	update	\N	---\ninventory_id: 28\nroom_id: 10\nresponsible_id: 16\ndomain_name: lib 23\nmd5sum: \naccepted_at: \ndeleted_at: \nallow_del_at: \ncreated_at: 2013-06-13 06:50:50.135101396 Z\nupdated_at: 2013-06-13 06:50:50.135101396 Z\nid: 60\n	2013-06-13 06:50:50.161208
105	Equipment	61	create	\N	\N	2013-06-13 06:50:50.183164
106	Equipment	61	update	\N	---\ninventory_id: 44\nroom_id: 1\nresponsible_id: 19\ndomain_name: lib 1\nmd5sum: \naccepted_at: \ndeleted_at: \nallow_del_at: \ncreated_at: 2013-06-13 06:50:50.180080402 Z\nupdated_at: 2013-06-13 06:50:50.180080402 Z\nid: 61\n	2013-06-13 06:50:50.203225
107	Equipment	62	create	\N	\N	2013-06-13 06:50:50.248924
108	Equipment	62	update	\N	---\ninventory_id: 37\nroom_id: 9\nresponsible_id: 5\ndomain_name: mars 20\nmd5sum: \naccepted_at: \ndeleted_at: \nallow_del_at: \ncreated_at: 2013-06-13 06:50:50.245584858 Z\nupdated_at: 2013-06-13 06:50:50.245584858 Z\nid: 62\n	2013-06-13 06:50:50.286767
109	Equipment	63	create	\N	\N	2013-06-13 06:50:50.328399
110	Equipment	63	update	\N	---\ninventory_id: 36\nroom_id: 10\nresponsible_id: 3\ndomain_name: stone 3\nmd5sum: \naccepted_at: \ndeleted_at: \nallow_del_at: \ncreated_at: 2013-06-13 06:50:50.324964041 Z\nupdated_at: 2013-06-13 06:50:50.324964041 Z\nid: 63\n	2013-06-13 06:50:50.361917
111	Equipment	64	create	\N	\N	2013-06-13 06:50:50.393597
112	Equipment	64	update	\N	---\ninventory_id: 47\nroom_id: 5\nresponsible_id: 9\ndomain_name: lib 19\nmd5sum: \naccepted_at: \ndeleted_at: \nallow_del_at: \ncreated_at: 2013-06-13 06:50:50.390408728 Z\nupdated_at: 2013-06-13 06:50:50.390408728 Z\nid: 64\n	2013-06-13 06:50:50.420317
113	Equipment	65	create	\N	\N	2013-06-13 06:50:50.461387
114	Equipment	65	update	\N	---\ninventory_id: 42\nroom_id: 11\nresponsible_id: 12\ndomain_name: lib 3\nmd5sum: \naccepted_at: \ndeleted_at: \nallow_del_at: \ncreated_at: 2013-06-13 06:50:50.457695564 Z\nupdated_at: 2013-06-13 06:50:50.457695564 Z\nid: 65\n	2013-06-13 06:50:50.495347
115	Equipment	66	create	\N	\N	2013-06-13 06:50:50.539069
116	Equipment	66	update	\N	---\ninventory_id: 32\nroom_id: 6\nresponsible_id: 2\ndomain_name: ice 17\nmd5sum: \naccepted_at: \ndeleted_at: \nallow_del_at: \ncreated_at: 2013-06-13 06:50:50.535831960 Z\nupdated_at: 2013-06-13 06:50:50.535831960 Z\nid: 66\n	2013-06-13 06:50:50.570343
117	Equipment	67	create	\N	\N	2013-06-13 06:50:50.598992
118	Equipment	67	update	\N	---\ninventory_id: 45\nroom_id: 12\nresponsible_id: 4\ndomain_name: ice 14\nmd5sum: \naccepted_at: \ndeleted_at: \nallow_del_at: \ncreated_at: 2013-06-13 06:50:50.595775014 Z\nupdated_at: 2013-06-13 06:50:50.595775014 Z\nid: 67\n	2013-06-13 06:50:50.620133
119	Equipment	68	create	\N	\N	2013-06-13 06:50:50.651182
120	Equipment	69	create	\N	\N	2013-06-13 06:50:50.712127
121	Equipment	69	update	\N	---\ninventory_id: 31\nroom_id: 9\nresponsible_id: 15\ndomain_name: monster 21\nmd5sum: \naccepted_at: \ndeleted_at: \nallow_del_at: \ncreated_at: 2013-06-13 06:50:50.709001692 Z\nupdated_at: 2013-06-13 06:50:50.709001692 Z\nid: 69\n	2013-06-13 06:50:50.745181
122	Equipment	70	create	\N	\N	2013-06-13 06:50:50.772204
123	Equipment	70	update	\N	---\ninventory_id: 11\nroom_id: 12\nresponsible_id: 13\ndomain_name: lib 10\nmd5sum: \naccepted_at: \ndeleted_at: \nallow_del_at: \ncreated_at: 2013-06-13 06:50:50.769006471 Z\nupdated_at: 2013-06-13 06:50:50.769006471 Z\nid: 70\n	2013-06-13 06:50:50.794959
124	Equipment	71	create	\N	\N	2013-06-13 06:50:50.837319
125	Equipment	71	update	\N	---\ninventory_id: 21\nroom_id: 11\nresponsible_id: 7\ndomain_name: lib 22\nmd5sum: \naccepted_at: \ndeleted_at: \nallow_del_at: \ncreated_at: 2013-06-13 06:50:50.833538395 Z\nupdated_at: 2013-06-13 06:50:50.833538395 Z\nid: 71\n	2013-06-13 06:50:50.870284
126	Equipment	72	create	\N	\N	2013-06-13 06:50:50.922449
127	Equipment	72	update	\N	---\ninventory_id: 29\nroom_id: 12\nresponsible_id: 4\ndomain_name: ice 17\nmd5sum: \naccepted_at: \ndeleted_at: \nallow_del_at: \ncreated_at: 2013-06-13 06:50:50.919666157 Z\nupdated_at: 2013-06-13 06:50:50.919666157 Z\nid: 72\n	2013-06-13 06:50:50.945195
128	Equipment	73	create	\N	\N	2013-06-13 06:50:50.980727
129	Equipment	74	create	\N	\N	2013-06-13 06:50:51.031439
130	Equipment	74	update	\N	---\ninventory_id: 37\nroom_id: 10\nresponsible_id: 18\ndomain_name: ghost 10\nmd5sum: \naccepted_at: \ndeleted_at: \nallow_del_at: \ncreated_at: 2013-06-13 06:50:51.028134727 Z\nupdated_at: 2013-06-13 06:50:51.028134727 Z\nid: 74\n	2013-06-13 06:50:51.061814
131	Equipment	75	create	\N	\N	2013-06-13 06:50:51.084409
132	Equipment	75	update	\N	---\ninventory_id: 31\nroom_id: 8\nresponsible_id: 16\ndomain_name: monster 8\nmd5sum: \naccepted_at: \ndeleted_at: \nallow_del_at: \ncreated_at: 2013-06-13 06:50:51.080826176 Z\nupdated_at: 2013-06-13 06:50:51.080826176 Z\nid: 75\n	2013-06-13 06:50:51.103568
133	Equipment	76	create	\N	\N	2013-06-13 06:50:51.138171
134	Equipment	76	update	\N	---\ninventory_id: 33\nroom_id: 5\nresponsible_id: 1\ndomain_name: stone 19\nmd5sum: \naccepted_at: \ndeleted_at: \nallow_del_at: \ncreated_at: 2013-06-13 06:50:51.134881108 Z\nupdated_at: 2013-06-13 06:50:51.134881108 Z\nid: 76\n	2013-06-13 06:50:51.16233
135	Equipment	77	create	\N	\N	2013-06-13 06:50:51.184154
136	Equipment	77	update	\N	---\ninventory_id: 28\nroom_id: 4\nresponsible_id: 6\ndomain_name: ice 18\nmd5sum: \naccepted_at: \ndeleted_at: \nallow_del_at: \ncreated_at: 2013-06-13 06:50:51.180964691 Z\nupdated_at: 2013-06-13 06:50:51.180964691 Z\nid: 77\n	2013-06-13 06:50:51.203831
137	Equipment	78	create	\N	\N	2013-06-13 06:50:51.236791
138	Equipment	78	update	\N	---\ninventory_id: 7\nroom_id: 8\nresponsible_id: 9\ndomain_name: ice 15\nmd5sum: \naccepted_at: \ndeleted_at: \nallow_del_at: \ncreated_at: 2013-06-13 06:50:51.233584217 Z\nupdated_at: 2013-06-13 06:50:51.233584217 Z\nid: 78\n	2013-06-13 06:50:51.261747
139	Equipment	79	create	\N	\N	2013-06-13 06:50:51.306675
140	Equipment	79	update	\N	---\ninventory_id: 30\nroom_id: 1\nresponsible_id: 14\ndomain_name: gorynich 21\nmd5sum: \naccepted_at: \ndeleted_at: \nallow_del_at: \ncreated_at: 2013-06-13 06:50:51.303470806 Z\nupdated_at: 2013-06-13 06:50:51.303470806 Z\nid: 79\n	2013-06-13 06:50:51.337056
141	Equipment	80	create	\N	\N	2013-06-13 06:50:51.361221
142	Equipment	80	update	\N	---\ninventory_id: 23\nroom_id: 10\nresponsible_id: 17\ndomain_name: monster 4\nmd5sum: \naccepted_at: \ndeleted_at: \nallow_del_at: \ncreated_at: 2013-06-13 06:50:51.358078658 Z\nupdated_at: 2013-06-13 06:50:51.358078658 Z\nid: 80\n	2013-06-13 06:50:51.379176
143	Equipment	81	create	\N	\N	2013-06-13 06:50:51.419695
144	Equipment	81	update	\N	---\ninventory_id: 20\nroom_id: 1\nresponsible_id: 3\ndomain_name: lib 4\nmd5sum: \naccepted_at: \ndeleted_at: \nallow_del_at: \ncreated_at: 2013-06-13 06:50:51.416517163 Z\nupdated_at: 2013-06-13 06:50:51.416517163 Z\nid: 81\n	2013-06-13 06:50:51.453864
145	Equipment	82	create	\N	\N	2013-06-13 06:50:51.484652
146	Equipment	82	update	\N	---\ninventory_id: 49\nroom_id: 4\nresponsible_id: 18\ndomain_name: gorynich 2\nmd5sum: \naccepted_at: \ndeleted_at: \nallow_del_at: \ncreated_at: 2013-06-13 06:50:51.481540317 Z\nupdated_at: 2013-06-13 06:50:51.481540317 Z\nid: 82\n	2013-06-13 06:50:51.51236
147	Equipment	83	create	\N	\N	2013-06-13 06:50:51.534238
148	Equipment	84	create	\N	\N	2013-06-13 06:50:51.581294
149	Equipment	85	create	\N	\N	2013-06-13 06:50:51.634299
150	Equipment	85	update	\N	---\ninventory_id: 4\nroom_id: 12\nresponsible_id: 12\ndomain_name: fire 21\nmd5sum: \naccepted_at: \ndeleted_at: \nallow_del_at: \ncreated_at: 2013-06-13 06:50:51.631008277 Z\nupdated_at: 2013-06-13 06:50:51.631008277 Z\nid: 85\n	2013-06-13 06:50:51.678799
151	Equipment	86	create	\N	\N	2013-06-13 06:50:51.717918
152	Equipment	86	update	\N	---\ninventory_id: 30\nroom_id: 12\nresponsible_id: 9\ndomain_name: fire 10\nmd5sum: \naccepted_at: \ndeleted_at: \nallow_del_at: \ncreated_at: 2013-06-13 06:50:51.714508769 Z\nupdated_at: 2013-06-13 06:50:51.714508769 Z\nid: 86\n	2013-06-13 06:50:51.785055
153	Equipment	87	create	\N	\N	2013-06-13 06:50:51.829517
154	Equipment	87	update	\N	---\ninventory_id: 15\nroom_id: 8\nresponsible_id: 1\ndomain_name: ice 19\nmd5sum: \naccepted_at: \ndeleted_at: \nallow_del_at: \ncreated_at: 2013-06-13 06:50:51.826184417 Z\nupdated_at: 2013-06-13 06:50:51.826184417 Z\nid: 87\n	2013-06-13 06:50:51.862447
155	Equipment	88	create	\N	\N	2013-06-13 06:50:51.90157
156	Equipment	88	update	\N	---\ninventory_id: 29\nroom_id: 10\nresponsible_id: 1\ndomain_name: gorynich 10\nmd5sum: \naccepted_at: \ndeleted_at: \nallow_del_at: \ncreated_at: 2013-06-13 06:50:51.898123010 Z\nupdated_at: 2013-06-13 06:50:51.898123010 Z\nid: 88\n	2013-06-13 06:50:51.928879
157	Equipment	89	create	\N	\N	2013-06-13 06:50:52.106255
158	Equipment	89	update	\N	---\ninventory_id: 36\nroom_id: 5\nresponsible_id: 11\ndomain_name: gorynich 11\nmd5sum: \naccepted_at: \ndeleted_at: \nallow_del_at: \ncreated_at: 2013-06-13 06:50:52.103097206 Z\nupdated_at: 2013-06-13 06:50:52.103097206 Z\nid: 89\n	2013-06-13 06:50:52.137382
159	Equipment	90	create	\N	\N	2013-06-13 06:50:52.17967
160	Equipment	91	create	\N	\N	2013-06-13 06:50:52.226098
161	Equipment	91	update	\N	---\ninventory_id: 3\nroom_id: 6\nresponsible_id: 9\ndomain_name: gorynich 7\nmd5sum: \naccepted_at: \ndeleted_at: \nallow_del_at: \ncreated_at: 2013-06-13 06:50:52.222902522 Z\nupdated_at: 2013-06-13 06:50:52.222902522 Z\nid: 91\n	2013-06-13 06:50:52.245951
162	Equipment	92	create	\N	\N	2013-06-13 06:50:52.285319
163	Equipment	93	create	\N	\N	2013-06-13 06:50:52.330838
164	Equipment	93	update	\N	---\ninventory_id: 15\nroom_id: 9\nresponsible_id: 3\ndomain_name: fire 3\nmd5sum: \naccepted_at: \ndeleted_at: \nallow_del_at: \ncreated_at: 2013-06-13 06:50:52.327566517 Z\nupdated_at: 2013-06-13 06:50:52.327566517 Z\nid: 93\n	2013-06-13 06:50:52.354256
165	Equipment	94	create	\N	\N	2013-06-13 06:50:52.383778
166	Equipment	94	update	\N	---\ninventory_id: 5\nroom_id: 11\nresponsible_id: 8\ndomain_name: gorynich 22\nmd5sum: \naccepted_at: \ndeleted_at: \nallow_del_at: \ncreated_at: 2013-06-13 06:50:52.380562960 Z\nupdated_at: 2013-06-13 06:50:52.380562960 Z\nid: 94\n	2013-06-13 06:50:52.404346
167	Equipment	95	create	\N	\N	2013-06-13 06:50:52.448322
168	Equipment	95	update	\N	---\ninventory_id: 25\nroom_id: 2\nresponsible_id: 3\ndomain_name: monster 14\nmd5sum: \naccepted_at: \ndeleted_at: \nallow_del_at: \ncreated_at: 2013-06-13 06:50:52.445056885 Z\nupdated_at: 2013-06-13 06:50:52.445056885 Z\nid: 95\n	2013-06-13 06:50:52.479091
169	Equipment	96	create	\N	\N	2013-06-13 06:50:52.523202
170	Equipment	96	update	\N	---\ninventory_id: 31\nroom_id: 12\nresponsible_id: 17\ndomain_name: stone 18\nmd5sum: \naccepted_at: \ndeleted_at: \nallow_del_at: \ncreated_at: 2013-06-13 06:50:52.519835714 Z\nupdated_at: 2013-06-13 06:50:52.519835714 Z\nid: 96\n	2013-06-13 06:50:52.571185
171	Equipment	97	create	\N	\N	2013-06-13 06:50:52.594825
172	Equipment	97	update	\N	---\ninventory_id: 16\nroom_id: 8\nresponsible_id: 4\ndomain_name: stone 4\nmd5sum: \naccepted_at: \ndeleted_at: \nallow_del_at: \ncreated_at: 2013-06-13 06:50:52.591687093 Z\nupdated_at: 2013-06-13 06:50:52.591687093 Z\nid: 97\n	2013-06-13 06:50:52.612583
173	Equipment	98	create	\N	\N	2013-06-13 06:50:52.644299
174	Equipment	98	update	\N	---\ninventory_id: 22\nroom_id: 7\nresponsible_id: 19\ndomain_name: fire 23\nmd5sum: \naccepted_at: \ndeleted_at: \nallow_del_at: \ncreated_at: 2013-06-13 06:50:52.642209642 Z\nupdated_at: 2013-06-13 06:50:52.642209642 Z\nid: 98\n	2013-06-13 06:50:52.67078
175	Equipment	99	create	\N	\N	2013-06-13 06:50:52.714645
176	Equipment	99	update	\N	---\ninventory_id: 7\nroom_id: 6\nresponsible_id: 16\ndomain_name: lib 1\nmd5sum: \naccepted_at: \ndeleted_at: \nallow_del_at: \ncreated_at: 2013-06-13 06:50:52.711454675 Z\nupdated_at: 2013-06-13 06:50:52.711454675 Z\nid: 99\n	2013-06-13 06:50:52.746125
177	Equipment	100	create	\N	\N	2013-06-13 06:50:52.819065
178	Equipment	100	update	\N	---\ninventory_id: 39\nroom_id: 1\nresponsible_id: 3\ndomain_name: stone 15\nmd5sum: \naccepted_at: \ndeleted_at: \nallow_del_at: \ncreated_at: 2013-06-13 06:50:52.815663230 Z\nupdated_at: 2013-06-13 06:50:52.815663230 Z\nid: 100\n	2013-06-13 06:50:52.84634
179	Equipment	101	create	\N	\N	2013-06-13 06:50:52.873196
180	Equipment	101	update	\N	---\ninventory_id: 11\nroom_id: 7\nresponsible_id: 2\ndomain_name: mars 13\nmd5sum: \naccepted_at: \ndeleted_at: \nallow_del_at: \ncreated_at: 2013-06-13 06:50:52.870037572 Z\nupdated_at: 2013-06-13 06:50:52.870037572 Z\nid: 101\n	2013-06-13 06:50:52.896049
181	Equipment	102	create	\N	\N	2013-06-13 06:50:52.93299
182	Equipment	102	update	\N	---\ninventory_id: 16\nroom_id: 7\nresponsible_id: 8\ndomain_name: ice 10\nmd5sum: \naccepted_at: \ndeleted_at: \nallow_del_at: \ncreated_at: 2013-06-13 06:50:52.929729145 Z\nupdated_at: 2013-06-13 06:50:52.929729145 Z\nid: 102\n	2013-06-13 06:50:52.962914
183	Equipment	103	create	\N	\N	2013-06-13 06:50:52.985033
184	Equipment	104	create	\N	\N	2013-06-13 06:50:53.035872
185	Equipment	104	update	\N	---\ninventory_id: 32\nroom_id: 7\nresponsible_id: 18\ndomain_name: ghost 20\nmd5sum: \naccepted_at: \ndeleted_at: \nallow_del_at: \ncreated_at: 2013-06-13 06:50:53.032548046 Z\nupdated_at: 2013-06-13 06:50:53.032548046 Z\nid: 104\n	2013-06-13 06:50:53.071203
186	Equipment	105	create	\N	\N	2013-06-13 06:50:53.113068
187	Equipment	105	update	\N	---\ninventory_id: 30\nroom_id: 3\nresponsible_id: 16\ndomain_name: stone 18\nmd5sum: \naccepted_at: \ndeleted_at: \nallow_del_at: \ncreated_at: 2013-06-13 06:50:53.109979804 Z\nupdated_at: 2013-06-13 06:50:53.109979804 Z\nid: 105\n	2013-06-13 06:50:53.13786
188	Equipment	106	create	\N	\N	2013-06-13 06:50:53.164568
189	Equipment	106	update	\N	---\ninventory_id: 34\nroom_id: 8\nresponsible_id: 13\ndomain_name: fire 7\nmd5sum: \naccepted_at: \ndeleted_at: \nallow_del_at: \ncreated_at: 2013-06-13 06:50:53.161372391 Z\nupdated_at: 2013-06-13 06:50:53.161372391 Z\nid: 106\n	2013-06-13 06:50:53.18782
190	Equipment	107	create	\N	\N	2013-06-13 06:50:53.222474
191	Equipment	107	update	\N	---\ninventory_id: 3\nroom_id: 10\nresponsible_id: 18\ndomain_name: ice 16\nmd5sum: \naccepted_at: \ndeleted_at: \nallow_del_at: \ncreated_at: 2013-06-13 06:50:53.219255954 Z\nupdated_at: 2013-06-13 06:50:53.219255954 Z\nid: 107\n	2013-06-13 06:50:53.246039
192	Equipment	108	create	\N	\N	2013-06-13 06:50:53.3051
193	Equipment	108	update	\N	---\ninventory_id: 25\nroom_id: 2\nresponsible_id: 4\ndomain_name: ghost 22\nmd5sum: \naccepted_at: \ndeleted_at: \nallow_del_at: \ncreated_at: 2013-06-13 06:50:53.301971494 Z\nupdated_at: 2013-06-13 06:50:53.301971494 Z\nid: 108\n	2013-06-13 06:50:53.329765
194	Equipment	109	create	\N	\N	2013-06-13 06:50:53.372928
195	Equipment	109	update	\N	---\ninventory_id: 50\nroom_id: 10\nresponsible_id: 18\ndomain_name: gorynich 7\nmd5sum: \naccepted_at: \ndeleted_at: \nallow_del_at: \ncreated_at: 2013-06-13 06:50:53.369631464 Z\nupdated_at: 2013-06-13 06:50:53.369631464 Z\nid: 109\n	2013-06-13 06:50:53.404564
196	Equipment	110	create	\N	\N	2013-06-13 06:50:53.426958
197	Equipment	110	update	\N	---\ninventory_id: 46\nroom_id: 8\nresponsible_id: 14\ndomain_name: lib 11\nmd5sum: \naccepted_at: \ndeleted_at: \nallow_del_at: \ncreated_at: 2013-06-13 06:50:53.423785215 Z\nupdated_at: 2013-06-13 06:50:53.423785215 Z\nid: 110\n	2013-06-13 06:50:53.446441
198	Equipment	111	create	\N	\N	2013-06-13 06:50:53.490647
199	Equipment	111	update	\N	---\ninventory_id: 38\nroom_id: 1\nresponsible_id: 5\ndomain_name: ghost 21\nmd5sum: \naccepted_at: \ndeleted_at: \nallow_del_at: \ncreated_at: 2013-06-13 06:50:53.487411278 Z\nupdated_at: 2013-06-13 06:50:53.487411278 Z\nid: 111\n	2013-06-13 06:50:53.52126
200	Equipment	112	create	\N	\N	2013-06-13 06:50:53.543531
201	Equipment	112	update	\N	---\ninventory_id: 26\nroom_id: 4\nresponsible_id: 18\ndomain_name: fire 1\nmd5sum: \naccepted_at: \ndeleted_at: \nallow_del_at: \ncreated_at: 2013-06-13 06:50:53.540423270 Z\nupdated_at: 2013-06-13 06:50:53.540423270 Z\nid: 112\n	2013-06-13 06:50:53.562933
202	Equipment	113	create	\N	\N	2013-06-13 06:50:53.600777
203	Equipment	113	update	\N	---\ninventory_id: 15\nroom_id: 2\nresponsible_id: 8\ndomain_name: ghost 21\nmd5sum: \naccepted_at: \ndeleted_at: \nallow_del_at: \ncreated_at: 2013-06-13 06:50:53.597457910 Z\nupdated_at: 2013-06-13 06:50:53.597457910 Z\nid: 113\n	2013-06-13 06:50:53.629787
204	Equipment	114	create	\N	\N	2013-06-13 06:50:53.693647
205	Equipment	115	create	\N	\N	2013-06-13 06:50:53.731983
206	Equipment	116	create	\N	\N	2013-06-13 06:50:53.784373
207	Equipment	117	create	\N	\N	2013-06-13 06:50:53.828172
208	Equipment	117	update	\N	---\ninventory_id: 31\nroom_id: 8\nresponsible_id: 16\ndomain_name: monster 19\nmd5sum: \naccepted_at: \ndeleted_at: \nallow_del_at: \ncreated_at: 2013-06-13 06:50:53.825065192 Z\nupdated_at: 2013-06-13 06:50:53.825065192 Z\nid: 117\n	2013-06-13 06:50:53.855125
209	Equipment	118	create	\N	\N	2013-06-13 06:50:53.894625
210	Equipment	119	create	\N	\N	2013-06-13 06:50:53.961326
211	Equipment	119	update	\N	---\ninventory_id: 15\nroom_id: 4\nresponsible_id: 16\ndomain_name: monster 23\nmd5sum: \naccepted_at: \ndeleted_at: \nallow_del_at: \ncreated_at: 2013-06-13 06:50:53.958083503 Z\nupdated_at: 2013-06-13 06:50:53.958083503 Z\nid: 119\n	2013-06-13 06:50:53.996724
212	Equipment	120	create	\N	\N	2013-06-13 06:50:54.033763
213	Equipment	120	update	\N	---\ninventory_id: 37\nroom_id: 7\nresponsible_id: 12\ndomain_name: fire 13\nmd5sum: \naccepted_at: \ndeleted_at: \nallow_del_at: \ncreated_at: 2013-06-13 06:50:54.030494906 Z\nupdated_at: 2013-06-13 06:50:54.030494906 Z\nid: 120\n	2013-06-13 06:50:54.06342
214	Equipment	121	create	\N	\N	2013-06-13 06:50:54.098515
215	Equipment	121	update	\N	---\ninventory_id: 8\nroom_id: 4\nresponsible_id: 12\ndomain_name: ghost 17\nmd5sum: \naccepted_at: \ndeleted_at: \nallow_del_at: \ncreated_at: 2013-06-13 06:50:54.095322590 Z\nupdated_at: 2013-06-13 06:50:54.095322590 Z\nid: 121\n	2013-06-13 06:50:54.121729
216	Equipment	122	create	\N	\N	2013-06-13 06:50:54.149052
217	Equipment	122	update	\N	---\ninventory_id: 1\nroom_id: 4\nresponsible_id: 13\ndomain_name: ghost 24\nmd5sum: \naccepted_at: \ndeleted_at: \nallow_del_at: \ncreated_at: 2013-06-13 06:50:54.145822639 Z\nupdated_at: 2013-06-13 06:50:54.145822639 Z\nid: 122\n	2013-06-13 06:50:54.171255
218	Equipment	123	create	\N	\N	2013-06-13 06:50:54.215831
219	Equipment	123	update	\N	---\ninventory_id: 20\nroom_id: 11\nresponsible_id: 12\ndomain_name: lib 10\nmd5sum: \naccepted_at: \ndeleted_at: \nallow_del_at: \ncreated_at: 2013-06-13 06:50:54.212592641 Z\nupdated_at: 2013-06-13 06:50:54.212592641 Z\nid: 123\n	2013-06-13 06:50:54.246421
220	Equipment	124	create	\N	\N	2013-06-13 06:50:54.276736
221	Equipment	125	create	\N	\N	2013-06-13 06:50:54.330254
222	Equipment	126	create	\N	\N	2013-06-13 06:50:54.389217
223	Equipment	127	create	\N	\N	2013-06-13 06:50:54.450907
224	Equipment	127	update	\N	---\ninventory_id: 12\nroom_id: 12\nresponsible_id: 16\ndomain_name: lib 24\nmd5sum: \naccepted_at: \ndeleted_at: \nallow_del_at: \ncreated_at: 2013-06-13 06:50:54.447270791 Z\nupdated_at: 2013-06-13 06:50:54.447270791 Z\nid: 127\n	2013-06-13 06:50:54.479908
225	Equipment	128	create	\N	\N	2013-06-13 06:50:54.564411
226	Equipment	129	create	\N	\N	2013-06-13 06:50:54.609106
227	Equipment	129	update	\N	---\ninventory_id: 18\nroom_id: 3\nresponsible_id: 18\ndomain_name: fire 20\nmd5sum: \naccepted_at: \ndeleted_at: \nallow_del_at: \ncreated_at: 2013-06-13 06:50:54.605803757 Z\nupdated_at: 2013-06-13 06:50:54.605803757 Z\nid: 129\n	2013-06-13 06:50:54.6382
228	Equipment	130	create	\N	\N	2013-06-13 06:50:54.681779
229	Equipment	130	update	\N	---\ninventory_id: 19\nroom_id: 1\nresponsible_id: 9\ndomain_name: monster 6\nmd5sum: \naccepted_at: \ndeleted_at: \nallow_del_at: \ncreated_at: 2013-06-13 06:50:54.678570307 Z\nupdated_at: 2013-06-13 06:50:54.678570307 Z\nid: 130\n	2013-06-13 06:50:54.713782
230	Equipment	131	create	\N	\N	2013-06-13 06:50:54.755446
231	Equipment	131	update	\N	---\ninventory_id: 34\nroom_id: 2\nresponsible_id: 18\ndomain_name: gorynich 1\nmd5sum: \naccepted_at: \ndeleted_at: \nallow_del_at: \ncreated_at: 2013-06-13 06:50:54.752096534 Z\nupdated_at: 2013-06-13 06:50:54.752096534 Z\nid: 131\n	2013-06-13 06:50:54.788504
232	Equipment	132	create	\N	\N	2013-06-13 06:50:54.816095
233	Equipment	132	update	\N	---\ninventory_id: 41\nroom_id: 3\nresponsible_id: 7\ndomain_name: ghost 4\nmd5sum: \naccepted_at: \ndeleted_at: \nallow_del_at: \ncreated_at: 2013-06-13 06:50:54.812829567 Z\nupdated_at: 2013-06-13 06:50:54.812829567 Z\nid: 132\n	2013-06-13 06:50:54.838351
234	Equipment	133	create	\N	\N	2013-06-13 06:50:54.863545
235	Equipment	134	create	\N	\N	2013-06-13 06:50:54.91928
236	Equipment	134	update	\N	---\ninventory_id: 29\nroom_id: 4\nresponsible_id: 13\ndomain_name: mars 23\nmd5sum: \naccepted_at: \ndeleted_at: \nallow_del_at: \ncreated_at: 2013-06-13 06:50:54.915966165 Z\nupdated_at: 2013-06-13 06:50:54.915966165 Z\nid: 134\n	2013-06-13 06:50:54.955076
237	Equipment	135	create	\N	\N	2013-06-13 06:50:54.994732
238	Equipment	136	create	\N	\N	2013-06-13 06:50:55.049282
239	Equipment	136	update	\N	---\ninventory_id: 6\nroom_id: 2\nresponsible_id: 13\ndomain_name: mars 14\nmd5sum: \naccepted_at: \ndeleted_at: \nallow_del_at: \ncreated_at: 2013-06-13 06:50:55.046053658 Z\nupdated_at: 2013-06-13 06:50:55.046053658 Z\nid: 136\n	2013-06-13 06:50:55.080371
240	Equipment	137	create	\N	\N	2013-06-13 06:50:55.108629
241	Equipment	137	update	\N	---\ninventory_id: 15\nroom_id: 9\nresponsible_id: 15\ndomain_name: fire 17\nmd5sum: \naccepted_at: \ndeleted_at: \nallow_del_at: \ncreated_at: 2013-06-13 06:50:55.105485819 Z\nupdated_at: 2013-06-13 06:50:55.105485819 Z\nid: 137\n	2013-06-13 06:50:55.130021
242	Equipment	138	create	\N	\N	2013-06-13 06:50:55.158008
243	Equipment	138	update	\N	---\ninventory_id: 26\nroom_id: 8\nresponsible_id: 1\ndomain_name: fire 23\nmd5sum: \naccepted_at: \ndeleted_at: \nallow_del_at: \ncreated_at: 2013-06-13 06:50:55.154869507 Z\nupdated_at: 2013-06-13 06:50:55.154869507 Z\nid: 138\n	2013-06-13 06:50:55.179945
244	Equipment	139	create	\N	\N	2013-06-13 06:50:55.207337
245	Equipment	139	update	\N	---\ninventory_id: 27\nroom_id: 6\nresponsible_id: 8\ndomain_name: monster 14\nmd5sum: \naccepted_at: \ndeleted_at: \nallow_del_at: \ncreated_at: 2013-06-13 06:50:55.204084147 Z\nupdated_at: 2013-06-13 06:50:55.204084147 Z\nid: 139\n	2013-06-13 06:50:55.23012
246	Equipment	140	create	\N	\N	2013-06-13 06:50:55.271736
247	Equipment	140	update	\N	---\ninventory_id: 14\nroom_id: 8\nresponsible_id: 2\ndomain_name: lib 10\nmd5sum: \naccepted_at: \ndeleted_at: \nallow_del_at: \ncreated_at: 2013-06-13 06:50:55.268521434 Z\nupdated_at: 2013-06-13 06:50:55.268521434 Z\nid: 140\n	2013-06-13 06:50:55.305294
248	Equipment	141	create	\N	\N	2013-06-13 06:50:55.332751
249	Equipment	141	update	\N	---\ninventory_id: 39\nroom_id: 3\nresponsible_id: 10\ndomain_name: gorynich 5\nmd5sum: \naccepted_at: \ndeleted_at: \nallow_del_at: \ncreated_at: 2013-06-13 06:50:55.329427512 Z\nupdated_at: 2013-06-13 06:50:55.329427512 Z\nid: 141\n	2013-06-13 06:50:55.3551
250	Equipment	142	create	\N	\N	2013-06-13 06:50:55.385313
251	Equipment	143	create	\N	\N	2013-06-13 06:50:55.451912
252	Equipment	143	update	\N	---\ninventory_id: 14\nroom_id: 10\nresponsible_id: 4\ndomain_name: mars 23\nmd5sum: \naccepted_at: \ndeleted_at: \nallow_del_at: \ncreated_at: 2013-06-13 06:50:55.448972973 Z\nupdated_at: 2013-06-13 06:50:55.448972973 Z\nid: 143\n	2013-06-13 06:50:55.472089
253	Equipment	144	create	\N	\N	2013-06-13 06:50:55.513434
254	Equipment	145	create	\N	\N	2013-06-13 06:50:55.568267
255	Equipment	145	update	\N	---\ninventory_id: 15\nroom_id: 9\nresponsible_id: 6\ndomain_name: fire 14\nmd5sum: \naccepted_at: \ndeleted_at: \nallow_del_at: \ncreated_at: 2013-06-13 06:50:55.565091180 Z\nupdated_at: 2013-06-13 06:50:55.565091180 Z\nid: 145\n	2013-06-13 06:50:55.596966
256	Equipment	146	create	\N	\N	2013-06-13 06:50:55.628633
257	Equipment	146	update	\N	---\ninventory_id: 25\nroom_id: 9\nresponsible_id: 12\ndomain_name: monster 21\nmd5sum: \naccepted_at: \ndeleted_at: \nallow_del_at: \ncreated_at: 2013-06-13 06:50:55.625521993 Z\nupdated_at: 2013-06-13 06:50:55.625521993 Z\nid: 146\n	2013-06-13 06:50:55.655577
258	Equipment	147	create	\N	\N	2013-06-13 06:50:55.689833
259	Equipment	148	create	\N	\N	2013-06-13 06:50:55.750434
260	Equipment	148	update	\N	---\ninventory_id: 15\nroom_id: 7\nresponsible_id: 20\ndomain_name: stone 5\nmd5sum: \naccepted_at: \ndeleted_at: \nallow_del_at: \ncreated_at: 2013-06-13 06:50:55.747307617 Z\nupdated_at: 2013-06-13 06:50:55.747307617 Z\nid: 148\n	2013-06-13 06:50:55.780821
261	Equipment	149	create	\N	\N	2013-06-13 06:50:55.811948
262	Equipment	149	update	\N	---\ninventory_id: 13\nroom_id: 1\nresponsible_id: 3\ndomain_name: monster 11\nmd5sum: \naccepted_at: \ndeleted_at: \nallow_del_at: \ncreated_at: 2013-06-13 06:50:55.810009500 Z\nupdated_at: 2013-06-13 06:50:55.810009500 Z\nid: 149\n	2013-06-13 06:50:55.836777
263	Equipment	150	create	\N	\N	2013-06-13 06:50:55.859642
264	Equipment	150	update	\N	---\ninventory_id: 13\nroom_id: 11\nresponsible_id: 19\ndomain_name: ice 2\nmd5sum: \naccepted_at: \ndeleted_at: \nallow_del_at: \ncreated_at: 2013-06-13 06:50:55.856525032 Z\nupdated_at: 2013-06-13 06:50:55.856525032 Z\nid: 150\n	2013-06-13 06:50:55.880775
265	Equipment	104	update	1	---\ninventory_id: 32\nroom_id: 7\nresponsible_id: 18\ndomain_name: ghost 20\nmd5sum: \naccepted_at: 2013-06-13 06:50:53.065405000 Z\ndeleted_at: 2013-06-13 06:50:53.065764000 Z\nallow_del_at: \ncreated_at: 2013-06-13 06:50:53.032548000 Z\nupdated_at: 2013-06-13 06:50:53.069333000 Z\nid: 104\n	2013-06-13 07:22:32.803501
266	Equipment	37	update	1	---\ninventory_id: 13\nroom_id: 8\nresponsible_id: 20\ndomain_name: fire 12\nmd5sum: \naccepted_at: 2013-06-13 06:50:48.805430000 Z\ndeleted_at: 2013-06-13 06:50:48.805800000 Z\nallow_del_at: \ncreated_at: 2013-06-13 06:50:48.785131000 Z\nupdated_at: 2013-06-13 06:50:48.809224000 Z\nid: 37\n	2013-06-13 07:42:38.847012
267	Equipment	119	update	16	---\ninventory_id: 15\nroom_id: 4\nresponsible_id: 16\ndomain_name: monster 23\nmd5sum: \naccepted_at: 2013-06-13 06:50:53.990886000 Z\ndeleted_at: 2013-06-13 06:50:53.991248000 Z\nallow_del_at: \ncreated_at: 2013-06-13 06:50:53.958083000 Z\nupdated_at: 2013-06-13 06:50:53.994879000 Z\nid: 119\n	2013-06-13 09:56:43.408712
268	Equipment	117	update	16	---\ninventory_id: 31\nroom_id: 8\nresponsible_id: 16\ndomain_name: monster 19\nmd5sum: \naccepted_at: 2013-06-13 06:50:53.849216000 Z\ndeleted_at: 2013-06-13 06:50:53.849596000 Z\nallow_del_at: \ncreated_at: 2013-06-13 06:50:53.825065000 Z\nupdated_at: 2013-06-13 06:50:53.853104000 Z\nid: 117\n	2013-06-13 09:56:46.614655
269	Equipment	99	update	16	---\ninventory_id: 7\nroom_id: 6\nresponsible_id: 16\ndomain_name: lib 1\nmd5sum: \naccepted_at: 2013-06-13 06:50:52.740338000 Z\ndeleted_at: 2013-06-13 06:50:52.740698000 Z\nallow_del_at: \ncreated_at: 2013-06-13 06:50:52.711454000 Z\nupdated_at: 2013-06-13 06:50:52.744165000 Z\nid: 99\n	2013-06-13 09:56:48.881716
270	Equipment	60	update	16	---\ninventory_id: 28\nroom_id: 10\nresponsible_id: 16\ndomain_name: lib 23\nmd5sum: \naccepted_at: \ndeleted_at: 2013-06-13 06:50:50.155877000 Z\nallow_del_at: \ncreated_at: 2013-06-13 06:50:50.135101000 Z\nupdated_at: 2013-06-13 06:50:50.159419000 Z\nid: 60\n	2013-06-13 09:56:51.915924
271	Equipment	58	update	16	---\ninventory_id: 5\nroom_id: 4\nresponsible_id: 16\ndomain_name: lib 3\nmd5sum: \naccepted_at: 2013-06-13 06:50:50.055983000 Z\ndeleted_at: 2013-06-13 06:50:50.056385000 Z\nallow_del_at: \ncreated_at: 2013-06-13 06:50:50.032277000 Z\nupdated_at: 2013-06-13 06:50:50.059880000 Z\nid: 58\n	2013-06-13 09:56:55.83943
272	Equipment	47	update	16	---\ninventory_id: 34\nroom_id: 1\nresponsible_id: 16\ndomain_name: stone 10\nmd5sum: \naccepted_at: \ndeleted_at: 2013-06-13 06:50:49.414570000 Z\nallow_del_at: \ncreated_at: 2013-06-13 06:50:49.392181000 Z\nupdated_at: 2013-06-13 06:50:49.418209000 Z\nid: 47\n	2013-06-13 09:57:00.289176
273	Equipment	47	update	16	---\ninventory_id: 34\nroom_id: 1\nresponsible_id: 16\ndomain_name: stone 10\nmd5sum: \naccepted_at: \ndeleted_at: \nallow_del_at: \ncreated_at: 2013-06-13 06:50:49.392181000 Z\nupdated_at: 2013-06-13 09:57:00.287951000 Z\nid: 47\n	2013-06-13 09:57:04.29744
274	Equipment	60	update	16	---\ninventory_id: 28\nroom_id: 10\nresponsible_id: 16\ndomain_name: lib 23\nmd5sum: \naccepted_at: \ndeleted_at: \nallow_del_at: \ncreated_at: 2013-06-13 06:50:50.135101000 Z\nupdated_at: 2013-06-13 09:56:51.903419000 Z\nid: 60\n	2013-06-13 09:57:11.028583
275	Equipment	99	update	16	---\ninventory_id: 7\nroom_id: 6\nresponsible_id: 16\ndomain_name: lib 1\nmd5sum: \naccepted_at: 2013-06-13 06:50:52.740338000 Z\ndeleted_at: \nallow_del_at: \ncreated_at: 2013-06-13 06:50:52.711454000 Z\nupdated_at: 2013-06-13 09:56:48.880411000 Z\nid: 99\n	2013-06-13 09:57:17.23053
276	Equipment	99	update	16	---\ninventory_id: 7\nroom_id: 6\nresponsible_id: 16\ndomain_name: lib 1\nmd5sum: \naccepted_at: \ndeleted_at: 2013-06-13 09:57:17.224367000 Z\nallow_del_at: \ncreated_at: 2013-06-13 06:50:52.711454000 Z\nupdated_at: 2013-06-13 09:57:17.228733000 Z\nid: 99\n	2013-06-13 09:57:20.504891
277	Equipment	138	update	16	---\ninventory_id: 26\nroom_id: 8\nresponsible_id: 1\ndomain_name: fire 23\nmd5sum: \naccepted_at: 2013-06-13 06:50:55.174581000 Z\ndeleted_at: \nallow_del_at: \ncreated_at: 2013-06-13 06:50:55.154869000 Z\nupdated_at: 2013-06-13 06:50:55.178123000 Z\nid: 138\n	2013-06-13 10:15:09.322343
278	Equipment	37	update	16	---\ninventory_id: 13\nroom_id: 8\nresponsible_id: 20\ndomain_name: fire 12\nmd5sum: \naccepted_at: 2013-06-13 06:50:48.805430000 Z\ndeleted_at: \nallow_del_at: \ncreated_at: 2013-06-13 06:50:48.785131000 Z\nupdated_at: 2013-06-13 07:42:38.845471000 Z\nid: 37\n	2013-06-13 10:15:23.324908
279	Equipment	99	update	16	---\ninventory_id: 7\nroom_id: 6\nresponsible_id: 16\ndomain_name: lib 1\nmd5sum: \naccepted_at: \ndeleted_at: \nallow_del_at: \ncreated_at: 2013-06-13 06:50:52.711454000 Z\nupdated_at: 2013-06-13 09:57:20.503708000 Z\nid: 99\n	2013-06-13 10:19:17.752976
\.


--
-- Name: versions_id_seq; Type: SEQUENCE SET; Schema: public; Owner: ode
--

SELECT pg_catalog.setval('versions_id_seq', 279, true);


--
-- PostgreSQL database dump complete
--

